workbook,sheet,row_number,title,type,release_date,matched_title,matched_year,openlibrary_key,library_url,cover_id,score,status,error,poster_url
STARWARS.xlsx,CANON,2,The Silent Circle (Galaxy's Edge edition),Short Story,2020-10-07 00:00:00,Star Wars: Myths and Fables,2019,/books/OL29341897M,https://openlibrary.org/books/OL29341897M/Star_Wars_Myths_and_Fables,10386157,1.0,matched,,https://covers.openlibrary.org/b/id/10386157-L.jpg
STARWARS.xlsx,CANON,3,The Skiff & the Galleons (Galaxy's Edge edition),Short Story,2020-10-07 00:00:00,Star Wars: Myths and Fables,2019,/books/OL29341897M,https://openlibrary.org/books/OL29341897M/Star_Wars_Myths_and_Fables,10386157,1.0,matched,,https://covers.openlibrary.org/b/id/10386157-L.jpg
STARWARS.xlsx,CANON,4,Vengeful Waves,Short Story,2019-08-06 00:00:00,Star Wars: Myths and Fables,2019,/books/OL29341897M,https://openlibrary.org/books/OL29341897M/Star_Wars_Myths_and_Fables,10386157,1.0,matched,,https://covers.openlibrary.org/b/id/10386157-L.jpg
STARWARS.xlsx,CANON,5,The Gilded Cage,Short Story,2020-07-28 00:00:00,Star Wars: Dark Legends,2020,/books/OL29843080M,https://openlibrary.org/books/OL29843080M/Star_Wars_Dark_Legends,11203262,1.0,matched,,https://covers.openlibrary.org/b/id/11203262-L.jpg
STARWARS.xlsx,CANON,6,Gaze of Stone,Short Story,2019-08-06 00:00:00,Star Wars: Myths and Fables,2019,/books/OL29341897M,https://openlibrary.org/books/OL29341897M/Star_Wars_Myths_and_Fables,10386157,1.0,matched,,https://covers.openlibrary.org/b/id/10386157-L.jpg
STARWARS.xlsx,CANON,7,A Life Immortal,Short Story,2020-07-28 00:00:00,Star Wars: Dark Legends,2020,/books/OL29843080M,https://openlibrary.org/books/OL29843080M/Star_Wars_Dark_Legends,11203262,1.0,matched,,https://covers.openlibrary.org/b/id/11203262-L.jpg
STARWARS.xlsx,CANON,8,Blood Moon,Short Story,2020-07-28 00:00:00,Star Wars: Dark Legends,2020,/books/OL29843080M,https://openlibrary.org/books/OL29843080M/Star_Wars_Dark_Legends,11203262,1.0,matched,,https://covers.openlibrary.org/b/id/11203262-L.jpg
STARWARS.xlsx,CANON,9,The Sleep of Ages (Target-exclusive edition),Short Story,2020-08-30 00:00:00,Star Wars: Dark Legends,2020,/books/OL29843080M,https://openlibrary.org/books/OL29843080M/Star_Wars_Dark_Legends,11203262,1.0,matched,,https://covers.openlibrary.org/b/id/11203262-L.jpg
STARWARS.xlsx,CANON,10,The Black Spire,Short Story,2019-08-06 00:00:00,Star Wars: Myths and Fables,2019,/books/OL29341897M,https://openlibrary.org/books/OL29341897M/Star_Wars_Myths_and_Fables,10386157,1.0,matched,,https://covers.openlibrary.org/b/id/10386157-L.jpg
STARWARS.xlsx,CANON,11,The Wanderer,Short Story,2019-08-06 00:00:00,Star Wars: Myths and Fables,2019,/books/OL29341897M,https://openlibrary.org/books/OL29341897M/Star_Wars_Myths_and_Fables,10386157,1.0,matched,,https://covers.openlibrary.org/b/id/10386157-L.jpg
STARWARS.xlsx,CANON,12,The Queen's Bloom,Short Story,2023-09-05 00:00:00,Tales of Light and Life,2023,/books/OL42793880M,https://openlibrary.org/books/OL42793880M/Tales_of_Light_and_Life,14425634,1.0,matched,,https://covers.openlibrary.org/b/id/14425634-L.jpg
STARWARS.xlsx,CANON,49,Shield of the Jedi,Short Story,2023-09-05 00:00:00,Tales of Light and Life,2023,/books/OL42793880M,https://openlibrary.org/books/OL42793880M/Tales_of_Light_and_Life,14425634,1.0,matched,,https://covers.openlibrary.org/b/id/14425634-L.jpg
STARWARS.xlsx,CANON,51,A Closed Fist Has No Claws,Short Story,2023-09-05 00:00:00,Tales of Light and Life,2023,/books/OL42793880M,https://openlibrary.org/books/OL42793880M/Tales_of_Light_and_Life,14425634,1.0,matched,,https://covers.openlibrary.org/b/id/14425634-L.jpg
STARWARS.xlsx,CANON,59,What a Jedi Makes,Short Story,2022-06-07 00:00:00,Stories of Jedi and Sith,2022,/books/OL36054858M,https://openlibrary.org/books/OL36054858M/Stories_of_Jedi_and_Sith,12876365,1.0,matched,,https://covers.openlibrary.org/b/id/12876365-L.jpg
STARWARS.xlsx,CANON,63,Young Jedi Adventures: Yoda's Mission,Book (Junior),2023-05-04 00:00:00,Yoda's Mission (Star Wars : Young Jedi Adventures),2023,/books/OL49315778M,https://openlibrary.org/books/OL49315778M/Yoda's_Mission_(Star_Wars_Young_Jedi_Adventures),14616703,1.0,matched,,https://covers.openlibrary.org/b/id/14616703-L.jpg
STARWARS.xlsx,CANON,66,Get Well Nubs! Little Golden Book,Book (Junior),2023-07-25 00:00:00,"Star Wars : Young Jedi Adventures: Get Well, Nubs!",2023,/books/OL51649668M,https://openlibrary.org/books/OL51649668M/Star_Wars_Young_Jedi_Adventures_Get_Well_Nubs!,14616702,1.0,matched,,https://covers.openlibrary.org/b/id/14616702-L.jpg
STARWARS.xlsx,CANON,68,Snowy Mountain Rescue Little Golden Book,Book (Junior),2024-09-03 00:00:00,Star Wars Young Jedi Adventures: Snowy Mountain Rescue,2024,/books/OL51649688M,https://openlibrary.org/books/OL51649688M/Star_Wars_Young_Jedi_Adventures_Snowy_Mountain_Rescue,15218340,1.0,matched,,https://covers.openlibrary.org/b/id/15218340-L.jpg
STARWARS.xlsx,CANON,70,The Jellyfruit Pursuit Little Golden Book,Book (Junior),2024-01-02 00:00:00,Jellyfruit Pursuit (Star Wars: Young Jedi Adventures),2024,/books/OL51111008M,https://openlibrary.org/books/OL51111008M/Jellyfruit_Pursuit_(Star_Wars_Young_Jedi_Adventures),14616705,1.0,matched,,https://covers.openlibrary.org/b/id/14616705-L.jpg
STARWARS.xlsx,CANON,73,Young Jedi Adventures: Jedi Training,Book (Junior),2023-05-02 00:00:00,Star Wars : Young Jedi Adventures,2023,/books/OL48273604M,https://openlibrary.org/books/OL48273604M/Star_Wars_Young_Jedi_Adventures,14616700,1.0,matched,,https://covers.openlibrary.org/b/id/14616700-L.jpg
STARWARS.xlsx,CANON,81,Young Jedi Adventures: The Charhound Chase,Book (Junior),2024-07-24 00:00:00,World of Reading : Star Wars : Young Jedi Adventures,2024,/books/OL51098828M,https://openlibrary.org/books/OL51098828M/World_of_Reading_Star_Wars_Young_Jedi_Adventures,14616709,1.0,matched,,https://covers.openlibrary.org/b/id/14616709-L.jpg
STARWARS.xlsx,CANON,86,Young Jedi Adventures: The Harvest Feast,Book (Junior),2024-09-03 00:00:00,World of Reading : Star Wars : Young Jedi Adventures,2024,/books/OL50723771M,https://openlibrary.org/books/OL50723771M/World_of_Reading_Star_Wars_Young_Jedi_Adventures,14616714,1.0,matched,,https://covers.openlibrary.org/b/id/14616714-L.jpg
STARWARS.xlsx,CANON,95,Young Jedi Adventures: Pop-Up Peekaboo!,Book (Junior),2024-06-04 00:00:00,Pop-Up Peekaboo! Star Wars Young Jedi Adventures,2024,/books/OL50653448M,https://openlibrary.org/books/OL50653448M/Pop-Up_Peekaboo!_Star_Wars_Young_Jedi_Adventures,14616710,1.0,matched,,https://covers.openlibrary.org/b/id/14616710-L.jpg
STARWARS.xlsx,CANON,106,Jedi Brave in Every Way,Book (Junior),2023-10-10 00:00:00,Star Wars: The High Republic: Jedi Brave in Every Way,2023,/books/OL51649678M,https://openlibrary.org/books/OL51649678M/Star_Wars_The_High_Republic_Jedi_Brave_in_Every_Way,14616704,1.0,matched,,https://covers.openlibrary.org/b/id/14616704-L.jpg
STARWARS.xlsx,CANON,167,Introduction,Short Story,2021-09-07 00:00:00,Star Wars Life Day Treasury,2021,/books/OL34179533M,https://openlibrary.org/books/OL34179533M/Star_Wars_Life_Day_Treasury,12393604,1.0,matched,,https://covers.openlibrary.org/b/id/12393604-L.jpg
STARWARS.xlsx,CANON,168,A Coruscant Solstice,Short Story,2021-09-07 00:00:00,Star Wars Life Day Treasury,2021,/books/OL34179533M,https://openlibrary.org/books/OL34179533M/Star_Wars_Life_Day_Treasury,12393604,1.0,matched,,https://covers.openlibrary.org/b/id/12393604-L.jpg
STARWARS.xlsx,CANON,169,A Bitter Harvest (Target-exclusive edition),Short Story,2020-08-30 00:00:00,Star Wars: Dark Legends,2020,/books/OL29843080M,https://openlibrary.org/books/OL29843080M/Star_Wars_Dark_Legends,11203262,1.0,matched,,https://covers.openlibrary.org/b/id/11203262-L.jpg
STARWARS.xlsx,CANON,194,The Lonely Traveler is Home,Short Story,2023-09-05 00:00:00,Tales of Light and Life,2023,/books/OL42793880M,https://openlibrary.org/books/OL42793880M/Tales_of_Light_and_Life,14425634,1.0,matched,,https://covers.openlibrary.org/b/id/14425634-L.jpg
STARWARS.xlsx,CANON,223,After the Fall,Short Story,2023-09-05 00:00:00,Tales of Light and Life,2023,/books/OL42793880M,https://openlibrary.org/books/OL42793880M/Tales_of_Light_and_Life,14425634,1.0,matched,,https://covers.openlibrary.org/b/id/14425634-L.jpg
STARWARS.xlsx,CANON,225,The Call of Coruscant,Short Story,2023-09-05 00:00:00,Tales of Light and Life,2023,/books/OL42793880M,https://openlibrary.org/books/OL42793880M/Tales_of_Light_and_Life,14425634,1.0,matched,,https://covers.openlibrary.org/b/id/14425634-L.jpg
STARWARS.xlsx,CANON,233,The Force Provides,Short Story,2023-09-05 00:00:00,Tales of Light and Life,2023,/books/OL42793880M,https://openlibrary.org/books/OL42793880M/Tales_of_Light_and_Life,14425634,1.0,matched,,https://covers.openlibrary.org/b/id/14425634-L.jpg
STARWARS.xlsx,CANON,234,All Jedi Walk Their Own Path,Short Story,2023-09-05 00:00:00,Tales of Light and Life,2023,/books/OL42793880M,https://openlibrary.org/books/OL42793880M/Tales_of_Light_and_Life,14425634,1.0,matched,,https://covers.openlibrary.org/b/id/14425634-L.jpg
STARWARS.xlsx,CANON,235,Light in the Darkness,Short Story,2023-09-05 00:00:00,Tales of Light and Life,2023,/books/OL42793880M,https://openlibrary.org/books/OL42793880M/Tales_of_Light_and_Life,14425634,1.0,matched,,https://covers.openlibrary.org/b/id/14425634-L.jpg
STARWARS.xlsx,CANON,236,Rogue Element,Short Story,2023-09-05 00:00:00,Tales of Light and Life,2023,/books/OL42793880M,https://openlibrary.org/books/OL42793880M/Tales_of_Light_and_Life,14425634,1.0,matched,,https://covers.openlibrary.org/b/id/14425634-L.jpg
STARWARS.xlsx,CANON,323,A Recipe for Death,Short Story,2015-12-01 00:00:00,Star Wars: Aliens,2016,/books/OL28158190M,https://openlibrary.org/books/OL28158190M/Star_Wars_Aliens,10098005,1.0,matched,,https://covers.openlibrary.org/b/id/10098005-L.jpg
STARWARS.xlsx,CANON,324,The Acolyte: The Crystal Crown,Novel (Young Adult),2025-07-29 00:00:00,,,,https://openlibrary.org/books/OL57573499M/Star_Wars_the_Acolyte,,0.0,no_match,,
STARWARS.xlsx,CANON,335,Hyperspace Stories: Mace,Graphic Novel,2026-10-20 00:00:00,,,,,,0.0,no_match,,
STARWARS.xlsx,CANON,347,Resolve,Short Story,2022-06-07 00:00:00,Stories of Jedi and Sith,2022,/books/OL36054858M,https://openlibrary.org/books/OL36054858M/Stories_of_Jedi_and_Sith,12876365,1.0,matched,,https://covers.openlibrary.org/b/id/12876365-L.jpg
STARWARS.xlsx,CANON,348,Size Matters Not,Short Story (Junior),2018-10-02 00:00:00,Size Matters Not,2010,/works/OL19919714W,https://openlibrary.org/books/OL26975004M/Star_Wars_galactic_adventures_storybook_collection,8741459,0.92,review,,https://covers.openlibrary.org/b/id/8741459-L.jpg
STARWARS.xlsx,CANON,360,An Unwilling Apprentice (Galaxy's Edge edition),Short Story,2020-10-07 00:00:00,Star Wars: Myths and Fables,2019,/books/OL29341897M,https://openlibrary.org/books/OL29341897M/Star_Wars_Myths_and_Fables,10386157,1.0,matched,,https://covers.openlibrary.org/b/id/10386157-L.jpg
STARWARS.xlsx,CANON,372,Darth Maul and the Rathtars,Short Story (Junior),2018-10-02 00:00:00,,,,https://openlibrary.org/books/OL26975004M/Star_Wars_galactic_adventures_storybook_collection,,0.0,no_match,,
STARWARS.xlsx,CANON,384,Hyperspace Stories: Qui-Gon,Graphic Novel,2025-03-04 00:00:00,,,,,,0.0,no_match,,
STARWARS.xlsx,CANON,387,The Phantom Menace Little Golden Book,Book (Junior),2015-07-28 00:00:00,,,,,,0.0,no_match,,
STARWARS.xlsx,CANON,388,The Phantom Menace Read-Along Storybook,Book (Junior),2017-01-03 00:00:00,,,,,,0.0,no_match,,
STARWARS.xlsx,CANON,389,Epic Adventures: The Phantom Menace,Book (Junior),2019-05-01 00:00:00,,,,,,0.0,no_match,,
STARWARS.xlsx,CANON,390,The Phantom Menace Graphic Novel,Graphic Novel,2021-07-13 00:00:00,,,,,,0.0,no_match,,
STARWARS.xlsx,CANON,391,Short Negotiations,Short Story (Junior),2017-09-26 00:00:00,Star Wars,2017,/books/OL28133756M,https://openlibrary.org/books/OL28133756M/Star_Wars,10077386,1.0,matched,,https://covers.openlibrary.org/b/id/10077386-L.jpg
STARWARS.xlsx,CANON,392,Short Negotiations,Short Story (Junior),2017-12-15 00:00:00,5-minute Star Wars stories strike back,2017,/books/OL26411796M,https://openlibrary.org/books/OL26411796M/5-minute_Star_Wars_stories_strike_back,8114257,1.0,matched,,https://covers.openlibrary.org/b/id/8114257-L.jpg
STARWARS.xlsx,CANON,393,Escaping Naboo,Short Story (Junior),2017-09-26 00:00:00,Star Wars,2017,/books/OL28133756M,https://openlibrary.org/books/OL28133756M/Star_Wars,10077386,1.0,matched,,https://covers.openlibrary.org/b/id/10077386-L.jpg
STARWARS.xlsx,CANON,394,Race to the Finish Line,Short Story (Junior),2015-12-18 00:00:00,5-Minute Star Wars Stories,2015,/books/OL25942386M,https://openlibrary.org/books/OL25942386M/5-Minute_Star_Wars_Stories,7441737,1.0,matched,,https://covers.openlibrary.org/b/id/7441737-L.jpg
STARWARS.xlsx,CANON,395,The Path of a Podracer,Short Story (Junior),2017-09-26 00:00:00,Star Wars,2017,/books/OL28133756M,https://openlibrary.org/books/OL28133756M/Star_Wars,10077386,1.0,matched,,https://covers.openlibrary.org/b/id/10077386-L.jpg
STARWARS.xlsx,CANON,397,A Different Path,Short Story (Junior),2017-09-26 00:00:00,Star Wars,2017,/books/OL28133756M,https://openlibrary.org/books/OL28133756M/Star_Wars,10077386,1.0,matched,,https://covers.openlibrary.org/b/id/10077386-L.jpg
STARWARS.xlsx,CANON,398,Droid Attack!,Short Story (Junior),2017-09-26 00:00:00,Star Wars,2017,/books/OL28133756M,https://openlibrary.org/books/OL28133756M/Star_Wars,10077386,1.0,matched,,https://covers.openlibrary.org/b/id/10077386-L.jpg
STARWARS.xlsx,CANON,399,The Final Fight,Short Story (Junior),2017-09-26 00:00:00,Star Wars,2017,/books/OL28133756M,https://openlibrary.org/books/OL28133756M/Star_Wars,10077386,1.0,matched,,https://covers.openlibrary.org/b/id/10077386-L.jpg
STARWARS.xlsx,CANON,407,A Jedi's Control,Short Story (Junior),2018-10-02 00:00:00,,,,https://openlibrary.org/books/OL26975004M/Star_Wars_galactic_adventures_storybook_collection,,0.0,no_match,,
STARWARS.xlsx,CANON,416,Choose Your Destiny: An Obi-Wan & Anakin Adventure,Novel (Middle-Grade),2019-03-19 00:00:00,An Obi-Wan & Anakin Adventure,2019,/books/OL28905958M,https://openlibrary.org/books/OL28905958M/An_Obi-Wan_Anakin_Adventure,11213649,1.0,matched,,https://covers.openlibrary.org/b/id/11213649-L.jpg
STARWARS.xlsx,CANON,424,Attack of the Clones Little Golden Book,Book (Junior),2015-07-28 00:00:00,,,,,,0.0,no_match,,
STARWARS.xlsx,CANON,425,Attack of the Clones Read-Along Storybook,Book (Junior),2017-02-07 00:00:00,,,,,,0.0,no_match,,
STARWARS.xlsx,CANON,426,Epic Adventures: Attack of the Clones,Book (Junior),2019-06-01 00:00:00,,,,,,0.0,no_match,,
STARWARS.xlsx,CANON,427,Attack of the Clones Graphic Novel,Graphic Novel,2021-12-14 00:00:00,,,,,,0.0,no_match,,
STARWARS.xlsx,CANON,428,Ambushed!,Short Story (Junior),2017-09-26 00:00:00,Star Wars,2017,/books/OL28133756M,https://openlibrary.org/books/OL28133756M/Star_Wars,10077386,1.0,matched,,https://covers.openlibrary.org/b/id/10077386-L.jpg
STARWARS.xlsx,CANON,430,The Secret Army,Short Story (Junior),2017-09-26 00:00:00,Star Wars,2017,/books/OL28133756M,https://openlibrary.org/books/OL28133756M/Star_Wars,10077386,1.0,matched,,https://covers.openlibrary.org/b/id/10077386-L.jpg
STARWARS.xlsx,CANON,431,Anakin's Vow,Short Story (Junior),2017-09-26 00:00:00,Star Wars,2017,/books/OL28133756M,https://openlibrary.org/books/OL28133756M/Star_Wars,10077386,1.0,matched,,https://covers.openlibrary.org/b/id/10077386-L.jpg
STARWARS.xlsx,CANON,432,A Deadly Plot,Short Story (Junior),2017-09-26 00:00:00,Star Wars,2017,/books/OL28133756M,https://openlibrary.org/books/OL28133756M/Star_Wars,10077386,1.0,matched,,https://covers.openlibrary.org/b/id/10077386-L.jpg
STARWARS.xlsx,CANON,433,Into the Arena,Short Story (Junior),2017-09-26 00:00:00,Star Wars,2017,/books/OL28133756M,https://openlibrary.org/books/OL28133756M/Star_Wars,10077386,1.0,matched,,https://covers.openlibrary.org/b/id/10077386-L.jpg
STARWARS.xlsx,CANON,434,Adventure in the Arena,Short Story (Junior),2017-12-15 00:00:00,5-minute Star Wars stories strike back,2017,/books/OL26411796M,https://openlibrary.org/books/OL26411796M/5-minute_Star_Wars_stories_strike_back,8114257,1.0,matched,,https://covers.openlibrary.org/b/id/8114257-L.jpg
STARWARS.xlsx,CANON,435,The Brink of War,Short Story (Junior),2017-09-26 00:00:00,Star Wars,2017,/books/OL28133756M,https://openlibrary.org/books/OL28133756M/Star_Wars,10077386,1.0,matched,,https://covers.openlibrary.org/b/id/10077386-L.jpg
STARWARS.xlsx,CANON,436,Yoda and the Count,Short Story (Junior),2015-12-18 00:00:00,5-Minute Star Wars Stories,2015,/books/OL25942386M,https://openlibrary.org/books/OL25942386M/5-Minute_Star_Wars_Stories,7441737,1.0,matched,,https://covers.openlibrary.org/b/id/7441737-L.jpg
STARWARS.xlsx,CANON,446,My First Comic Reader,Book (Junior),2022-12-21 00:00:00,,,,,,0.0,no_match,,
STARWARS.xlsx,CANON,448,The Eye of the Beholder,Short Story,2022-06-07 00:00:00,Stories of Jedi and Sith,2022,/books/OL36054858M,https://openlibrary.org/books/OL36054858M/Stories_of_Jedi_and_Sith,12876365,1.0,matched,,https://covers.openlibrary.org/b/id/12876365-L.jpg
STARWARS.xlsx,CANON,449,Hyperspace Stories: Grievous,Graphic Novel,2026-03-17 00:00:00,,,,,,0.0,no_match,,
STARWARS.xlsx,CANON,461,The Droid with a Heart,Short Story,2019-08-06 00:00:00,Star Wars: Myths and Fables,2019,/books/OL29341897M,https://openlibrary.org/books/OL29341897M/Star_Wars_Myths_and_Fables,10386157,1.0,matched,,https://covers.openlibrary.org/b/id/10386157-L.jpg
STARWARS.xlsx,CANON,470,Sharing the Same Face,Short Story,2020-08-25 00:00:00,Star Wars the Clone Wars,2020,/books/OL30195929M,https://openlibrary.org/books/OL30195929M/Star_Wars_the_Clone_Wars,11240021,1.0,matched,,https://covers.openlibrary.org/b/id/11240021-L.jpg
STARWARS.xlsx,CANON,482,Dooku Captured,Short Story,2020-08-25 00:00:00,Star Wars the Clone Wars,2020,/books/OL30195929M,https://openlibrary.org/books/OL30195929M/Star_Wars_the_Clone_Wars,11240021,1.0,matched,,https://covers.openlibrary.org/b/id/11240021-L.jpg
STARWARS.xlsx,CANON,500,A Jedi's Duty,Short Story,2022-06-07 00:00:00,Stories of Jedi and Sith,2022,/books/OL36054858M,https://openlibrary.org/books/OL36054858M/Stories_of_Jedi_and_Sith,12876365,1.0,matched,,https://covers.openlibrary.org/b/id/12876365-L.jpg
STARWARS.xlsx,CANON,505,Worthless,Short Story,2022-06-07 00:00:00,Stories of Jedi and Sith,2022,/books/OL36054858M,https://openlibrary.org/books/OL36054858M/Stories_of_Jedi_and_Sith,12876365,1.0,matched,,https://covers.openlibrary.org/b/id/12876365-L.jpg
STARWARS.xlsx,CANON,532,Hostage Crisis,Short Story,2020-08-25 00:00:00,Star Wars the Clone Wars,2020,/books/OL30195929M,https://openlibrary.org/books/OL30195929M/Star_Wars_the_Clone_Wars,11240021,1.0,matched,,https://covers.openlibrary.org/b/id/11240021-L.jpg
STARWARS.xlsx,CANON,547,Pursuit of Peace,Short Story,2020-08-25 00:00:00,Star Wars the Clone Wars,2020,/books/OL30195929M,https://openlibrary.org/books/OL30195929M/Star_Wars_the_Clone_Wars,11240021,1.0,matched,,https://covers.openlibrary.org/b/id/11240021-L.jpg
STARWARS.xlsx,CANON,572,The Shadow of Umbara,Short Story,2020-08-25 00:00:00,Star Wars the Clone Wars,2020,/books/OL30195929M,https://openlibrary.org/books/OL30195929M/Star_Wars_the_Clone_Wars,11240021,1.0,matched,,https://covers.openlibrary.org/b/id/11240021-L.jpg
STARWARS.xlsx,CANON,585,Bane's Story,Short Story,2020-08-25 00:00:00,Star Wars the Clone Wars,2020,/books/OL30195929M,https://openlibrary.org/books/OL30195929M/Star_Wars_the_Clone_Wars,11240021,1.0,matched,,https://covers.openlibrary.org/b/id/11240021-L.jpg
STARWARS.xlsx,CANON,588,The Lost Nightsister,Short Story,2020-08-25 00:00:00,Star Wars the Clone Wars,2020,/books/OL30195929M,https://openlibrary.org/books/OL30195929M/Star_Wars_the_Clone_Wars,11240021,1.0,matched,,https://covers.openlibrary.org/b/id/11240021-L.jpg
STARWARS.xlsx,CANON,592,Dark Vengeance,Short Story,2020-08-25 00:00:00,Star Wars the Clone Wars,2020,/books/OL30195929M,https://openlibrary.org/books/OL30195929M/Star_Wars_the_Clone_Wars,11240021,1.0,matched,,https://covers.openlibrary.org/b/id/11240021-L.jpg
STARWARS.xlsx,CANON,601,Almost a Jedi,Short Story,2020-08-25 00:00:00,Star Wars the Clone Wars,2020,/books/OL30195929M,https://openlibrary.org/books/OL30195929M/Star_Wars_the_Clone_Wars,11240021,1.0,matched,,https://covers.openlibrary.org/b/id/11240021-L.jpg
STARWARS.xlsx,CANON,606,The Dark Mirror,Short Story,2020-07-28 00:00:00,Star Wars: Dark Legends,2020,/books/OL29843080M,https://openlibrary.org/books/OL29843080M/Star_Wars_Dark_Legends,11203262,1.0,matched,,https://covers.openlibrary.org/b/id/11203262-L.jpg
STARWARS.xlsx,CANON,607,Bug,Short Story,2020-08-25 00:00:00,Star Wars the Clone Wars,2020,/books/OL30195929M,https://openlibrary.org/books/OL30195929M/Star_Wars_the_Clone_Wars,11240021,1.0,matched,,https://covers.openlibrary.org/b/id/11240021-L.jpg
STARWARS.xlsx,CANON,613,Kenobi's Shadow,Short Story,2020-08-25 00:00:00,Star Wars the Clone Wars,2020,/books/OL30195929M,https://openlibrary.org/books/OL30195929M/Star_Wars_the_Clone_Wars,11240021,1.0,matched,,https://covers.openlibrary.org/b/id/11240021-L.jpg
STARWARS.xlsx,CANON,653,Star Wars Outlaws: Low Red Moon,Novel,2026-02-03 00:00:00,Star Wars Outlaws: Low Red Moon,2026,/works/OL45343245W,https://openlibrary.org/books/OL61800389M/Star_Wars_Outlaws_Low_Red_Moon,,1.0,review,,
STARWARS.xlsx,CANON,655,Revenge of the Sith Little Golden Book,Book (Junior),2015-07-28 00:00:00,,,,,,0.0,no_match,,
STARWARS.xlsx,CANON,656,Revenge of the Sith Read-Along Storybook,Book (Junior),2017-03-07 00:00:00,,,,,,0.0,no_match,,
STARWARS.xlsx,CANON,657,The Last Adventure,Short Story (Junior),2015-12-18 00:00:00,5-Minute Star Wars Stories,2015,/books/OL25942386M,https://openlibrary.org/books/OL25942386M/5-Minute_Star_Wars_Stories,7441737,1.0,matched,,https://covers.openlibrary.org/b/id/7441737-L.jpg
STARWARS.xlsx,CANON,658,The Duel With Dooku,Short Story (Junior),2017-09-26 00:00:00,Star Wars,2017,/books/OL28133756M,https://openlibrary.org/books/OL28133756M/Star_Wars,10077386,1.0,matched,,https://covers.openlibrary.org/b/id/10077386-L.jpg
STARWARS.xlsx,CANON,662,The Cyborg and the Jedi,Short Story (Junior),2017-09-26 00:00:00,Star Wars,2017,/books/OL28133756M,https://openlibrary.org/books/OL28133756M/Star_Wars,10077386,1.0,matched,,https://covers.openlibrary.org/b/id/10077386-L.jpg
STARWARS.xlsx,CANON,663,The Duel for Peace,Short Story (Junior),2017-12-15 00:00:00,5-minute Star Wars stories strike back,2017,/books/OL26411796M,https://openlibrary.org/books/OL26411796M/5-minute_Star_Wars_stories_strike_back,8114257,1.0,matched,,https://covers.openlibrary.org/b/id/8114257-L.jpg
STARWARS.xlsx,CANON,664,Driven to the Dark Side,Short Story (Junior),2017-09-26 00:00:00,Star Wars,2017,/books/OL28133756M,https://openlibrary.org/books/OL28133756M/Star_Wars,10077386,1.0,matched,,https://covers.openlibrary.org/b/id/10077386-L.jpg
STARWARS.xlsx,CANON,665,Empire Ascendant,Short Story (Junior),2017-09-26 00:00:00,Star Wars,2017,/books/OL28133756M,https://openlibrary.org/books/OL28133756M/Star_Wars,10077386,1.0,matched,,https://covers.openlibrary.org/b/id/10077386-L.jpg
STARWARS.xlsx,CANON,669,The Leviathan (Target-exclusive edition),Short Story,2020-08-30 00:00:00,Star Wars: Myths and Fables,2019,/books/OL29341897M,https://openlibrary.org/books/OL29341897M/Star_Wars_Myths_and_Fables,10386157,1.0,matched,,https://covers.openlibrary.org/b/id/10386157-L.jpg
STARWARS.xlsx,CANON,670,The Rule of Two,Short Story (Junior),2017-09-26 00:00:00,Star Wars,2017,/books/OL28133756M,https://openlibrary.org/books/OL28133756M/Star_Wars,10077386,1.0,matched,,https://covers.openlibrary.org/b/id/10077386-L.jpg
STARWARS.xlsx,CANON,671,Darth Vader Rises,Short Story (Junior),2017-09-26 00:00:00,Star Wars,2017,/books/OL28133756M,https://openlibrary.org/books/OL28133756M/Star_Wars,10077386,1.0,matched,,https://covers.openlibrary.org/b/id/10077386-L.jpg
STARWARS.xlsx,CANON,672,A Jedi Tale,Short Story (Junior),2021-01-05 00:00:00,,,,https://openlibrary.org/books/OL30080575M/Star_Wars_Galactic_Storybook,,0.0,no_match,,
STARWARS.xlsx,CANON,678,Darth Vader and the Weapon of a Sith,Short Story (Junior),2018-10-02 00:00:00,,,,https://openlibrary.org/books/OL26975004M/Star_Wars_galactic_adventures_storybook_collection,,0.0,no_match,,
STARWARS.xlsx,CANON,736,Sanctuary: A Bad Batch Novel,Novel,2025-08-05 00:00:00,,,,https://openlibrary.org/books/OL60502256M/Star_Wars_Sanctuary_A_Bad_Batch_Novel,,0.0,no_match,,
STARWARS.xlsx,CANON,740,The Knight & the Dragon,Short Story,2019-08-06 00:00:00,Star Wars: Myths and Fables,2019,/books/OL29341897M,https://openlibrary.org/books/OL29341897M/Star_Wars_Myths_and_Fables,10386157,1.0,matched,,https://covers.openlibrary.org/b/id/10386157-L.jpg
STARWARS.xlsx,CANON,741,The Orphanage,Short Story,2020-07-28 00:00:00,Star Wars: Dark Legends,2020,/books/OL29843080M,https://openlibrary.org/books/OL29843080M/Star_Wars_Dark_Legends,11203262,1.0,matched,,https://covers.openlibrary.org/b/id/11203262-L.jpg
STARWARS.xlsx,CANON,742,The Dark Wraith,Short Story,2019-08-06 00:00:00,Star Wars: Myths and Fables,2019,/books/OL29341897M,https://openlibrary.org/books/OL29341897M/Star_Wars_Myths_and_Fables,10386157,1.0,matched,,https://covers.openlibrary.org/b/id/10386157-L.jpg
STARWARS.xlsx,CANON,743,The Predecessor,Short Story,2020-07-28 00:00:00,Star Wars: Dark Legends,2020,/books/OL29843080M,https://openlibrary.org/books/OL29843080M/Star_Wars_Dark_Legends,11203262,1.0,matched,,https://covers.openlibrary.org/b/id/11203262-L.jpg
STARWARS.xlsx,CANON,744,Hiding from the Dark,Novel (Middle-Grade),2026-09-01 00:00:00,"The flash of forked lightning from the dark thunder cloud! - murder will not hide! - Wm. Martin, the natural philosopher's improvement of Newcastle and Gateshead, and the river Tyne",1834,/works/OL44736882W,,,0.159,review,,
STARWARS.xlsx,CANON,754,Adventures in Wild Space: The Escape,Novel (Middle-Grade),2016-02-25 00:00:00,Star Wars: The Escape,2016,/books/OL32244575M,https://openlibrary.org/books/OL32244575M/Star_Wars_The_Escape,10875259,1.0,matched,,https://covers.openlibrary.org/b/id/10875259-L.jpg
STARWARS.xlsx,CANON,755,Adventures in Wild Space: The Snare,Novel (Middle-Grade),2016-02-25 00:00:00,Star Wars: The Snare,2016,/books/OL32244622M,https://openlibrary.org/books/OL32244622M/Star_Wars_The_Snare,10875277,1.0,matched,,https://covers.openlibrary.org/b/id/10875277-L.jpg
STARWARS.xlsx,CANON,756,Adventures in Wild Space: The Nest,Novel (Middle-Grade),2016-02-25 00:00:00,The Nest,2016,/books/OL27243639M,https://openlibrary.org/books/OL27243639M/The_Nest,8746038,1.0,matched,,https://covers.openlibrary.org/b/id/8746038-L.jpg
STARWARS.xlsx,CANON,757,Adventures in Wild Space: The Steal,Novel (Middle-Grade),2016-06-30 00:00:00,Star Wars: The Steal,2016,/books/OL32245097M,https://openlibrary.org/books/OL32245097M/Star_Wars_The_Steal,10875674,1.0,matched,,https://covers.openlibrary.org/b/id/10875674-L.jpg
STARWARS.xlsx,CANON,758,Adventures in Wild Space: The Dark,Novel (Middle-Grade),2016-06-30 00:00:00,Star Wars: The Dark,2016,/books/OL32245118M,https://openlibrary.org/books/OL32245118M/Star_Wars_The_Dark,10875690,1.0,matched,,https://covers.openlibrary.org/b/id/10875690-L.jpg
STARWARS.xlsx,CANON,759,Adventures in Wild Space: The Cold,Novel (Middle-Grade),2017-03-09 00:00:00,Star Wars: The Cold,2017,/books/OL32245134M,https://openlibrary.org/books/OL32245134M/Star_Wars_The_Cold,10875711,1.0,matched,,https://covers.openlibrary.org/b/id/10875711-L.jpg
STARWARS.xlsx,CANON,760,Adventures in Wild Space: The Rescue,Novel (Middle-Grade),2017-05-04 00:00:00,Star Wars: The Rescue,2017,/books/OL26842822M,https://openlibrary.org/books/OL26842822M/Star_Wars_The_Rescue,8530407,1.0,matched,,https://covers.openlibrary.org/b/id/8530407-L.jpg
STARWARS.xlsx,CANON,763,The Spirit of Life Day,Short Story,2021-09-07 00:00:00,Star Wars Life Day Treasury,2021,/books/OL34179533M,https://openlibrary.org/books/OL34179533M/Star_Wars_Life_Day_Treasury,12393604,1.0,matched,,https://covers.openlibrary.org/b/id/12393604-L.jpg
STARWARS.xlsx,CANON,809,The Song of Winter's Heart,Short Story,2021-09-07 00:00:00,Star Wars Life Day Treasury,2021,/books/OL34179533M,https://openlibrary.org/books/OL34179533M/Star_Wars_Life_Day_Treasury,12393604,1.0,matched,,https://covers.openlibrary.org/b/id/12393604-L.jpg
STARWARS.xlsx,CANON,810,Mercy Mission,Short Story,2015-10-06 00:00:00,"The Rise of the Empire : Star Wars : Featuring the novels Star Wars : Tarkin, Star Wars",2015,/books/OL28255194M,https://openlibrary.org/books/OL28255194M/The_Rise_of_the_Empire_Star_Wars_Featuring_the_novels_Star_Wars_Tarkin_Star_Wars,10184488,1.0,matched,,https://covers.openlibrary.org/b/id/10184488-L.jpg
STARWARS.xlsx,CANON,829,Lando's Luck,Novel (Middle-Grade),2018-10-02 00:00:00,Lando's Luck,2018,/books/OL26974559M,https://openlibrary.org/books/OL26974559M/Lando%27s_Luck,10868601,1.0,matched,,https://covers.openlibrary.org/b/id/10868601-L.jpg
STARWARS.xlsx,CANON,830,Bottleneck,Short Story,2015-10-06 00:00:00,"The Rise of the Empire : Star Wars : Featuring the novels Star Wars : Tarkin, Star Wars",2015,/books/OL28255194M,https://openlibrary.org/books/OL28255194M/The_Rise_of_the_Empire_Star_Wars_Featuring_the_novels_Star_Wars_Tarkin_Star_Wars,10184488,1.0,matched,,https://covers.openlibrary.org/b/id/10184488-L.jpg
STARWARS.xlsx,CANON,837,Solo: A Star Wars Story Little Golden Book,Book (Junior),2018-12-24 00:00:00,,,,,,0.0,no_match,,
STARWARS.xlsx,CANON,838,Solo: A Star Wars Story Read Along Storybook,Book (Junior),2018-09-04 00:00:00,,,,,,0.0,no_match,,
STARWARS.xlsx,CANON,839,Solo: A Star Wars Story: Meet the Crew,Book (Junior),2018-05-25 00:00:00,,,,,,0.0,no_match,,
STARWARS.xlsx,CANON,856,The Ghosts of Maul,Short Story,2022-06-07 00:00:00,Stories of Jedi and Sith,2022,/books/OL36054858M,https://openlibrary.org/books/OL36054858M/Stories_of_Jedi_and_Sith,12876365,1.0,matched,,https://covers.openlibrary.org/b/id/12876365-L.jpg
STARWARS.xlsx,CANON,874,Tales from the Outer Rim: The Legend of Beggar's Canyon,Graphic Novel,2026-10-13 00:00:00,,,,,,0.0,no_match,,
STARWARS.xlsx,CANON,875,Everyone's a Critic,Short Story,2023-08-29 00:00:00,From a Certain Point of View,2023,/books/OL47596790M,https://openlibrary.org/books/OL47596790M/From_a_Certain_Point_of_View,14219724,1.0,matched,,https://covers.openlibrary.org/b/id/14219724-L.jpg
STARWARS.xlsx,CANON,876,Choose Your Destiny: A Han & Chewie Adventure,Novel (Middle-Grade),2018-04-17 00:00:00,A Han and Chewie Adventure,2020,/books/OL30158520M,https://openlibrary.org/books/OL30158520M/A_Han_and_Chewie_Adventure,11213647,1.0,matched,,https://covers.openlibrary.org/b/id/11213647-L.jpg
STARWARS.xlsx,CANON,887,Reign of the Empire: Edge of the Abyss,Novel,2026-09-15 00:00:00,,,,,,0.0,no_match,,
STARWARS.xlsx,CANON,888,Servants of the Empire: Edge of the Galaxy,Novel (Middle-Grade),2014-10-21 00:00:00,Star Wars Rebels Servants of the Empire,2014,/books/OL27988648M,https://openlibrary.org/books/OL27988648M/Star_Wars_Rebels_Servants_of_the_Empire,9376167,1.0,matched,,https://covers.openlibrary.org/b/id/9376167-L.jpg
STARWARS.xlsx,CANON,904,Ezra's Gamble,Novel (Middle-Grade),2014-08-05 00:00:00,Star Wars Rebels Ezra's Gamble,2014,/books/OL26828937M,https://openlibrary.org/books/OL26828937M/Star_Wars_Rebels_Ezra's_Gamble,8502388,1.0,matched,,https://covers.openlibrary.org/b/id/8502388-L.jpg
STARWARS.xlsx,CANON,906,Chopper Saves the Day,Book (Junior),2014-08-05 00:00:00,Star Wars - Rebels - Chopper Saves the Day,2014,/works/OL17906351W,,10353272,0.776,review,,https://covers.openlibrary.org/b/id/10353272-L.jpg
STARWARS.xlsx,CANON,907,The Machine in the Ghost,Short Story (Junior),2014-09-01 00:00:00,Star Wars: Rebels Annual 2015,2014,/books/OL27281554M,https://openlibrary.org/books/OL27281554M/Star_Wars_Rebels_Annual_2015,8763322,1.0,matched,,https://covers.openlibrary.org/b/id/8763322-L.jpg
STARWARS.xlsx,CANON,909,Art Attack,Book (Junior),2014-12-22 00:00:00,"""Art Attack""",2002,/works/OL8134910W,,10436424,0.88,review,,https://covers.openlibrary.org/b/id/10436424-L.jpg
STARWARS.xlsx,CANON,910,Sabine's Art Attack,Book (Junior),2015-01-06 00:00:00,Star Wars - Rebels - Sabine's Art Attack,2015,/works/OL23670966W,,10520978,0.7565,review,,https://covers.openlibrary.org/b/id/10520978-L.jpg
STARWARS.xlsx,CANON,911,Her Smile,Short Story (Junior),2014-09-01 00:00:00,Star Wars: Rebels Annual 2015,2014,/books/OL27281554M,https://openlibrary.org/books/OL27281554M/Star_Wars_Rebels_Annual_2015,8763322,1.0,matched,,https://covers.openlibrary.org/b/id/8763322-L.jpg
STARWARS.xlsx,CANON,913,Entanglement,Book (Junior),2014-12-22 00:00:00,Entanglement,2016,/works/OL20042631W,,13088167,0.98,matched,,https://covers.openlibrary.org/b/id/13088167-L.jpg
STARWARS.xlsx,CANON,914,Zeb to the Rescue,Book (Junior),2014-08-05 00:00:00,Star Wars - Rebels - Zeb to the Rescue,2014,/works/OL20848685W,,10159588,0.7333,review,,https://covers.openlibrary.org/b/id/10159588-L.jpg
STARWARS.xlsx,CANON,915,Entanglement,Short Story (Junior),2014-09-01 00:00:00,Star Wars: Rebels Annual 2015,2014,/books/OL27281554M,https://openlibrary.org/books/OL27281554M/Star_Wars_Rebels_Annual_2015,8763322,1.0,matched,,https://covers.openlibrary.org/b/id/8763322-L.jpg
STARWARS.xlsx,CANON,917,Property of Ezra Bridger,Book (Junior),2014-12-22 00:00:00,,,,,,0.0,no_match,,
STARWARS.xlsx,CANON,918,Ezra and the Pilot,Book (Junior),2014-08-05 00:00:00,Star Wars - Rebels - Ezra and the Pilot,2014,/works/OL21671281W,,10391871,0.7455,review,,https://covers.openlibrary.org/b/id/10391871-L.jpg
STARWARS.xlsx,CANON,921,The Rebellion Begins,Book (Junior),2014-10-21 00:00:00,The Rebellion Begins,2014,/works/OL34947845W,,13773223,1.0,matched,,https://covers.openlibrary.org/b/id/13773223-L.jpg
STARWARS.xlsx,CANON,923,Ezra's Wookiee Rescue,Book (Junior),2014-10-21 00:00:00,ezra's wookiee rescue,2014,/works/OL31970768W,,15186886,1.0,matched,,https://covers.openlibrary.org/b/id/15186886-L.jpg
STARWARS.xlsx,CANON,924,The Heist,Short Story (Junior),2015-07-30 00:00:00,Star Wars Rebels Annual 2016,2015,/books/OL35800993M,https://openlibrary.org/books/OL35800993M/Star_Wars_Rebels_Annual_2016,12784412,1.0,matched,,https://covers.openlibrary.org/b/id/12784412-L.jpg
STARWARS.xlsx,CANON,925,The Newcomer,Short Story (Junior),2015-07-30 00:00:00,Star Wars Rebels Annual 2016,2015,/books/OL35800993M,https://openlibrary.org/books/OL35800993M/Star_Wars_Rebels_Annual_2016,12784412,1.0,matched,,https://covers.openlibrary.org/b/id/12784412-L.jpg
STARWARS.xlsx,CANON,926,The Trap,Short Story (Junior),2015-07-30 00:00:00,Star Wars Rebels Annual 2016,2015,/books/OL35800993M,https://openlibrary.org/books/OL35800993M/Star_Wars_Rebels_Annual_2016,12784412,1.0,matched,,https://covers.openlibrary.org/b/id/12784412-L.jpg
STARWARS.xlsx,CANON,927,The Escape,Short Story (Junior),2015-07-30 00:00:00,Star Wars Rebels Annual 2016,2015,/books/OL35800993M,https://openlibrary.org/books/OL35800993M/Star_Wars_Rebels_Annual_2016,12784412,1.0,matched,,https://covers.openlibrary.org/b/id/12784412-L.jpg
STARWARS.xlsx,CANON,928,The Rescue,Short Story (Junior),2015-07-30 00:00:00,Star Wars Rebels Annual 2016,2015,/books/OL35800993M,https://openlibrary.org/books/OL35800993M/Star_Wars_Rebels_Annual_2016,12784412,1.0,matched,,https://covers.openlibrary.org/b/id/12784412-L.jpg
STARWARS.xlsx,CANON,934,Droids in Distress,Novel (Middle-Grade),2014-11-06 00:00:00,Droids in Distress,2014,/books/OL32094868M,https://openlibrary.org/books/OL32094868M/Droids_in_Distress,10750156,1.0,matched,,https://covers.openlibrary.org/b/id/10750156-L.jpg
STARWARS.xlsx,CANON,935,The Inquisitor's Trap,Book (Junior),2014-12-09 00:00:00,Star Wars - Rebels - The Inquisitor's Trap,2014,/works/OL24271849W,,10766205,0.776,review,,https://covers.openlibrary.org/b/id/10766205-L.jpg
STARWARS.xlsx,CANON,937,Servants of the Empire: Rebel in the Ranks,Novel (Middle-Grade),2015-03-03 00:00:00,Servants of the Empire: Rebel in the Ranks,2015,/books/OL28935994M,https://openlibrary.org/books/OL28935994M/Servants_of_the_Empire_Rebel_in_the_Ranks,15246850,1.0,matched,,https://covers.openlibrary.org/b/id/15246850-L.jpg
STARWARS.xlsx,CANON,942,Hera's Phantom Flight,Book (Junior),2015-03-31 00:00:00,Star Wars - Rebels - Hera's Phantom Flight,2015,/works/OL21120196W,,10761959,0.776,review,,https://covers.openlibrary.org/b/id/10761959-L.jpg
STARWARS.xlsx,CANON,945,Ezra's Duel with Danger,Novel (Middle-Grade),2015-03-17 00:00:00,Star Wars Rebels: Ezra's Duel with Danger,2015,/books/OL27284851M,https://openlibrary.org/books/OL27284851M/Star_Wars_Rebels_Ezra's_Duel_with_Danger,8765596,1.0,matched,,https://covers.openlibrary.org/b/id/8765596-L.jpg
STARWARS.xlsx,CANON,963,Kanan's Jedi Training,Book (Junior),2015-08-04 00:00:00,Star Wars - Rebels - Kanan's Jedi Training,2015,/works/OL20800106W,,11286258,0.776,review,,https://covers.openlibrary.org/b/id/11286258-L.jpg
STARWARS.xlsx,CANON,966,Always Bet on Chopper,Book (Junior),2015-05-05 00:00:00,Star Wars - Rebels - Always Bet on Chopper,2015,/works/OL20800126W,,11286255,0.776,review,,https://covers.openlibrary.org/b/id/11286255-L.jpg
STARWARS.xlsx,CANON,967,Servants of the Empire: Imperial Justice,Novel (Middle-Grade),2015-07-07 00:00:00,Servants of the Empire: Imperial Justice,2015,/books/OL32107632M,https://openlibrary.org/books/OL32107632M/Servants_of_the_Empire_Imperial_Justice,15246851,1.0,matched,,https://covers.openlibrary.org/b/id/15246851-L.jpg
STARWARS.xlsx,CANON,972,Servants of the Empire: The Secret Academy,Novel (Middle-Grade),2015-10-06 00:00:00,Star Wars Rebels Servants of the Empire The Secret Academy,2015,/books/OL32781162M,https://openlibrary.org/books/OL32781162M/Star_Wars_Rebels_Servants_of_the_Empire_The_Secret_Academy,11413515,1.0,matched,,https://covers.openlibrary.org/b/id/11413515-L.jpg
STARWARS.xlsx,CANON,977,Battle to the End,Novel (Middle-Grade),2015-06-04 00:00:00,Battle to the End,2015,/books/OL32079669M,https://openlibrary.org/books/OL32079669M/Battle_to_the_End,10732482,1.0,matched,,https://covers.openlibrary.org/b/id/10732482-L.jpg
STARWARS.xlsx,CANON,1016,Forces of Destiny: The Leia Chronicles,Book (Junior),2018-01-02 00:00:00,Star Wars - Forces of Destiny - The Leia chronicles,2018,/works/OL19739358W,,11218348,0.9111,matched,,https://covers.openlibrary.org/b/id/11218348-L.jpg
STARWARS.xlsx,CANON,1081,The Witch & the Wookiee,Short Story,2019-08-06 00:00:00,Star Wars: Myths and Fables,2019,/books/OL29341897M,https://openlibrary.org/books/OL29341897M/Star_Wars_Myths_and_Fables,10386157,1.0,matched,,https://covers.openlibrary.org/b/id/10386157-L.jpg
STARWARS.xlsx,CANON,1083,The Kindling,Short Story,2021-09-07 00:00:00,Star Wars Life Day Treasury,2021,/books/OL34179533M,https://openlibrary.org/books/OL34179533M/Star_Wars_Life_Day_Treasury,12393604,1.0,matched,,https://covers.openlibrary.org/b/id/12393604-L.jpg
STARWARS.xlsx,CANON,1084,The Mighty Chewbacca in the Forest of Fear!,Novel (Middle-Grade),2018-05-25 00:00:00,The Mighty Chewbacca in the Forest of Fear!,2018,/books/OL26955578M,https://openlibrary.org/books/OL26955578M/The_Mighty_Chewbacca_in_the_Forest_of_Fear!,11191183,1.0,matched,,https://covers.openlibrary.org/b/id/11191183-L.jpg
STARWARS.xlsx,CANON,1097,Not For Nothing,Short Story,2017-10-03 00:00:00,Star wars,2017,/books/OL26929821M,https://openlibrary.org/books/OL26929821M/Star_wars,13277430,1.0,matched,,https://covers.openlibrary.org/b/id/13277430-L.jpg
STARWARS.xlsx,CANON,1110,Guardians of the Whills,Novel (Middle-Grade),2017-05-02 00:00:00,Star Wars: Guardians of the Whills,2017,/books/OL26801326M,https://openlibrary.org/books/OL26801326M/Star_Wars_Guardians_of_the_Whills,8457312,1.0,matched,,https://covers.openlibrary.org/b/id/8457312-L.jpg
STARWARS.xlsx,CANON,1116,The Sleeping Eye (Target-exclusive edition),Short Story,2020-08-30 00:00:00,Star Wars: Myths and Fables,2019,/books/OL29341897M,https://openlibrary.org/books/OL29341897M/Star_Wars_Myths_and_Fables,10386157,1.0,matched,,https://covers.openlibrary.org/b/id/10386157-L.jpg
STARWARS.xlsx,CANON,1120,An Old Hope,Short Story,2021-09-07 00:00:00,Star Wars Life Day Treasury,2021,/books/OL34179533M,https://openlibrary.org/books/OL34179533M/Star_Wars_Life_Day_Treasury,12393604,1.0,matched,,https://covers.openlibrary.org/b/id/12393604-L.jpg
STARWARS.xlsx,CANON,1149,Smugglers and Scoundrels: The Race for Jabba's Bounty,Graphic Novel,2026-10-06 00:00:00,,,,,,0.0,no_match,,
STARWARS.xlsx,CANON,1150,Blood Moon Uprising,Short Story,2022-06-07 00:00:00,Stories of Jedi and Sith,2022,/books/OL36054858M,https://openlibrary.org/books/OL36054858M/Stories_of_Jedi_and_Sith,12876365,1.0,matched,,https://covers.openlibrary.org/b/id/12876365-L.jpg
STARWARS.xlsx,CANON,1154,The Baptist,Short Story,2017-10-03 00:00:00,Star wars,2017,/books/OL26929821M,https://openlibrary.org/books/OL26929821M/Star_wars,13277430,1.0,matched,,https://covers.openlibrary.org/b/id/13277430-L.jpg
STARWARS.xlsx,CANON,1155,Reflection Day,Short Story,2021-09-07 00:00:00,Star Wars Life Day Treasury,2021,/books/OL34179533M,https://openlibrary.org/books/OL34179533M/Star_Wars_Life_Day_Treasury,12393604,1.0,matched,,https://covers.openlibrary.org/b/id/12393604-L.jpg
STARWARS.xlsx,CANON,1169,Rogue One: A Junior Novel,Novel (Middle-Grade),2016-12-16 00:00:00,Rogue One,2017,/books/OL26790583M,https://openlibrary.org/books/OL26790583M/Rogue_One,8443508,1.0,matched,,https://covers.openlibrary.org/b/id/8443508-L.jpg
STARWARS.xlsx,CANON,1170,Rogue One: Secret Mission,Book (Junior),2016-12-16 00:00:00,Star Wars - Rogue One - Secret Mission,2017,/works/OL24567708W,,11218633,0.862,matched,,https://covers.openlibrary.org/b/id/11218633-L.jpg
STARWARS.xlsx,CANON,1180,Raymus,Short Story,2017-10-03 00:00:00,Star wars,2017,/books/OL26929821M,https://openlibrary.org/books/OL26929821M/Star_wars,13277430,1.0,matched,,https://covers.openlibrary.org/b/id/13277430-L.jpg
STARWARS.xlsx,CANON,1181,Bounty Hunt,Book (Junior),2016-04-07 00:00:00,Bounty Hunt,2014,/works/OL20825960W,,10129848,0.98,matched,,https://covers.openlibrary.org/b/id/10129848-L.jpg
STARWARS.xlsx,CANON,1182,Of MSE-6 and Men,Short Story,2017-10-03 00:00:00,Star wars,2017,/books/OL26929821M,https://openlibrary.org/books/OL26929821M/Star_wars,13277430,1.0,matched,,https://covers.openlibrary.org/b/id/13277430-L.jpg
STARWARS.xlsx,CANON,1185,"A New Hope: The Princess, the Scoundrel, and the Farm Boy",Novel (Middle-Grade),2015-09-22 00:00:00,"Star Wars A New Hope - The Princess, the Scoundrel, and the Farm Boy",2015,/works/OL17629268W,,7905485,0.9333,matched,,https://covers.openlibrary.org/b/id/7905485-L.jpg
STARWARS.xlsx,CANON,1186,A New Hope Junior Novelization,Novel (Middle-Grade),2017-05-04 00:00:00,Star Wars - Episode IV - A New Hope (junior novel),2015,/works/OL24427515W,,10990528,0.6703,review,,https://covers.openlibrary.org/b/id/10990528-L.jpg
STARWARS.xlsx,CANON,1187,A New Hope Little Golden Book,Book (Junior),2015-07-28 00:00:00,,,,,,0.0,no_match,,
STARWARS.xlsx,CANON,1188,A New Hope Big Golden book,Book (Junior),2017-04-11 00:00:00,A New Hope (Star Wars) (Big Golden Book),2017,/works/OL31770640W,,,0.872,review,,
STARWARS.xlsx,CANON,1189,A New Hope Read-Along Storybook and CD,Book (Junior),2015-02-10 00:00:00,,,,,,0.0,no_match,,
STARWARS.xlsx,CANON,1190,A New Hope Die-Cut Children's Book,Book (Junior),2020-05-05 00:00:00,,,,,,0.0,no_match,,
STARWARS.xlsx,CANON,1191,A New Hope: A Collector's Classic Board Book,Book (Junior),2025-04-15 00:00:00,,,,,,0.0,no_match,,
STARWARS.xlsx,CANON,1192,The Rise of a Hero,Book (Junior),2017-05-30 00:00:00,Star Wars - The Rise of a Hero,2017,/works/OL24567501W,,11218359,0.8222,matched,,https://covers.openlibrary.org/b/id/11218359-L.jpg
STARWARS.xlsx,CANON,1193,A New Adventure,Short Story (Junior),2021-01-06 00:00:00,A New Adventure,2018,/works/OL20188723W,https://openlibrary.org/books/OL30080575M/Star_Wars_Galactic_Storybook,8837560,0.97,review,,https://covers.openlibrary.org/b/id/8837560-L.jpg
STARWARS.xlsx,CANON,1194,A New Hope Graphic Novel Adaptation,Graphic Novel,2018-09-18 00:00:00,,,,,,0.0,no_match,,
STARWARS.xlsx,CANON,1195,Escape From Darth Vader,Book (Junior),2014-09-16 00:00:00,World of Reading Star Wars Escape from Darth Vader,2014,/works/OL24526364W,,11158568,0.7161,review,,https://covers.openlibrary.org/b/id/11158568-L.jpg
STARWARS.xlsx,CANON,1196,Escape from Darth Vader,Short Story (Junior),2015-09-01 00:00:00,Star Wars: The Original Trilogy Stories ((Storybook Collection)),2015,/books/OL26842612M,https://openlibrary.org/books/OL26842612M/Star_Wars_The_Original_Trilogy_Stories_%28%28Storybook_Collection%29%29,8527047,1.0,matched,,https://covers.openlibrary.org/b/id/8527047-L.jpg
STARWARS.xlsx,CANON,1197,Escape from Darth Vader,Short Story (Junior),2015-12-18 00:00:00,5-Minute Star Wars Stories,2015,/books/OL25942386M,https://openlibrary.org/books/OL25942386M/5-Minute_Star_Wars_Stories,7441737,1.0,matched,,https://covers.openlibrary.org/b/id/7441737-L.jpg
STARWARS.xlsx,CANON,1199,The Bucket,Short Story,2017-10-03 00:00:00,Star wars,2017,/books/OL26929821M,https://openlibrary.org/books/OL26929821M/Star_wars,13277430,1.0,matched,,https://covers.openlibrary.org/b/id/13277430-L.jpg
STARWARS.xlsx,CANON,1201,The Sith of Datawork,Short Story,2017-10-03 00:00:00,Star wars,2017,/books/OL26929821M,https://openlibrary.org/books/OL26929821M/Star_wars,13277430,1.0,matched,,https://covers.openlibrary.org/b/id/13277430-L.jpg
STARWARS.xlsx,CANON,1202,A Journey Begins,Short Story (Junior),2017-12-15 00:00:00,5-minute Star Wars stories strike back,2017,/books/OL26411796M,https://openlibrary.org/books/OL26411796M/5-minute_Star_Wars_stories_strike_back,8114257,1.0,matched,,https://covers.openlibrary.org/b/id/8114257-L.jpg
STARWARS.xlsx,CANON,1203,Trouble on Tatooine,Book (Junior),2017-05-02 00:00:00,Trouble On Tatooine,2017,/works/OL24653617W,,11344671,1.0,matched,,https://covers.openlibrary.org/b/id/11344671-L.jpg
STARWARS.xlsx,CANON,1204,Stories in the Sand,Short Story,2017-10-03 00:00:00,Star wars,2017,/books/OL26929821M,https://openlibrary.org/books/OL26929821M/Star_wars,13277430,1.0,matched,,https://covers.openlibrary.org/b/id/13277430-L.jpg
STARWARS.xlsx,CANON,1205,The Red One,Short Story,2017-10-03 00:00:00,Star wars,2017,/books/OL26929821M,https://openlibrary.org/books/OL26929821M/Star_wars,13277430,1.0,matched,,https://covers.openlibrary.org/b/id/13277430-L.jpg
STARWARS.xlsx,CANON,1206,Reirin,Short Story,2017-10-03 00:00:00,Star wars,2017,/books/OL26929821M,https://openlibrary.org/books/OL26929821M/Star_wars,13277430,1.0,matched,,https://covers.openlibrary.org/b/id/13277430-L.jpg
STARWARS.xlsx,CANON,1207,The Hero's Journey Begins,Short Story (Junior),2015-09-01 00:00:00,Star Wars: The Original Trilogy Stories ((Storybook Collection)),2015,/books/OL26842612M,https://openlibrary.org/books/OL26842612M/Star_Wars_The_Original_Trilogy_Stories_%28%28Storybook_Collection%29%29,8527047,1.0,matched,,https://covers.openlibrary.org/b/id/8527047-L.jpg
STARWARS.xlsx,CANON,1208,Rites,Short Story,2017-10-03 00:00:00,Star wars,2017,/books/OL26929821M,https://openlibrary.org/books/OL26929821M/Star_wars,13277430,1.0,matched,,https://covers.openlibrary.org/b/id/13277430-L.jpg
STARWARS.xlsx,CANON,1211,Fully Operational,Short Story,2017-10-03 00:00:00,Star wars,2017,/books/OL26929821M,https://openlibrary.org/books/OL26929821M/Star_wars,13277430,1.0,matched,,https://covers.openlibrary.org/b/id/13277430-L.jpg
STARWARS.xlsx,CANON,1212,An Incident Report,Short Story,2017-10-03 00:00:00,Star wars,2017,/books/OL26929821M,https://openlibrary.org/books/OL26929821M/Star_wars,13277430,1.0,matched,,https://covers.openlibrary.org/b/id/13277430-L.jpg
STARWARS.xlsx,CANON,1213,Master and Apprentice,Short Story,2017-10-03 00:00:00,Star wars,2017,/books/OL26929821M,https://openlibrary.org/books/OL26929821M/Star_wars,13277430,1.0,matched,,https://covers.openlibrary.org/b/id/13277430-L.jpg
STARWARS.xlsx,CANON,1214,Beru Whitesun Lars,Short Story,2017-10-03 00:00:00,Star wars,2017,/books/OL26929821M,https://openlibrary.org/books/OL26929821M/Star_wars,13277430,1.0,matched,,https://covers.openlibrary.org/b/id/13277430-L.jpg
STARWARS.xlsx,CANON,1215,Change of Heart,Short Story,2017-10-03 00:00:00,Star wars,2017,/books/OL26929821M,https://openlibrary.org/books/OL26929821M/Star_wars,13277430,1.0,matched,,https://covers.openlibrary.org/b/id/13277430-L.jpg
STARWARS.xlsx,CANON,1216,You Owe Me a Ride,Short Story,2017-10-03 00:00:00,Star wars,2017,/books/OL26929821M,https://openlibrary.org/books/OL26929821M/Star_wars,13277430,1.0,matched,,https://covers.openlibrary.org/b/id/13277430-L.jpg
STARWARS.xlsx,CANON,1217,The Secrets of Long Snoot,Short Story,2017-10-03 00:00:00,Star wars,2017,/books/OL26929821M,https://openlibrary.org/books/OL26929821M/Star_wars,13277430,1.0,matched,,https://covers.openlibrary.org/b/id/13277430-L.jpg
STARWARS.xlsx,CANON,1218,Born in the Storm,Short Story,2017-10-03 00:00:00,Star wars,2017,/books/OL26929821M,https://openlibrary.org/books/OL26929821M/Star_wars,13277430,1.0,matched,,https://covers.openlibrary.org/b/id/13277430-L.jpg
STARWARS.xlsx,CANON,1219,The Kloo Horn Cantina Caper,Short Story,2017-10-03 00:00:00,Star wars,2017,/books/OL26929821M,https://openlibrary.org/books/OL26929821M/Star_wars,13277430,1.0,matched,,https://covers.openlibrary.org/b/id/13277430-L.jpg
STARWARS.xlsx,CANON,1220,A Bad Feeling About This,Short Story (Junior),2015-09-01 00:00:00,Star Wars: The Original Trilogy Stories ((Storybook Collection)),2015,/books/OL26842612M,https://openlibrary.org/books/OL26842612M/Star_Wars_The_Original_Trilogy_Stories_%28%28Storybook_Collection%29%29,8527047,1.0,matched,,https://covers.openlibrary.org/b/id/8527047-L.jpg
STARWARS.xlsx,CANON,1221,The Luckless Rodian,Short Story,2017-10-03 00:00:00,Star wars,2017,/books/OL26929821M,https://openlibrary.org/books/OL26929821M/Star_wars,13277430,1.0,matched,,https://covers.openlibrary.org/b/id/13277430-L.jpg
STARWARS.xlsx,CANON,1222,We Don't Serve Their Kind Here,Short Story,2017-10-03 00:00:00,Star wars,2017,/books/OL26929821M,https://openlibrary.org/books/OL26929821M/Star_wars,13277430,1.0,matched,,https://covers.openlibrary.org/b/id/13277430-L.jpg
STARWARS.xlsx,CANON,1224,Verge of Greatness,Short Story,2017-10-03 00:00:00,Star wars,2017,/books/OL26929821M,https://openlibrary.org/books/OL26929821M/Star_wars,13277430,1.0,matched,,https://covers.openlibrary.org/b/id/13277430-L.jpg
STARWARS.xlsx,CANON,1225,Added Muscle,Short Story,2017-10-03 00:00:00,Star wars,2017,/books/OL26929821M,https://openlibrary.org/books/OL26929821M/Star_wars,13277430,1.0,matched,,https://covers.openlibrary.org/b/id/13277430-L.jpg
STARWARS.xlsx,CANON,1226,Eclipse,Short Story,2017-10-03 00:00:00,Star wars,2017,/books/OL26929821M,https://openlibrary.org/books/OL26929821M/Star_wars,13277430,1.0,matched,,https://covers.openlibrary.org/b/id/13277430-L.jpg
STARWARS.xlsx,CANON,1227,Laina,Short Story,2017-10-03 00:00:00,Star wars,2017,/books/OL26929821M,https://openlibrary.org/books/OL26929821M/Star_wars,13277430,1.0,matched,,https://covers.openlibrary.org/b/id/13277430-L.jpg
STARWARS.xlsx,CANON,1230,Trapped in the Death Star,Short Story (Junior),2017-12-15 00:00:00,5-minute Star Wars stories strike back,2017,/books/OL26411796M,https://openlibrary.org/books/OL26411796M/5-minute_Star_Wars_stories_strike_back,8114257,1.0,matched,,https://covers.openlibrary.org/b/id/8114257-L.jpg
STARWARS.xlsx,CANON,1231,Trapped in the Death Star,Book (Junior),2016-11-01 00:00:00,Star Wars - Trapped in the Death Star,2016,/works/OL19918019W,,8740565,0.872,matched,,https://covers.openlibrary.org/b/id/8740565-L.jpg
STARWARS.xlsx,CANON,1232,There is Another,Short Story,2017-10-03 00:00:00,Star wars,2017,/books/OL26929821M,https://openlibrary.org/books/OL26929821M/Star_wars,13277430,1.0,matched,,https://covers.openlibrary.org/b/id/13277430-L.jpg
STARWARS.xlsx,CANON,1233,Far Too Remote,Short Story,2017-10-03 00:00:00,Star wars,2017,/books/OL26929821M,https://openlibrary.org/books/OL26929821M/Star_wars,13277430,1.0,matched,,https://covers.openlibrary.org/b/id/13277430-L.jpg
STARWARS.xlsx,CANON,1234,The Trigger,Short Story,2017-10-03 00:00:00,Star wars,2017,/books/OL26929821M,https://openlibrary.org/books/OL26929821M/Star_wars,13277430,1.0,matched,,https://covers.openlibrary.org/b/id/13277430-L.jpg
STARWARS.xlsx,CANON,1235,The Rescue of Princess Leia,Short Story (Junior),2015-09-01 00:00:00,Star Wars: The Original Trilogy Stories ((Storybook Collection)),2015,/books/OL26842612M,https://openlibrary.org/books/OL26842612M/Star_Wars_The_Original_Trilogy_Stories_%28%28Storybook_Collection%29%29,8527047,1.0,matched,,https://covers.openlibrary.org/b/id/8527047-L.jpg
STARWARS.xlsx,CANON,1236,End of Watch,Short Story,2017-10-03 00:00:00,Star wars,2017,/books/OL26929821M,https://openlibrary.org/books/OL26929821M/Star_wars,13277430,1.0,matched,,https://covers.openlibrary.org/b/id/13277430-L.jpg
STARWARS.xlsx,CANON,1238,Bump,Short Story,2017-10-03 00:00:00,Star wars,2017,/books/OL26929821M,https://openlibrary.org/books/OL26929821M/Star_wars,13277430,1.0,matched,,https://covers.openlibrary.org/b/id/13277430-L.jpg
STARWARS.xlsx,CANON,1240,Escape from the Death Star,Short Story (Junior),2015-09-01 00:00:00,Star Wars: The Original Trilogy Stories ((Storybook Collection)),2015,/books/OL26842612M,https://openlibrary.org/books/OL26842612M/Star_Wars_The_Original_Trilogy_Stories_%28%28Storybook_Collection%29%29,8527047,1.0,matched,,https://covers.openlibrary.org/b/id/8527047-L.jpg
STARWARS.xlsx,CANON,1242,Time of Death,Short Story,2017-10-03 00:00:00,Star wars,2017,/books/OL26929821M,https://openlibrary.org/books/OL26929821M/Star_wars,13277430,1.0,matched,,https://covers.openlibrary.org/b/id/13277430-L.jpg
STARWARS.xlsx,CANON,1243,Palpatine,Short Story,2017-10-03 00:00:00,Star wars,2017,/books/OL26929821M,https://openlibrary.org/books/OL26929821M/Star_wars,13277430,1.0,matched,,https://covers.openlibrary.org/b/id/13277430-L.jpg
STARWARS.xlsx,CANON,1244,Contingency Plan,Short Story,2017-10-03 00:00:00,Star wars,2017,/books/OL26929821M,https://openlibrary.org/books/OL26929821M/Star_wars,13277430,1.0,matched,,https://covers.openlibrary.org/b/id/13277430-L.jpg
STARWARS.xlsx,CANON,1245,Sparks,Short Story,2017-10-03 00:00:00,Star wars,2017,/books/OL26929821M,https://openlibrary.org/books/OL26929821M/Star_wars,13277430,1.0,matched,,https://covers.openlibrary.org/b/id/13277430-L.jpg
STARWARS.xlsx,CANON,1246,The Battle of Yavin,Short Story (Junior),2015-09-01 00:00:00,Star Wars: The Original Trilogy Stories ((Storybook Collection)),2015,/books/OL26842612M,https://openlibrary.org/books/OL26842612M/Star_Wars_The_Original_Trilogy_Stories_%28%28Storybook_Collection%29%29,8527047,1.0,matched,,https://covers.openlibrary.org/b/id/8527047-L.jpg
STARWARS.xlsx,CANON,1247,Desert Son,Short Story,2017-10-03 00:00:00,Star wars,2017,/books/OL26929821M,https://openlibrary.org/books/OL26929821M/Star_wars,13277430,1.0,matched,,https://covers.openlibrary.org/b/id/13277430-L.jpg
STARWARS.xlsx,CANON,1248,Duty Roster,Short Story,2017-10-03 00:00:00,Star wars,2017,/books/OL26929821M,https://openlibrary.org/books/OL26929821M/Star_wars,13277430,1.0,matched,,https://covers.openlibrary.org/b/id/13277430-L.jpg
STARWARS.xlsx,CANON,1249,Destroy the Death Star!,Short Story (Junior),2015-12-18 00:00:00,5-Minute Star Wars Stories,2015,/books/OL25942386M,https://openlibrary.org/books/OL25942386M/5-Minute_Star_Wars_Stories,7441737,1.0,matched,,https://covers.openlibrary.org/b/id/7441737-L.jpg
STARWARS.xlsx,CANON,1252,Grounded,Short Story,2017-10-03 00:00:00,Star wars,2017,/books/OL26929821M,https://openlibrary.org/books/OL26929821M/Star_wars,13277430,1.0,matched,,https://covers.openlibrary.org/b/id/13277430-L.jpg
STARWARS.xlsx,CANON,1254,Death Star Battle,Book (Junior),2016-02-02 00:00:00,Death Star Battles,2016,/works/OL24638395W,,11319122,0.9742,matched,,https://covers.openlibrary.org/b/id/11319122-L.jpg
STARWARS.xlsx,CANON,1256,By Whatever Sun,Short Story,2017-10-03 00:00:00,Star wars,2017,/books/OL26929821M,https://openlibrary.org/books/OL26929821M/Star_wars,13277430,1.0,matched,,https://covers.openlibrary.org/b/id/13277430-L.jpg
STARWARS.xlsx,CANON,1258,Leia Charts Her Own Course,Short Story (Junior),2018-10-02 00:00:00,,,,https://openlibrary.org/books/OL26975004M/Star_Wars_galactic_adventures_storybook_collection,,0.0,no_match,,
STARWARS.xlsx,CANON,1259,The Angle,Short Story,2017-10-03 00:00:00,Star wars,2017,/books/OL26929821M,https://openlibrary.org/books/OL26929821M/Star_wars,13277430,1.0,matched,,https://covers.openlibrary.org/b/id/13277430-L.jpg
STARWARS.xlsx,CANON,1260,Smuggler's Run: A Han Solo & Chewbacca Adventure,Novel (Middle-Grade),2015-09-04 00:00:00,Star Wars - Smuggler's Run - A Han Solo & Chewbacca Adventure,2015,/works/OL20836514W,,10333934,0.9238,matched,,https://covers.openlibrary.org/b/id/10333934-L.jpg
STARWARS.xlsx,CANON,1261,Han and the Rebel Rescue,Short Story (Junior),2018-10-02 00:00:00,Star Wars - Han and the Rebel Rescue,2017,/works/OL24567593W,https://openlibrary.org/books/OL26975004M/Star_Wars_galactic_adventures_storybook_collection,11218483,0.8567,review,,https://covers.openlibrary.org/b/id/11218483-L.jpg
STARWARS.xlsx,CANON,1273,Lando's Big Score,Short Story (Junior),2018-10-02 00:00:00,,,,https://openlibrary.org/books/OL26975004M/Star_Wars_galactic_adventures_storybook_collection,,0.0,no_match,,
STARWARS.xlsx,CANON,1282,Chewie and the Courageous Kid,Short Story (Junior),2018-10-02 00:00:00,Star Wars - Chewie and the Courageous Kid,2018,/works/OL24567603W,https://openlibrary.org/books/OL26975004M/Star_Wars_galactic_adventures_storybook_collection,11218492,0.8897,review,,https://covers.openlibrary.org/b/id/11218492-L.jpg
STARWARS.xlsx,CANON,1297,The Weapon of a Jedi: A Luke Skywalker Adventure,Novel (Middle-Grade),2015-09-04 00:00:00,,,,,,0.0,no_match,,
STARWARS.xlsx,CANON,1298,Luke and the Lost Jedi Temple,Short Story (Junior),2018-10-02 00:00:00,Star Wars - Luke and the Lost Jedi Temple,2016,/works/OL24567618W,https://openlibrary.org/books/OL26975004M/Star_Wars_galactic_adventures_storybook_collection,11218511,0.8657,review,,https://covers.openlibrary.org/b/id/11218511-L.jpg
STARWARS.xlsx,CANON,1300,Choose Your Destiny: A Luke & Leia Adventure,Novel (Middle-Grade),2018-10-02 00:00:00,,,,,,0.0,no_match,,
STARWARS.xlsx,CANON,1358,The Rebellion's Biggest Heist,Short Story (Junior),2018-10-02 00:00:00,,,,https://openlibrary.org/books/OL26975004M/Star_Wars_galactic_adventures_storybook_collection,,0.0,no_match,,
STARWARS.xlsx,CANON,1384,R2-D2 and the Renegade Rescue,Short Story (Junior),2018-10-02 00:00:00,,,,https://openlibrary.org/books/OL26975004M/Star_Wars_galactic_adventures_storybook_collection,,0.0,no_match,,
STARWARS.xlsx,CANON,1481,Hunger,Short Story,2020-11-10 00:00:00,From a Certain Point of View,2020,/books/OL30067648M,https://openlibrary.org/books/OL30067648M/From_a_Certain_Point_of_View,10533705,1.0,matched,,https://covers.openlibrary.org/b/id/10533705-L.jpg
STARWARS.xlsx,CANON,1482,Luke on the Bright Side,Short Story,2022-06-07 00:00:00,Stories of Jedi and Sith,2022,/books/OL36054858M,https://openlibrary.org/books/OL36054858M/Stories_of_Jedi_and_Sith,12876365,1.0,matched,,https://covers.openlibrary.org/b/id/12876365-L.jpg
STARWARS.xlsx,CANON,1499,The Empire Strikes Back: So You Want to Be a Jedi?,Novel (Middle-Grade),2015-09-22 00:00:00,Star Wars The Empire Strikes Back - So You Want to Be a Jedi?,2015,/works/OL17640796W,,11286151,0.9238,matched,,https://covers.openlibrary.org/b/id/11286151-L.jpg
STARWARS.xlsx,CANON,1500,The Empire Strikes Back Junior Novelization,Novel (Middle-Grade),2017-05-04 00:00:00,,,,,,0.0,no_match,,
STARWARS.xlsx,CANON,1501,The Empire Strikes Back Little Golden Book,Book (Junior),2015-07-28 00:00:00,,,,,,0.0,no_match,,
STARWARS.xlsx,CANON,1502,The Empire Strikes Back Read-Along Storybook,Book (Junior),2015-03-10 00:00:00,Star wars - Episode V - The empire strikes back read-along storybook and cd,2015,/works/OL24300260W,,10809536,0.8268,matched,,https://covers.openlibrary.org/b/id/10809536-L.jpg
STARWARS.xlsx,CANON,1503,The Empire Strikes Back Die-Cut Children's Book,Book (Junior),2020-05-05 00:00:00,,,,,,0.0,no_match,,
STARWARS.xlsx,CANON,1504,The Battle Continues,Short Story (Junior),2021-01-06 00:00:00,Round 2: The Battle Continues,2013,/works/OL19785537W,https://openlibrary.org/books/OL30080575M/Star_Wars_Galactic_Storybook,8591960,0.8057,review,,https://covers.openlibrary.org/b/id/8591960-L.jpg
STARWARS.xlsx,CANON,1505,The Empire Strikes Back: A Collector's Classic Board Book,Book (Junior),2024-04-30 00:00:00,,,,,,0.0,no_match,,
STARWARS.xlsx,CANON,1506,The Empire Strikes Back Graphic Novel Adaptation,Graphic Novel,2019-03-05 00:00:00,,,,,,0.0,no_match,,
STARWARS.xlsx,CANON,1507,AT-AT Attack!,Book (Junior),2015-11-03 00:00:00,Star Wars - AT-AT Attack!,2015,/works/OL19360666W,,11286246,0.7714,review,,https://covers.openlibrary.org/b/id/11286246-L.jpg
STARWARS.xlsx,CANON,1508,The Battle of Hoth,Short Story (Junior),2015-12-18 00:00:00,5-Minute Star Wars Stories,2015,/books/OL25942386M,https://openlibrary.org/books/OL25942386M/5-Minute_Star_Wars_Stories,7441737,1.0,matched,,https://covers.openlibrary.org/b/id/7441737-L.jpg
STARWARS.xlsx,CANON,1509,Eyes of the Empire,Short Story,2020-11-10 00:00:00,From a Certain Point of View,2020,/books/OL30067648M,https://openlibrary.org/books/OL30067648M/From_a_Certain_Point_of_View,10533705,1.0,matched,,https://covers.openlibrary.org/b/id/10533705-L.jpg
STARWARS.xlsx,CANON,1510,A Good Kiss,Short Story,2020-11-10 00:00:00,From a Certain Point of View,2020,/books/OL30067648M,https://openlibrary.org/books/OL30067648M/From_a_Certain_Point_of_View,10533705,1.0,matched,,https://covers.openlibrary.org/b/id/10533705-L.jpg
STARWARS.xlsx,CANON,1511,Survival on Hoth,Short Story (Junior),2015-09-01 00:00:00,Star Wars: The Original Trilogy Stories ((Storybook Collection)),2015,/books/OL26842612M,https://openlibrary.org/books/OL26842612M/Star_Wars_The_Original_Trilogy_Stories_%28%28Storybook_Collection%29%29,8527047,1.0,matched,,https://covers.openlibrary.org/b/id/8527047-L.jpg
STARWARS.xlsx,CANON,1513,Ion Control,Short Story,2020-11-10 00:00:00,From a Certain Point of View,2020,/books/OL30067648M,https://openlibrary.org/books/OL30067648M/From_a_Certain_Point_of_View,10533705,1.0,matched,,https://covers.openlibrary.org/b/id/10533705-L.jpg
STARWARS.xlsx,CANON,1514,Rogue Two,Short Story,2020-11-10 00:00:00,From a Certain Point of View,2020,/books/OL30067648M,https://openlibrary.org/books/OL30067648M/From_a_Certain_Point_of_View,10533705,1.0,matched,,https://covers.openlibrary.org/b/id/10533705-L.jpg
STARWARS.xlsx,CANON,1516,She Will Keep Them Warm,Short Story,2020-11-10 00:00:00,From a Certain Point of View,2020,/books/OL30067648M,https://openlibrary.org/books/OL30067648M/From_a_Certain_Point_of_View,10533705,1.0,matched,,https://covers.openlibrary.org/b/id/10533705-L.jpg
STARWARS.xlsx,CANON,1518,Size Matters Not,Short Story (Junior),2015-09-01 00:00:00,Star Wars: The Original Trilogy Stories ((Storybook Collection)),2015,/books/OL26842612M,https://openlibrary.org/books/OL26842612M/Star_Wars_The_Original_Trilogy_Stories_%28%28Storybook_Collection%29%29,8527047,1.0,matched,,https://covers.openlibrary.org/b/id/8527047-L.jpg
STARWARS.xlsx,CANON,1519,Heroes of the Rebellion,Short Story,2020-11-10 00:00:00,From a Certain Point of View,2020,/books/OL30067648M,https://openlibrary.org/books/OL30067648M/From_a_Certain_Point_of_View,10533705,1.0,matched,,https://covers.openlibrary.org/b/id/10533705-L.jpg
STARWARS.xlsx,CANON,1520,A Naturalist on Hoth,Short Story,2020-11-10 00:00:00,From a Certain Point of View,2020,/books/OL30067648M,https://openlibrary.org/books/OL30067648M/From_a_Certain_Point_of_View,10533705,1.0,matched,,https://covers.openlibrary.org/b/id/10533705-L.jpg
STARWARS.xlsx,CANON,1521,AT-AT Attack!,Short Story (Junior),2015-09-01 00:00:00,Star Wars: The Original Trilogy Stories ((Storybook Collection)),2015,/books/OL26842612M,https://openlibrary.org/books/OL26842612M/Star_Wars_The_Original_Trilogy_Stories_%28%28Storybook_Collection%29%29,8527047,1.0,matched,,https://covers.openlibrary.org/b/id/8527047-L.jpg
STARWARS.xlsx,CANON,1522,The Truest Duty,Short Story,2020-11-10 00:00:00,From a Certain Point of View,2020,/books/OL30067648M,https://openlibrary.org/books/OL30067648M/From_a_Certain_Point_of_View,10533705,1.0,matched,,https://covers.openlibrary.org/b/id/10533705-L.jpg
STARWARS.xlsx,CANON,1524,Kendal,Short Story,2020-11-10 00:00:00,From a Certain Point of View,2020,/books/OL30067648M,https://openlibrary.org/books/OL30067648M/From_a_Certain_Point_of_View,10533705,1.0,matched,,https://covers.openlibrary.org/b/id/10533705-L.jpg
STARWARS.xlsx,CANON,1526,For the Last Time,Short Story,2020-11-10 00:00:00,From a Certain Point of View,2020,/books/OL30067648M,https://openlibrary.org/books/OL30067648M/From_a_Certain_Point_of_View,10533705,1.0,matched,,https://covers.openlibrary.org/b/id/10533705-L.jpg
STARWARS.xlsx,CANON,1527,Against All Odds,Short Story,2020-11-10 00:00:00,From a Certain Point of View,2020,/books/OL30067648M,https://openlibrary.org/books/OL30067648M/From_a_Certain_Point_of_View,10533705,1.0,matched,,https://covers.openlibrary.org/b/id/10533705-L.jpg
STARWARS.xlsx,CANON,1528,Use the Force!,Book (Junior),2015-04-07 00:00:00,Use the Force!,2016,/works/OL21128479W,,13095480,0.99,matched,,https://covers.openlibrary.org/b/id/13095480-L.jpg
STARWARS.xlsx,CANON,1529,Beyond Hope,Short Story,2020-11-10 00:00:00,From a Certain Point of View,2020,/books/OL30067648M,https://openlibrary.org/books/OL30067648M/From_a_Certain_Point_of_View,10533705,1.0,matched,,https://covers.openlibrary.org/b/id/10533705-L.jpg
STARWARS.xlsx,CANON,1532,An Unusual Hiding Place,Short Story (Junior),2015-09-01 00:00:00,Star Wars: The Original Trilogy Stories ((Storybook Collection)),2015,/books/OL26842612M,https://openlibrary.org/books/OL26842612M/Star_Wars_The_Original_Trilogy_Stories_%28%28Storybook_Collection%29%29,8527047,1.0,matched,,https://covers.openlibrary.org/b/id/8527047-L.jpg
STARWARS.xlsx,CANON,1533,Rendezvous Point,Short Story,2020-11-10 00:00:00,From a Certain Point of View,2020,/books/OL30067648M,https://openlibrary.org/books/OL30067648M/From_a_Certain_Point_of_View,10533705,1.0,matched,,https://covers.openlibrary.org/b/id/10533705-L.jpg
STARWARS.xlsx,CANON,1534,"A Jedi, You Must Become",Short Story (Junior),2015-12-18 00:00:00,5-Minute Star Wars Stories,2015,/books/OL25942386M,https://openlibrary.org/books/OL25942386M/5-Minute_Star_Wars_Stories,7441737,1.0,matched,,https://covers.openlibrary.org/b/id/7441737-L.jpg
STARWARS.xlsx,CANON,1535,The Dragonsnake Saves R2-D2,Short Story,2020-11-10 00:00:00,From a Certain Point of View,2020,/books/OL30067648M,https://openlibrary.org/books/OL30067648M/From_a_Certain_Point_of_View,10533705,1.0,matched,,https://covers.openlibrary.org/b/id/10533705-L.jpg
STARWARS.xlsx,CANON,1537,The Final Order,Short Story,2020-11-10 00:00:00,From a Certain Point of View,2020,/books/OL30067648M,https://openlibrary.org/books/OL30067648M/From_a_Certain_Point_of_View,10533705,1.0,matched,,https://covers.openlibrary.org/b/id/10533705-L.jpg
STARWARS.xlsx,CANON,1538,This Is No Cave,Short Story,2020-11-10 00:00:00,From a Certain Point of View,2020,/books/OL30067648M,https://openlibrary.org/books/OL30067648M/From_a_Certain_Point_of_View,10533705,1.0,matched,,https://covers.openlibrary.org/b/id/10533705-L.jpg
STARWARS.xlsx,CANON,1540,Faith in an Old Friend,Short Story,2020-11-10 00:00:00,From a Certain Point of View,2020,/books/OL30067648M,https://openlibrary.org/books/OL30067648M/From_a_Certain_Point_of_View,10533705,1.0,matched,,https://covers.openlibrary.org/b/id/10533705-L.jpg
STARWARS.xlsx,CANON,1541,The First Lesson,Short Story,2020-11-10 00:00:00,From a Certain Point of View,2020,/books/OL30067648M,https://openlibrary.org/books/OL30067648M/From_a_Certain_Point_of_View,10533705,1.0,matched,,https://covers.openlibrary.org/b/id/10533705-L.jpg
STARWARS.xlsx,CANON,1542,Disturbance,Short Story,2020-11-10 00:00:00,From a Certain Point of View,2020,/books/OL30067648M,https://openlibrary.org/books/OL30067648M/From_a_Certain_Point_of_View,10533705,1.0,matched,,https://covers.openlibrary.org/b/id/10533705-L.jpg
STARWARS.xlsx,CANON,1544,Amara Kel's Rules for TIE Pilot Survival (Probably),Short Story,2020-11-10 00:00:00,From a Certain Point of View,2020,/books/OL30067648M,https://openlibrary.org/books/OL30067648M/From_a_Certain_Point_of_View,10533705,1.0,matched,,https://covers.openlibrary.org/b/id/10533705-L.jpg
STARWARS.xlsx,CANON,1545,Lord Vader Will See You Now,Short Story,2020-11-10 00:00:00,From a Certain Point of View,2020,/books/OL30067648M,https://openlibrary.org/books/OL30067648M/From_a_Certain_Point_of_View,10533705,1.0,matched,,https://covers.openlibrary.org/b/id/10533705-L.jpg
STARWARS.xlsx,CANON,1546,Vergence,Short Story,2020-11-10 00:00:00,From a Certain Point of View,2020,/books/OL30067648M,https://openlibrary.org/books/OL30067648M/From_a_Certain_Point_of_View,10533705,1.0,matched,,https://covers.openlibrary.org/b/id/10533705-L.jpg
STARWARS.xlsx,CANON,1547,STET!,Short Story,2020-11-10 00:00:00,From a Certain Point of View,2020,/books/OL30067648M,https://openlibrary.org/books/OL30067648M/From_a_Certain_Point_of_View,10533705,1.0,matched,,https://covers.openlibrary.org/b/id/10533705-L.jpg
STARWARS.xlsx,CANON,1548,Tooth and Claw,Short Story,2020-11-10 00:00:00,From a Certain Point of View,2020,/books/OL30067648M,https://openlibrary.org/books/OL30067648M/From_a_Certain_Point_of_View,10533705,1.0,matched,,https://covers.openlibrary.org/b/id/10533705-L.jpg
STARWARS.xlsx,CANON,1550,Wait for It,Short Story,2020-11-10 00:00:00,From a Certain Point of View,2020,/books/OL30067648M,https://openlibrary.org/books/OL30067648M/From_a_Certain_Point_of_View,10533705,1.0,matched,,https://covers.openlibrary.org/b/id/10533705-L.jpg
STARWARS.xlsx,CANON,1552,Standard Imperial Procedure,Short Story,2020-11-10 00:00:00,From a Certain Point of View,2020,/books/OL30067648M,https://openlibrary.org/books/OL30067648M/From_a_Certain_Point_of_View,10533705,1.0,matched,,https://covers.openlibrary.org/b/id/10533705-L.jpg
STARWARS.xlsx,CANON,1553,Captured on Cloud City,Book (Junior),2017-07-11 00:00:00,Star Wars - Captured on Cloud City,2017,/works/OL24567656W,,11218556,0.8609,matched,,https://covers.openlibrary.org/b/id/11218556-L.jpg
STARWARS.xlsx,CANON,1554,Betrayal at Bespin,Short Story (Junior),2015-09-01 00:00:00,Star Wars: The Original Trilogy Stories ((Storybook Collection)),2015,/books/OL26842612M,https://openlibrary.org/books/OL26842612M/Star_Wars_The_Original_Trilogy_Stories_%28%28Storybook_Collection%29%29,8527047,1.0,matched,,https://covers.openlibrary.org/b/id/8527047-L.jpg
STARWARS.xlsx,CANON,1555,No Time for Poetry,Short Story,2020-11-10 00:00:00,From a Certain Point of View,2020,/books/OL30067648M,https://openlibrary.org/books/OL30067648M/From_a_Certain_Point_of_View,10533705,1.0,matched,,https://covers.openlibrary.org/b/id/10533705-L.jpg
STARWARS.xlsx,CANON,1556,Clash at Cloud City,Short Story (Junior),2017-12-15 00:00:00,5-minute Star Wars stories strike back,2017,/books/OL26411796M,https://openlibrary.org/books/OL26411796M/5-minute_Star_Wars_stories_strike_back,8114257,1.0,matched,,https://covers.openlibrary.org/b/id/8114257-L.jpg
STARWARS.xlsx,CANON,1557,There Is Always Another,Short Story,2020-11-10 00:00:00,From a Certain Point of View,2020,/books/OL30067648M,https://openlibrary.org/books/OL30067648M/From_a_Certain_Point_of_View,10533705,1.0,matched,,https://covers.openlibrary.org/b/id/10533705-L.jpg
STARWARS.xlsx,CANON,1558,Fake It Till You Make It,Short Story,2020-11-10 00:00:00,From a Certain Point of View,2020,/books/OL30067648M,https://openlibrary.org/books/OL30067648M/From_a_Certain_Point_of_View,10533705,1.0,matched,,https://covers.openlibrary.org/b/id/10533705-L.jpg
STARWARS.xlsx,CANON,1559,But What Does He Eat?,Short Story,2020-11-10 00:00:00,From a Certain Point of View,2020,/books/OL30067648M,https://openlibrary.org/books/OL30067648M/From_a_Certain_Point_of_View,10533705,1.0,matched,,https://covers.openlibrary.org/b/id/10533705-L.jpg
STARWARS.xlsx,CANON,1560,Into the Clouds,Short Story,2020-11-10 00:00:00,From a Certain Point of View,2020,/books/OL30067648M,https://openlibrary.org/books/OL30067648M/From_a_Certain_Point_of_View,10533705,1.0,matched,,https://covers.openlibrary.org/b/id/10533705-L.jpg
STARWARS.xlsx,CANON,1561,Beyond the Clouds,Short Story,2020-11-10 00:00:00,From a Certain Point of View,2020,/books/OL30067648M,https://openlibrary.org/books/OL30067648M/From_a_Certain_Point_of_View,10533705,1.0,matched,,https://covers.openlibrary.org/b/id/10533705-L.jpg
STARWARS.xlsx,CANON,1562,Due on Batuu,Short Story,2020-11-10 00:00:00,From a Certain Point of View,2020,/books/OL30067648M,https://openlibrary.org/books/OL30067648M/From_a_Certain_Point_of_View,10533705,1.0,matched,,https://covers.openlibrary.org/b/id/10533705-L.jpg
STARWARS.xlsx,CANON,1565,The Witness,Short Story,2020-11-10 00:00:00,From a Certain Point of View,2020,/books/OL30067648M,https://openlibrary.org/books/OL30067648M/From_a_Certain_Point_of_View,10533705,1.0,matched,,https://covers.openlibrary.org/b/id/10533705-L.jpg
STARWARS.xlsx,CANON,1566,The Revelation,Short Story (Junior),2015-09-01 00:00:00,Star Wars: The Original Trilogy Stories ((Storybook Collection)),2015,/books/OL26842612M,https://openlibrary.org/books/OL26842612M/Star_Wars_The_Original_Trilogy_Stories_%28%28Storybook_Collection%29%29,8527047,1.0,matched,,https://covers.openlibrary.org/b/id/8527047-L.jpg
STARWARS.xlsx,CANON,1567,The Man Who Built Cloud City,Short Story,2020-11-10 00:00:00,From a Certain Point of View,2020,/books/OL30067648M,https://openlibrary.org/books/OL30067648M/From_a_Certain_Point_of_View,10533705,1.0,matched,,https://covers.openlibrary.org/b/id/10533705-L.jpg
STARWARS.xlsx,CANON,1571,Bespin Escape,Short Story,2020-11-10 00:00:00,From a Certain Point of View,2020,/books/OL30067648M,https://openlibrary.org/books/OL30067648M/From_a_Certain_Point_of_View,10533705,1.0,matched,,https://covers.openlibrary.org/b/id/10533705-L.jpg
STARWARS.xlsx,CANON,1795,The Backup Backup Plan,Short Story,2020-11-10 00:00:00,From a Certain Point of View,2020,/books/OL30067648M,https://openlibrary.org/books/OL30067648M/From_a_Certain_Point_of_View,10533705,1.0,matched,,https://covers.openlibrary.org/b/id/10533705-L.jpg
STARWARS.xlsx,CANON,1800,Moving Target: A Princess Leia Adventure,Novel (Middle-Grade),2015-09-04 00:00:00,Star Wars - Moving Target - A Princess Leia Adventure,2015,/works/OL21715020W,,10396356,0.9158,matched,,https://covers.openlibrary.org/b/id/10396356-L.jpg
STARWARS.xlsx,CANON,1801,Right-Hand Man,Short Story,2020-11-10 00:00:00,From a Certain Point of View,2020,/books/OL30067648M,https://openlibrary.org/books/OL30067648M/From_a_Certain_Point_of_View,10533705,1.0,matched,,https://covers.openlibrary.org/b/id/10533705-L.jpg
STARWARS.xlsx,CANON,1810,The Kroolok,Short Story,2021-09-07 00:00:00,Star Wars Life Day Treasury,2021,/books/OL34179533M,https://openlibrary.org/books/OL34179533M/Star_Wars_Life_Day_Treasury,12393604,1.0,matched,,https://covers.openlibrary.org/b/id/12393604-L.jpg
STARWARS.xlsx,CANON,1811,Leia and the Great Island Escape,Short Story (Junior),2018-10-02 00:00:00,Star Wars - Leia and the Great Island Escape,2016,/works/OL24567661W,https://openlibrary.org/books/OL26975004M/Star_Wars_galactic_adventures_storybook_collection,11218565,0.8768,review,,https://covers.openlibrary.org/b/id/11218565-L.jpg
STARWARS.xlsx,CANON,1813,Wolf Trap,Short Story,2023-08-29 00:00:00,From a Certain Point of View,2023,/books/OL47596790M,https://openlibrary.org/books/OL47596790M/From_a_Certain_Point_of_View,14219724,1.0,matched,,https://covers.openlibrary.org/b/id/14219724-L.jpg
STARWARS.xlsx,CANON,1816,Return of the Jedi Junior Novelization,Novel (Middle-Grade),2017-05-04 00:00:00,,,,,,0.0,no_match,,
STARWARS.xlsx,CANON,1817,Return of the Jedi: Beware the Power of the Dark Side!,Novel (Middle-Grade),2015-09-22 00:00:00,Star Wars Return of the Jedi - Beware the Power of the Dark Side!,2015,/works/OL19670222W,,8650895,0.9304,matched,,https://covers.openlibrary.org/b/id/8650895-L.jpg
STARWARS.xlsx,CANON,1818,Return of the Jedi Little Golden Book,Book (Junior),2015-07-28 00:00:00,,,,,,0.0,no_match,,
STARWARS.xlsx,CANON,1819,Return of the Jedi Read-Along Storybook,Book (Junior),2015-04-07 00:00:00,Star Wars - Episode VI - Return of the Jedi (read-along storybook and CD),2015,/works/OL21976205W,,10414039,0.8,matched,,https://covers.openlibrary.org/b/id/10414039-L.jpg
STARWARS.xlsx,CANON,1820,Return of the Jedi Die-Cut Children's Book,Book (Junior),2020-05-05 00:00:00,,,,,,0.0,no_match,,
STARWARS.xlsx,CANON,1821,Trooper Trouble,Short Story,2023-08-29 00:00:00,From a Certain Point of View,2023,/books/OL47596790M,https://openlibrary.org/books/OL47596790M/From_a_Certain_Point_of_View,14219724,1.0,matched,,https://covers.openlibrary.org/b/id/14219724-L.jpg
STARWARS.xlsx,CANON,1822,Return of the Jedi: A Collector's Classic Board Book,Book (Junior),2023-04-25 00:00:00,,,,,,0.0,no_match,,
STARWARS.xlsx,CANON,1823,Return of the Jedi: Graphic Novel Adaptation,Graphic Novel,2019-10-22 00:00:00,,,,,,0.0,no_match,,
STARWARS.xlsx,CANON,1824,Dune Sea Songs of Salt and Moonlight,Short Story,2023-08-29 00:00:00,From a Certain Point of View,2023,/books/OL47596790M,https://openlibrary.org/books/OL47596790M/From_a_Certain_Point_of_View,14219724,1.0,matched,,https://covers.openlibrary.org/b/id/14219724-L.jpg
STARWARS.xlsx,CANON,1825,Rescue From Jabba's Palace,Book (Junior),2015-04-28 00:00:00,Star Wars - Rescue from Jabba's Palace,2015,/works/OL20800122W,,10096682,0.8769,matched,,https://covers.openlibrary.org/b/id/10096682-L.jpg
STARWARS.xlsx,CANON,1826,Against All Odds,Short Story (Junior),2021-01-06 00:00:00,Against All Odds,2022,/works/OL25468837W,https://openlibrary.org/books/OL30080575M/Star_Wars_Galactic_Storybook,12685260,0.99,review,,https://covers.openlibrary.org/b/id/12685260-L.jpg
STARWARS.xlsx,CANON,1827,Any Work Worth Doing,Short Story,2023-08-29 00:00:00,From a Certain Point of View,2023,/books/OL47596790M,https://openlibrary.org/books/OL47596790M/From_a_Certain_Point_of_View,14219724,1.0,matched,,https://covers.openlibrary.org/b/id/14219724-L.jpg
STARWARS.xlsx,CANON,1829,Rescue From Jabba's Palace,Short Story (Junior),2015-09-01 00:00:00,Star Wars: The Original Trilogy Stories ((Storybook Collection)),2015,/books/OL26842612M,https://openlibrary.org/books/OL26842612M/Star_Wars_The_Original_Trilogy_Stories_%28%28Storybook_Collection%29%29,8527047,1.0,matched,,https://covers.openlibrary.org/b/id/8527047-L.jpg
STARWARS.xlsx,CANON,1832,Rescue From Jabba's Palace,Short Story (Junior),2015-12-18 00:00:00,5-Minute Star Wars Stories,2015,/books/OL25942386M,https://openlibrary.org/books/OL25942386M/5-Minute_Star_Wars_Stories,7441737,1.0,matched,,https://covers.openlibrary.org/b/id/7441737-L.jpg
STARWARS.xlsx,CANON,1834,The Plan,Short Story,2023-08-29 00:00:00,From a Certain Point of View,2023,/books/OL47596790M,https://openlibrary.org/books/OL47596790M/From_a_Certain_Point_of_View,14219724,1.0,matched,,https://covers.openlibrary.org/b/id/14219724-L.jpg
STARWARS.xlsx,CANON,1835,Kickback,Short Story,2023-08-29 00:00:00,From a Certain Point of View,2023,/books/OL47596790M,https://openlibrary.org/books/OL47596790M/From_a_Certain_Point_of_View,14219724,1.0,matched,,https://covers.openlibrary.org/b/id/14219724-L.jpg
STARWARS.xlsx,CANON,1836,Fortuna Favors the Bold,Short Story,2023-08-29 00:00:00,From a Certain Point of View,2023,/books/OL47596790M,https://openlibrary.org/books/OL47596790M/From_a_Certain_Point_of_View,14219724,1.0,matched,,https://covers.openlibrary.org/b/id/14219724-L.jpg
STARWARS.xlsx,CANON,1837,Satisfaction,Short Story,2023-08-29 00:00:00,From a Certain Point of View,2023,/books/OL47596790M,https://openlibrary.org/books/OL47596790M/From_a_Certain_Point_of_View,14219724,1.0,matched,,https://covers.openlibrary.org/b/id/14219724-L.jpg
STARWARS.xlsx,CANON,1839,Reputation,Short Story,2023-08-29 00:00:00,From a Certain Point of View,2023,/books/OL47596790M,https://openlibrary.org/books/OL47596790M/From_a_Certain_Point_of_View,14219724,1.0,matched,,https://covers.openlibrary.org/b/id/14219724-L.jpg
STARWARS.xlsx,CANON,1840,Fancy Man,Short Story,2023-08-29 00:00:00,From a Certain Point of View,2023,/books/OL47596790M,https://openlibrary.org/books/OL47596790M/From_a_Certain_Point_of_View,14219724,1.0,matched,,https://covers.openlibrary.org/b/id/14219724-L.jpg
STARWARS.xlsx,CANON,1841,My Mouth Never Closes,Short Story,2023-08-29 00:00:00,From a Certain Point of View,2023,/books/OL47596790M,https://openlibrary.org/books/OL47596790M/From_a_Certain_Point_of_View,14219724,1.0,matched,,https://covers.openlibrary.org/b/id/14219724-L.jpg
STARWARS.xlsx,CANON,1842,The Chronicler,Short Story,2023-08-29 00:00:00,From a Certain Point of View,2023,/books/OL47596790M,https://openlibrary.org/books/OL47596790M/From_a_Certain_Point_of_View,14219724,1.0,matched,,https://covers.openlibrary.org/b/id/14219724-L.jpg
STARWARS.xlsx,CANON,1843,Kernels and Husks,Short Story,2023-08-29 00:00:00,From a Certain Point of View,2023,/books/OL47596790M,https://openlibrary.org/books/OL47596790M/From_a_Certain_Point_of_View,14219724,1.0,matched,,https://covers.openlibrary.org/b/id/14219724-L.jpg
STARWARS.xlsx,CANON,1844,From a Certain Point of View,Short Story,2023-08-29 00:00:00,From a Certain Point of View,2023,/books/OL47596790M,https://openlibrary.org/books/OL47596790M/From_a_Certain_Point_of_View,14219724,1.0,matched,,https://covers.openlibrary.org/b/id/14219724-L.jpg
STARWARS.xlsx,CANON,1845,No Contingency,Short Story,2023-08-29 00:00:00,From a Certain Point of View,2023,/books/OL47596790M,https://openlibrary.org/books/OL47596790M/From_a_Certain_Point_of_View,14219724,1.0,matched,,https://covers.openlibrary.org/b/id/14219724-L.jpg
STARWARS.xlsx,CANON,1846,The Burden of Leadership,Short Story,2023-08-29 00:00:00,From a Certain Point of View,2023,/books/OL47596790M,https://openlibrary.org/books/OL47596790M/From_a_Certain_Point_of_View,14219724,1.0,matched,,https://covers.openlibrary.org/b/id/14219724-L.jpg
STARWARS.xlsx,CANON,1847,Gone to the Winner's Circle,Short Story,2023-08-29 00:00:00,From a Certain Point of View,2023,/books/OL47596790M,https://openlibrary.org/books/OL47596790M/From_a_Certain_Point_of_View,14219724,1.0,matched,,https://covers.openlibrary.org/b/id/14219724-L.jpg
STARWARS.xlsx,CANON,1848,Divine (?) Intervention,Short Story,2023-08-29 00:00:00,From a Certain Point of View,2023,/books/OL47596790M,https://openlibrary.org/books/OL47596790M/From_a_Certain_Point_of_View,14219724,1.0,matched,,https://covers.openlibrary.org/b/id/14219724-L.jpg
STARWARS.xlsx,CANON,1849,The Buy-In,Short Story,2023-08-29 00:00:00,From a Certain Point of View,2023,/books/OL47596790M,https://openlibrary.org/books/OL47596790M/From_a_Certain_Point_of_View,14219724,1.0,matched,,https://covers.openlibrary.org/b/id/14219724-L.jpg
STARWARS.xlsx,CANON,1850,The Ballad of Nanta,Short Story,2023-08-29 00:00:00,From a Certain Point of View,2023,/books/OL47596790M,https://openlibrary.org/books/OL47596790M/From_a_Certain_Point_of_View,14219724,1.0,matched,,https://covers.openlibrary.org/b/id/14219724-L.jpg
STARWARS.xlsx,CANON,1855,Return to Dagobah,Short Story (Junior),2015-09-01 00:00:00,Star Wars: The Original Trilogy Stories ((Storybook Collection)),2015,/books/OL26842612M,https://openlibrary.org/books/OL26842612M/Star_Wars_The_Original_Trilogy_Stories_%28%28Storybook_Collection%29%29,8527047,1.0,matched,,https://covers.openlibrary.org/b/id/8527047-L.jpg
STARWARS.xlsx,CANON,1856,The Light That Falls,Short Story,2023-08-29 00:00:00,From a Certain Point of View,2023,/books/OL47596790M,https://openlibrary.org/books/OL47596790M/From_a_Certain_Point_of_View,14219724,1.0,matched,,https://covers.openlibrary.org/b/id/14219724-L.jpg
STARWARS.xlsx,CANON,1857,Masters,Short Story,2022-06-07 00:00:00,Stories of Jedi and Sith,2022,/books/OL36054858M,https://openlibrary.org/books/OL36054858M/Stories_of_Jedi_and_Sith,12876365,1.0,matched,,https://covers.openlibrary.org/b/id/12876365-L.jpg
STARWARS.xlsx,CANON,1858,When Fire Marked the Sky,Short Story,2023-08-29 00:00:00,From a Certain Point of View,2023,/books/OL47596790M,https://openlibrary.org/books/OL47596790M/From_a_Certain_Point_of_View,14219724,1.0,matched,,https://covers.openlibrary.org/b/id/14219724-L.jpg
STARWARS.xlsx,CANON,1859,The Extra Five Percent,Short Story,2023-08-29 00:00:00,From a Certain Point of View,2023,/books/OL47596790M,https://openlibrary.org/books/OL47596790M/From_a_Certain_Point_of_View,14219724,1.0,matched,,https://covers.openlibrary.org/b/id/14219724-L.jpg
STARWARS.xlsx,CANON,1861,Flight and Fight!,Short Story (Junior),2015-09-01 00:00:00,Star Wars: The Original Trilogy Stories ((Storybook Collection)),2015,/books/OL26842612M,https://openlibrary.org/books/OL26842612M/Star_Wars_The_Original_Trilogy_Stories_%28%28Storybook_Collection%29%29,8527047,1.0,matched,,https://covers.openlibrary.org/b/id/8527047-L.jpg
STARWARS.xlsx,CANON,1862,The Battle of Endor,Book (Junior),2023-03-07 00:00:00,Star Wars The Battle of Endor,,/works/OL31852474W,,,0.74,review,,
STARWARS.xlsx,CANON,1863,The Ewoks Join the Fight,Short Story (Junior),2015-12-18 00:00:00,5-Minute Star Wars Stories,2015,/books/OL25942386M,https://openlibrary.org/books/OL25942386M/5-Minute_Star_Wars_Stories,7441737,1.0,matched,,https://covers.openlibrary.org/b/id/7441737-L.jpg
STARWARS.xlsx,CANON,1864,Ewoks Join the Fight,Book (Junior),2015-08-04 00:00:00,Star Wars - Ewoks Join The Fight,2015,/works/OL20800111W,,10096665,0.8476,matched,,https://covers.openlibrary.org/b/id/10096665-L.jpg
STARWARS.xlsx,CANON,1865,One Normal Day,Short Story,2023-08-29 00:00:00,From a Certain Point of View,2023,/books/OL47596790M,https://openlibrary.org/books/OL47596790M/From_a_Certain_Point_of_View,14219724,1.0,matched,,https://covers.openlibrary.org/b/id/14219724-L.jpg
STARWARS.xlsx,CANON,1867,Leia and the Ewoks,Short Story (Junior),2015-09-01 00:00:00,Star Wars: The Original Trilogy Stories ((Storybook Collection)),2015,/books/OL26842612M,https://openlibrary.org/books/OL26842612M/Star_Wars_The_Original_Trilogy_Stories_%28%28Storybook_Collection%29%29,8527047,1.0,matched,,https://covers.openlibrary.org/b/id/8527047-L.jpg
STARWARS.xlsx,CANON,1869,The Man Who Captured Luke Skywalker,Short Story,2023-08-29 00:00:00,From a Certain Point of View,2023,/books/OL47596790M,https://openlibrary.org/books/OL47596790M/From_a_Certain_Point_of_View,14219724,1.0,matched,,https://covers.openlibrary.org/b/id/14219724-L.jpg
STARWARS.xlsx,CANON,1870,Ackbar,Short Story,2023-08-29 00:00:00,From a Certain Point of View,2023,/books/OL47596790M,https://openlibrary.org/books/OL47596790M/From_a_Certain_Point_of_View,14219724,1.0,matched,,https://covers.openlibrary.org/b/id/14219724-L.jpg
STARWARS.xlsx,CANON,1871,The Impossible Flight of Ash Angels,Short Story,2023-08-29 00:00:00,From a Certain Point of View,2023,/books/OL47596790M,https://openlibrary.org/books/OL47596790M/From_a_Certain_Point_of_View,14219724,1.0,matched,,https://covers.openlibrary.org/b/id/14219724-L.jpg
STARWARS.xlsx,CANON,1872,Ending Protocol,Short Story,2023-08-29 00:00:00,From a Certain Point of View,2023,/books/OL47596790M,https://openlibrary.org/books/OL47596790M/From_a_Certain_Point_of_View,14219724,1.0,matched,,https://covers.openlibrary.org/b/id/14219724-L.jpg
STARWARS.xlsx,CANON,1873,The Last Flight,Short Story,2023-08-29 00:00:00,From a Certain Point of View,2023,/books/OL47596790M,https://openlibrary.org/books/OL47596790M/From_a_Certain_Point_of_View,14219724,1.0,matched,,https://covers.openlibrary.org/b/id/14219724-L.jpg
STARWARS.xlsx,CANON,1874,Twenty and Out,Short Story,2023-08-29 00:00:00,From a Certain Point of View,2023,/books/OL47596790M,https://openlibrary.org/books/OL47596790M/From_a_Certain_Point_of_View,14219724,1.0,matched,,https://covers.openlibrary.org/b/id/14219724-L.jpg
STARWARS.xlsx,CANON,1875,Impact,Short Story,2023-08-29 00:00:00,From a Certain Point of View,2023,/books/OL47596790M,https://openlibrary.org/books/OL47596790M/From_a_Certain_Point_of_View,14219724,1.0,matched,,https://covers.openlibrary.org/b/id/14219724-L.jpg
STARWARS.xlsx,CANON,1876,The Final Duel,Short Story (Junior),2015-09-01 00:00:00,Star Wars: The Original Trilogy Stories ((Storybook Collection)),2015,/books/OL26842612M,https://openlibrary.org/books/OL26842612M/Star_Wars_The_Original_Trilogy_Stories_%28%28Storybook_Collection%29%29,8527047,1.0,matched,,https://covers.openlibrary.org/b/id/8527047-L.jpg
STARWARS.xlsx,CANON,1877,Death Star Battle,Short Story (Junior),2017-12-15 00:00:00,5-minute Star Wars stories strike back,2017,/books/OL26411796M,https://openlibrary.org/books/OL26411796M/5-minute_Star_Wars_stories_strike_back,8114257,1.0,matched,,https://covers.openlibrary.org/b/id/8114257-L.jpg
STARWARS.xlsx,CANON,1878,The Battle for Endor,Short Story (Junior),2015-09-01 00:00:00,Star Wars: The Original Trilogy Stories ((Storybook Collection)),2015,/books/OL26842612M,https://openlibrary.org/books/OL26842612M/Star_Wars_The_Original_Trilogy_Stories_%28%28Storybook_Collection%29%29,8527047,1.0,matched,,https://covers.openlibrary.org/b/id/8527047-L.jpg
STARWARS.xlsx,CANON,1879,The Emperor's Red Guards,Short Story,2023-08-29 00:00:00,From a Certain Point of View,2023,/books/OL47596790M,https://openlibrary.org/books/OL47596790M/From_a_Certain_Point_of_View,14219724,1.0,matched,,https://covers.openlibrary.org/b/id/14219724-L.jpg
STARWARS.xlsx,CANON,1882,The Levers of Power,Short Story,2015-10-06 00:00:00,"The Rise of the Empire : Star Wars : Featuring the novels Star Wars : Tarkin, Star Wars",2015,/books/OL28255194M,https://openlibrary.org/books/OL28255194M/The_Rise_of_the_Empire_Star_Wars_Featuring_the_novels_Star_Wars_Tarkin_Star_Wars,10184488,1.0,matched,,https://covers.openlibrary.org/b/id/10184488-L.jpg
STARWARS.xlsx,CANON,1886,To the Last,Short Story,2023-08-29 00:00:00,From a Certain Point of View,2023,/books/OL47596790M,https://openlibrary.org/books/OL47596790M/From_a_Certain_Point_of_View,14219724,1.0,matched,,https://covers.openlibrary.org/b/id/14219724-L.jpg
STARWARS.xlsx,CANON,1887,"Then Fall, Sidious",Short Story,2023-08-29 00:00:00,From a Certain Point of View,2023,/books/OL47596790M,https://openlibrary.org/books/OL47596790M/From_a_Certain_Point_of_View,14219724,1.0,matched,,https://covers.openlibrary.org/b/id/14219724-L.jpg
STARWARS.xlsx,CANON,1888,Brotherhood,Short Story,2023-08-29 00:00:00,From a Certain Point of View,2023,/books/OL47596790M,https://openlibrary.org/books/OL47596790M/From_a_Certain_Point_of_View,14219724,1.0,matched,,https://covers.openlibrary.org/b/id/14219724-L.jpg
STARWARS.xlsx,CANON,1891,The Veteran,Short Story,2023-08-29 00:00:00,From a Certain Point of View,2023,/books/OL47596790M,https://openlibrary.org/books/OL47596790M/From_a_Certain_Point_of_View,14219724,1.0,matched,,https://covers.openlibrary.org/b/id/14219724-L.jpg
STARWARS.xlsx,CANON,1894,The Steadfast Soldier,Short Story,2023-08-29 00:00:00,From a Certain Point of View,2023,/books/OL47596790M,https://openlibrary.org/books/OL47596790M/From_a_Certain_Point_of_View,14219724,1.0,matched,,https://covers.openlibrary.org/b/id/14219724-L.jpg
STARWARS.xlsx,CANON,1895,The Golden One (Target-exclusive edition),Short Story,2020-08-30 00:00:00,Star Wars: Myths and Fables,2019,/books/OL29341897M,https://openlibrary.org/books/OL29341897M/Star_Wars_Myths_and_Fables,10386157,1.0,matched,,https://covers.openlibrary.org/b/id/10386157-L.jpg
STARWARS.xlsx,CANON,1901,Someone Who Loves You,Book (Junior),2024-12-03 00:00:00,Someone Who Will Love You in All Your Damaged Glory,2019,/works/OL20935145W,,10302618,0.6033,review,,https://covers.openlibrary.org/b/id/10302618-L.jpg
STARWARS.xlsx,CANON,1954,Chasing Ghosts,Short Story,2019-08-06 00:00:00,Star Wars: Myths and Fables,2019,/books/OL29341897M,https://openlibrary.org/books/OL29341897M/Star_Wars_Myths_and_Fables,10386157,1.0,matched,,https://covers.openlibrary.org/b/id/10386157-L.jpg
STARWARS.xlsx,CANON,1973,The Tree of Life,Short Story,2021-09-07 00:00:00,Star Wars Life Day Treasury,2021,/books/OL34179533M,https://openlibrary.org/books/OL34179533M/Star_Wars_Life_Day_Treasury,12393604,1.0,matched,,https://covers.openlibrary.org/b/id/12393604-L.jpg
STARWARS.xlsx,CANON,1976,The Key to Remembering,Short Story,2023-08-29 00:00:00,From a Certain Point of View,2023,/books/OL47596790M,https://openlibrary.org/books/OL47596790M/From_a_Certain_Point_of_View,14219724,1.0,matched,,https://covers.openlibrary.org/b/id/14219724-L.jpg
STARWARS.xlsx,CANON,1977,Hunters: Battle for the Arena,Novel (Middle-Grade),2023-03-07 00:00:00,Star Wars Hunters - Battle for the Arena,2022,/works/OL25911194W,,12773892,0.8757,matched,,https://covers.openlibrary.org/b/id/12773892-L.jpg
STARWARS.xlsx,CANON,1998,The Mandalorian Junior Novel,Novel (Middle-Grade),2021-01-05 00:00:00,Star Wars - The Mandalorian (Junior Novel),2021,/works/OL21936701W,,11218576,0.8897,matched,,https://covers.openlibrary.org/b/id/11218576-L.jpg
STARWARS.xlsx,CANON,1999,The Mandalorian: The Graphic Novel of Season 1,Graphic Novel,2022-03-21 00:00:00,,,,,,0.0,no_match,,
STARWARS.xlsx,CANON,2000,The Mandalorian: Volume 1 - Die-Cut Children's Book,Book (Junior),2021-05-04 00:00:00,,,,,,0.0,no_match,,
STARWARS.xlsx,CANON,2001,The Mandalorian: This is the Way - Little Golden Book,Book (Junior),2020-10-27 00:00:00,,,,,,0.0,no_match,,
STARWARS.xlsx,CANON,2002,The Mandalorian: A Clan of Two,Book (Junior),2020-12-01 00:00:00,Star Wars - The Mandalorian - A Clan of Two,2020,/works/OL21936699W,,11218590,0.8857,matched,,https://covers.openlibrary.org/b/id/11218590-L.jpg
STARWARS.xlsx,CANON,2020,The Mandalorian Season 2 Junior Novel,Novel (Middle-Grade),2022-01-04 00:00:00,Star Wars - The Mandalorian Season 2 (Junior Novel),2022,/works/OL25447440W,,12393465,0.9111,matched,,https://covers.openlibrary.org/b/id/12393465-L.jpg
STARWARS.xlsx,CANON,2021,The Mandalorian: The Mandalorian's Quest,Book (Junior),2022-01-11 00:00:00,Star Wars - The Mandalorian - The Mandalorian's Quest,2022,/works/OL26428100W,,12393468,0.9158,matched,,https://covers.openlibrary.org/b/id/12393468-L.jpg
STARWARS.xlsx,CANON,2022,The Mandalorian: The Graphic Novel of Season 2,Graphic Novel,2022-10-11 00:00:00,,,,,,0.0,no_match,,
STARWARS.xlsx,CANON,2023,The Mandalorian: The Path of the Force,Book (Junior),2022-01-11 00:00:00,Star Wars - The Mandalorian - The Path of the Force,2022,/works/OL25447441W,,12393466,0.9086,matched,,https://covers.openlibrary.org/b/id/12393466-L.jpg
STARWARS.xlsx,CANON,2031,The Book of Boba Fett Junior Novel,Novel (Middle-Grade),2023-01-03 00:00:00,,,,,,0.0,no_match,,
STARWARS.xlsx,CANON,2040,The Mandalorian: The Graphic Novel of Season 3,Graphic Novel,2024-11-05 00:00:00,,,,,,0.0,no_match,,
STARWARS.xlsx,CANON,2066,The Mandalorian and Grogu Junior Novelization,Novel (Middle-Grade),2027-02-23 00:00:00,,,,,,0.0,no_match,,
STARWARS.xlsx,CANON,2080,The Legends of Luke Skywalker,Novel (Middle-Grade),2017-10-05 00:00:00,Star Wars - The Legends of Luke Skywalker,2017,/works/OL19721047W,,9758910,0.8897,matched,,https://covers.openlibrary.org/b/id/9758910-L.jpg
STARWARS.xlsx,CANON,2082,High Noon on Jakku,Short Story,2015-12-01 00:00:00,Star Wars: Aliens,2016,/books/OL28158190M,https://openlibrary.org/books/OL28158190M/Star_Wars_Aliens,10098005,1.0,matched,,https://covers.openlibrary.org/b/id/10098005-L.jpg
STARWARS.xlsx,CANON,2083,All Creatures Great and Small,Short Story,2015-12-01 00:00:00,Star Wars: Aliens,2016,/books/OL28158190M,https://openlibrary.org/books/OL28158190M/Star_Wars_Aliens,10098005,1.0,matched,,https://covers.openlibrary.org/b/id/10098005-L.jpg
STARWARS.xlsx,CANON,2084,The Face of Evil,Short Story,2015-12-01 00:00:00,Star Wars: Aliens,2016,/books/OL28158190M,https://openlibrary.org/books/OL28158190M/Star_Wars_Aliens,10098005,1.0,matched,,https://covers.openlibrary.org/b/id/10098005-L.jpg
STARWARS.xlsx,CANON,2085,True Love,Short Story,2015-12-01 00:00:00,Star Wars: Aliens,2016,/books/OL28158190M,https://openlibrary.org/books/OL28158190M/Star_Wars_Aliens,10098005,1.0,matched,,https://covers.openlibrary.org/b/id/10098005-L.jpg
STARWARS.xlsx,CANON,2086,Bakurat (Target-exclusive edition),Short Story,2020-08-30 00:00:00,Star Wars: Dark Legends,2020,/books/OL29843080M,https://openlibrary.org/books/OL29843080M/Star_Wars_Dark_Legends,11203262,1.0,matched,,https://covers.openlibrary.org/b/id/11203262-L.jpg
STARWARS.xlsx,CANON,2087,Buyer Beware,Short Story,2020-07-28 00:00:00,Star Wars: Dark Legends,2020,/books/OL29843080M,https://openlibrary.org/books/OL29843080M/Star_Wars_Dark_Legends,11203262,1.0,matched,,https://covers.openlibrary.org/b/id/11203262-L.jpg
STARWARS.xlsx,CANON,2088,The Perfect Weapon,Short Story,2015-11-24 00:00:00,Star Wars: The Perfect Weapon,2015,/books/OL32549395M,https://openlibrary.org/books/OL32549395M/Star_Wars_The_Perfect_Weapon,11196706,1.0,matched,,https://covers.openlibrary.org/b/id/11196706-L.jpg
STARWARS.xlsx,CANON,2089,The Crimson Corsair and the Lost Treasure of Count Dooku,Short Story,2015-12-01 00:00:00,Star Wars: Aliens,2016,/books/OL28158190M,https://openlibrary.org/books/OL28158190M/Star_Wars_Aliens,10098005,1.0,matched,,https://covers.openlibrary.org/b/id/10098005-L.jpg
STARWARS.xlsx,CANON,2100,Before the Awakening,Novel (Middle-Grade),2015-12-18 00:00:00,Star Wars - Before the Awakening,2015,/works/OL17629269W,,10860101,0.8545,matched,,https://covers.openlibrary.org/b/id/10860101-L.jpg
STARWARS.xlsx,CANON,2101,Poe and the Missing Ship,Short Story (Junior),2018-10-02 00:00:00,Star Wars - Poe and the Missing Ship,2017,/works/OL24570653W,https://openlibrary.org/books/OL26975004M/Star_Wars_galactic_adventures_storybook_collection,11222721,0.8567,review,,https://covers.openlibrary.org/b/id/11222721-L.jpg
STARWARS.xlsx,CANON,2112,C-3PO's New Arm,Short Story (Junior),2018-10-02 00:00:00,,,,https://openlibrary.org/books/OL26975004M/Star_Wars_galactic_adventures_storybook_collection,,0.0,no_match,,
STARWARS.xlsx,CANON,2121,Rey's First Flight,Short Story (Junior),2018-10-02 00:00:00,,,,https://openlibrary.org/books/OL26975004M/Star_Wars_galactic_adventures_storybook_collection,,0.0,no_match,,
STARWARS.xlsx,CANON,2122,Stormtrooper in Training,Short Story (Junior),2018-10-02 00:00:00,,,,https://openlibrary.org/books/OL26975004M/Star_Wars_galactic_adventures_storybook_collection,,0.0,no_match,,
STARWARS.xlsx,CANON,2123,Join the Resistance,Novel (Middle-Grade),2017-03-07 00:00:00,Join the Resistance,2022,/works/OL27622663W,,14749564,0.95,matched,,https://covers.openlibrary.org/b/id/14749564-L.jpg
STARWARS.xlsx,CANON,2151,Star Wars Resistance: Meet the Pilots,Book (Junior),2019-01-08 00:00:00,,,,,,0.0,no_match,,
STARWARS.xlsx,CANON,2169,The Last Jedi: Cobalt Squadron,Novel (Middle-Grade),2017-12-15 00:00:00,Star Wars - The Last Jedi - Cobalt Squadron,2017,/works/OL17875627W,,10832520,0.8897,matched,,https://covers.openlibrary.org/b/id/10832520-L.jpg
STARWARS.xlsx,CANON,2170,Rose and Paige Fight for the Resistance,Short Story (Junior),2018-10-02 00:00:00,,,,https://openlibrary.org/books/OL26975004M/Star_Wars_galactic_adventures_storybook_collection,,0.0,no_match,,
STARWARS.xlsx,CANON,2171,Join the Resistance: Escape from Vodran,Novel (Middle-Grade),2017-10-03 00:00:00,Star Wars - Join the Resistance - Escape From Vodran,2017,/works/OL21523828W,,10377683,0.9135,matched,,https://covers.openlibrary.org/b/id/10377683-L.jpg
STARWARS.xlsx,CANON,2184,The Galaxy Needs You,Book (Junior),2019-12-17 00:00:00,Star Wars the Galaxy Needs You,2019,/works/OL24606831W,,11222958,0.8476,matched,,https://covers.openlibrary.org/b/id/11222958-L.jpg
STARWARS.xlsx,CANON,2186,The Force Awakens: A Junior Novel,Novel (Middle-Grade),2015-12-18 00:00:00,,,,,,0.0,no_match,,
STARWARS.xlsx,CANON,2187,The Force Awakens Little Golden Book,Book (Junior),2016-04-12 00:00:00,,,,,,0.0,no_match,,
STARWARS.xlsx,CANON,2188,The Force Awakens Read-Along Storybook and CD,Book (Junior),2016-04-05 00:00:00,Star Wars - The Force Awakens Read-Along Storybook and CD,2016,/works/OL24570804W,,11222903,0.9238,matched,,https://covers.openlibrary.org/b/id/11222903-L.jpg
STARWARS.xlsx,CANON,2189,The Force Awakens Die-Cut Children's Book,Book (Junior),2021-02-09 00:00:00,,,,,,0.0,no_match,,
STARWARS.xlsx,CANON,2190,The Force Awakens Storybook,Book (Junior),2016-04-05 00:00:00,Star Wars - The Force Awakens (Storybook),2016,/works/OL19651115W,,8566819,0.8857,matched,,https://covers.openlibrary.org/b/id/8566819-L.jpg
STARWARS.xlsx,CANON,2197,The Force Awakens Graphic Novel Adaptation,Graphic Novel,2017-08-29 00:00:00,,,,,,0.0,no_match,,
STARWARS.xlsx,CANON,2199,Rey's Story,Novel (Middle-Grade),2016-02-16 00:00:00,Star Wars - Rey's Story,2016,/works/OL20024189W,,11203031,0.7538,review,,https://covers.openlibrary.org/b/id/11203031-L.jpg
STARWARS.xlsx,CANON,2200,Finn's Story,Novel (Middle-Grade),2016-09-13 00:00:00,Star Wars - The Force Awakens - Finn's story,2016,/works/OL20040444W,,10411775,0.5721,review,,https://covers.openlibrary.org/b/id/10411775-L.jpg
STARWARS.xlsx,CANON,2201,Rolling With BB-8,Book (Junior),2016-02-02 00:00:00,Star Wars - Rolling with BB-8!,2016,/works/OL24570798W,,11222897,0.8222,matched,,https://covers.openlibrary.org/b/id/11222897-L.jpg
STARWARS.xlsx,CANON,2202,Rey to the Rescue!,Book (Junior),2017-01-03 00:00:00,Star Wars - Rey To The Rescue!,2017,/works/OL19541453W,,8506677,0.8222,matched,,https://covers.openlibrary.org/b/id/8506677-L.jpg
STARWARS.xlsx,CANON,2203,Finn & the First Order,Book (Junior),2015-12-18 00:00:00,Star Wars - Finn & the First Order,2015,/works/OL17883396W,,11286263,0.8476,matched,,https://covers.openlibrary.org/b/id/11286263-L.jpg
STARWARS.xlsx,CANON,2204,Rey Meets BB-8,Book (Junior),2015-12-18 00:00:00,Star Wars - Rey Meets BB-8,2015,/works/OL20730309W,,11286265,0.7867,review,,https://covers.openlibrary.org/b/id/11286265-L.jpg
STARWARS.xlsx,CANON,2205,BB-8 Finds a Friend,Book (Junior),2016-10-25 00:00:00,,,,,,0.0,no_match,,
STARWARS.xlsx,CANON,2206,Finn and Poe Team Up!,Book (Junior),2016-06-14 00:00:00,Star Wars - Finn and Poe Team Up!,2016,/works/OL24570814W,,11222916,0.84,matched,,https://covers.openlibrary.org/b/id/11222916-L.jpg
STARWARS.xlsx,CANON,2208,Finn & Rey Escape!,Book (Junior),2015-12-18 00:00:00,Star Wars - Finn & Rey Escape!,2015,/works/OL24265027W,,10755262,0.8118,matched,,https://covers.openlibrary.org/b/id/10755262-L.jpg
STARWARS.xlsx,CANON,2209,Han & Chewie Return!,Book (Junior),2015-12-18 00:00:00,Star Wars - Han & Chewie Return!,2015,/works/OL24570819W,,11222923,0.8316,matched,,https://covers.openlibrary.org/b/id/11222923-L.jpg
STARWARS.xlsx,CANON,2212,Mission to Maz,Short Story (Junior),2017-12-15 00:00:00,5-minute Star Wars stories strike back,2017,/books/OL26411796M,https://openlibrary.org/books/OL26411796M/5-minute_Star_Wars_stories_strike_back,8114257,1.0,matched,,https://covers.openlibrary.org/b/id/8114257-L.jpg
STARWARS.xlsx,CANON,2213,New Heroes for the Galaxy,Short Story (Junior),2021-01-06 00:00:00,,,,https://openlibrary.org/books/OL30080575M/Star_Wars_Galactic_Storybook,,0.0,no_match,,
STARWARS.xlsx,CANON,2214,A Friend for Rey,Short Story (Junior),2015-12-18 00:00:00,5-Minute Star Wars Stories,2015,/books/OL25942386M,https://openlibrary.org/books/OL25942386M/5-Minute_Star_Wars_Stories,7441737,1.0,matched,,https://covers.openlibrary.org/b/id/7441737-L.jpg
STARWARS.xlsx,CANON,2215,Finn and Poe Team Up!,Short Story (Junior),2017-12-15 00:00:00,5-minute Star Wars stories strike back,2017,/books/OL26411796M,https://openlibrary.org/books/OL26411796M/5-minute_Star_Wars_stories_strike_back,8114257,1.0,matched,,https://covers.openlibrary.org/b/id/8114257-L.jpg
STARWARS.xlsx,CANON,2216,Rathtars on the Loose!,Short Story (Junior),2015-12-18 00:00:00,5-Minute Star Wars Stories,2015,/books/OL25942386M,https://openlibrary.org/books/OL25942386M/5-Minute_Star_Wars_Stories,7441737,1.0,matched,,https://covers.openlibrary.org/b/id/7441737-L.jpg
STARWARS.xlsx,CANON,2218,The Fight in the Forest,Short Story (Junior),2017-12-15 00:00:00,5-minute Star Wars stories strike back,2017,/books/OL26411796M,https://openlibrary.org/books/OL26411796M/5-minute_Star_Wars_stories_strike_back,8114257,1.0,matched,,https://covers.openlibrary.org/b/id/8114257-L.jpg
STARWARS.xlsx,CANON,2219,The Fight in the Forest,Book (Junior),2017-01-17 00:00:00,Star Wars - The Fight in the Forest,2017,/works/OL24570825W,,11222930,0.8609,matched,,https://covers.openlibrary.org/b/id/11222930-L.jpg
STARWARS.xlsx,CANON,2221,BB-8 on the Run,Book (Junior),2017-09-01 00:00:00,Star Wars - BB-8 on the Run,2017,/works/OL19713894W,,11202990,0.7867,review,,https://covers.openlibrary.org/b/id/11202990-L.jpg
STARWARS.xlsx,CANON,2224,Forces of Destiny: The Rey Chronicles,Book (Junior),2018-03-06 00:00:00,Star Wars - Forces of Destiny - The Rey Chronicles,2018,/works/OL19743870W,,11222727,0.9086,matched,,https://covers.openlibrary.org/b/id/11222727-L.jpg
STARWARS.xlsx,CANON,2233,Join the Resistance: Attack on Starkiller Base,Novel (Middle-Grade),2018-07-31 00:00:00,Star Wars - Join the Resistance - Attack on Starkiller Base,2018,/works/OL24552556W,,11196783,0.9256,matched,,https://covers.openlibrary.org/b/id/11196783-L.jpg
STARWARS.xlsx,CANON,2237,Captain Phasma's Escape from Starkiller Base,Short Story (Junior),2018-10-02 00:00:00,,,,https://openlibrary.org/books/OL26975004M/Star_Wars_galactic_adventures_storybook_collection,,0.0,no_match,,
STARWARS.xlsx,CANON,2243,Rules of the Game,Short Story,2017-12-05 00:00:00,Star Wars: Canto Bight,2018,/books/OL30591203M,https://openlibrary.org/books/OL30591203M/Star_Wars_Canto_Bight,11208870,1.0,matched,,https://covers.openlibrary.org/b/id/11208870-L.jpg
STARWARS.xlsx,CANON,2244,"Hear Nothing, See Nothing, Say Nothing",Short Story,2017-12-05 00:00:00,Star Wars: Canto Bight,2018,/books/OL30591203M,https://openlibrary.org/books/OL30591203M/Star_Wars_Canto_Bight,11208870,1.0,matched,,https://covers.openlibrary.org/b/id/11208870-L.jpg
STARWARS.xlsx,CANON,2245,The Wine in Dreams,Short Story,2017-12-05 00:00:00,Star Wars: Canto Bight,2018,/books/OL30591203M,https://openlibrary.org/books/OL30591203M/Star_Wars_Canto_Bight,11208870,1.0,matched,,https://covers.openlibrary.org/b/id/11208870-L.jpg
STARWARS.xlsx,CANON,2246,The Ride,Short Story,2017-12-05 00:00:00,Star Wars: Canto Bight,2018,/books/OL30591203M,https://openlibrary.org/books/OL30591203M/Star_Wars_Canto_Bight,11208870,1.0,matched,,https://covers.openlibrary.org/b/id/11208870-L.jpg
STARWARS.xlsx,CANON,2252,The Last Jedi: A Junior Novel,Novel (Middle-Grade),2018-03-06 00:00:00,,,,,,0.0,no_match,,
STARWARS.xlsx,CANON,2253,The Last Jedi Little Golden Book,Book (Junior),2018-07-10 00:00:00,,,,,,0.0,no_match,,
STARWARS.xlsx,CANON,2254,The Last Jedi Graphic Novel Adaptation,Graphic Novel,2018-09-25 00:00:00,,,,,,0.0,no_match,,
STARWARS.xlsx,CANON,2255,The Last Jedi Read-Along Storybook and CD,Book (Junior),2018-03-06 00:00:00,Star Wars - The Last Jedi - Read-Along Storybook and CD,2018,/works/OL24570838W,,11222946,0.9158,matched,,https://covers.openlibrary.org/b/id/11222946-L.jpg
STARWARS.xlsx,CANON,2256,The Last Jedi Storybook,Book (Junior),2018-03-06 00:00:00,Star Wars - The Last Jedi - Storybook,2018,/works/OL20183712W,,8831820,0.8667,matched,,https://covers.openlibrary.org/b/id/8831820-L.jpg
STARWARS.xlsx,CANON,2257,The Last Jedi Die-Cut Children's Book,Book (Junior),2021-02-09 00:00:00,,,,,,0.0,no_match,,
STARWARS.xlsx,CANON,2259,Rey's Journey,Book (Junior),2017-12-15 00:00:00,Star Wars - The Last Jedi - Rey's Journey,2017,/works/OL19740765W,,11215389,0.6293,review,,https://covers.openlibrary.org/b/id/11215389-L.jpg
STARWARS.xlsx,CANON,2260,Poe's Plan,Short Story (Junior),2017-12-15 00:00:00,5-minute Star Wars stories strike back,2017,/books/OL26411796M,https://openlibrary.org/books/OL26411796M/5-minute_Star_Wars_stories_strike_back,8114257,1.0,matched,,https://covers.openlibrary.org/b/id/8114257-L.jpg
STARWARS.xlsx,CANON,2261,Rose and Finn's Secret Mission,Book (Junior),2017-12-15 00:00:00,Star Wars - The Last Jedi - Rose and Finn's Secret Mission,2017,/works/OL24570840W,,11222948,0.7797,review,,https://covers.openlibrary.org/b/id/11222948-L.jpg
STARWARS.xlsx,CANON,2264,Captured in Canto Bight,Short Story (Junior),2017-12-15 00:00:00,5-minute Star Wars stories strike back,2017,/books/OL26411796M,https://openlibrary.org/books/OL26411796M/5-minute_Star_Wars_stories_strike_back,8114257,1.0,matched,,https://covers.openlibrary.org/b/id/8114257-L.jpg
STARWARS.xlsx,CANON,2268,Chewie and the Porgs,Book (Junior),2017-12-15 00:00:00,Chewie and the Porgs,2017,/works/OL21198610W,,11203167,1.0,matched,,https://covers.openlibrary.org/b/id/11203167-L.jpg
STARWARS.xlsx,CANON,2289,Galaxy of Creatures,Book (Junior),2022-01-04 00:00:00,Galaxy of Creatures (Star Wars),2022,/works/OL28878006W,,,0.8476,review,,
STARWARS.xlsx,CANON,2339,Through the Turbulence,Short Story,2022-06-07 00:00:00,Stories of Jedi and Sith,2022,/books/OL36054858M,https://openlibrary.org/books/OL36054858M/Stories_of_Jedi_and_Sith,12876365,1.0,matched,,https://covers.openlibrary.org/b/id/12876365-L.jpg
STARWARS.xlsx,CANON,2348,Legacy,Novel,2026-07-28 00:00:00,Legacy,1984,/works/OL34325W,https://openlibrary.org/books/OL62403901M/Star_Wars_Legacy,221959,0.8,review,,https://covers.openlibrary.org/b/id/221959-L.jpg
STARWARS.xlsx,CANON,2359,3-3PO Does NOT Like Sand,Book (Junior),2019-06-04 00:00:00,Star Wars - C-3PO Does NOT Like Sand!,2019,/works/OL20153473W,,8798448,0.8261,matched,,https://covers.openlibrary.org/b/id/8798448-L.jpg
STARWARS.xlsx,CANON,2360,R2-D2 is LOST!,Book (Junior),2020-02-11 00:00:00,Star Wars - R2-D2 Is LOST!,2020,/works/OL21364969W,,11215232,0.7714,review,,https://covers.openlibrary.org/b/id/11215232-L.jpg
STARWARS.xlsx,CANON,2361,Choose Your Destiny: A Finn & Poe Adventure,Novel (Middle-Grade),2019-10-04 00:00:00,Star Wars - Choose Your Destiny A Finn & Poe Adventure,2019,/works/OL21364819W,,11213652,0.9158,matched,,https://covers.openlibrary.org/b/id/11213652-L.jpg
STARWARS.xlsx,CANON,2362,Spark of the Resistance,Novel (Middle-Grade),2019-10-04 00:00:00,Star Wars - Spark of the Resistance,2019,/works/OL21334583W,,11203239,0.8667,matched,,https://covers.openlibrary.org/b/id/11203239-L.jpg
STARWARS.xlsx,CANON,2368,Pirate's Price,Novel (Middle-Grade),2019-01-08 00:00:00,Pirate's Price,2001,/works/OL8831797W,,868987,0.82,review,,https://covers.openlibrary.org/b/id/868987-L.jpg
STARWARS.xlsx,CANON,2376,Return to a Shattered Planet,Short Story,2020-06-30 00:00:00,Star Wars: Black Spire,2020,/books/OL29481124M,https://openlibrary.org/books/OL29481124M/Star_Wars_Black_Spire,11208891,1.0,matched,,https://covers.openlibrary.org/b/id/11208891-L.jpg
STARWARS.xlsx,CANON,2377,Galaxy's Edge: A Batuu Adventure Little Golden Book,Book (Junior),2025-02-25 00:00:00,,,,,,0.0,no_match,,
STARWARS.xlsx,CANON,2382,Elee & Me,Book (Junior),2020-11-03 00:00:00,,,,,,0.0,no_match,,
STARWARS.xlsx,CANON,2435,The Rise of Skywalker: A Junior Novel,Novel (Middle-Grade),2020-04-16 00:00:00,Star Wars - The Rise of Skywalker (A Junior Novel),2020,/works/OL24564104W,,11213529,0.9059,matched,,https://covers.openlibrary.org/b/id/11213529-L.jpg
STARWARS.xlsx,CANON,2436,The Rise of Skywalker Little Golden Book,Book (Junior),2020-08-25 00:00:00,,,,,,0.0,no_match,,
STARWARS.xlsx,CANON,2437,The Rise of Skywalker Die-Cut Children's Book,Book (Junior),2021-02-09 00:00:00,,,,,,0.0,no_match,,
STARWARS.xlsx,CANON,2438,The Rise of Skywalker Graphic Novel Adaptation,Graphic Novel,2021-03-02 00:00:00,,,,,,0.0,no_match,,
STARWARS.xlsx,CANON,2440,The Final Fight,Short Story (Junior),2021-01-06 00:00:00,The Final Fight,2017,/works/OL34323810W,https://openlibrary.org/books/OL30080575M/Star_Wars_Galactic_Storybook,13307644,0.96,review,,https://covers.openlibrary.org/b/id/13307644-L.jpg
STARWARS.xlsx,CANON,2449,The Last Order,Novel (Young Adult),2025-10-25 00:00:00,Last orders at the Liar's Bar,1999,/works/OL8400669W,https://openlibrary.org/books/OL60891170M/Star_Wars,379825,0.4114,review,,https://covers.openlibrary.org/b/id/379825-L.jpg
STARWARS.xlsx,CANON,2460,Whills,Short Story,2017-10-03 00:00:00,Star wars,2017,/books/OL26929821M,https://openlibrary.org/books/OL26929821M/Star_wars,13277430,1.0,matched,,https://covers.openlibrary.org/b/id/13277430-L.jpg
STARWARS.xlsx,CANON,2461,The Whills Strike Back,Short Story,2020-11-10 00:00:00,From a Certain Point of View,2020,/books/OL30067648M,https://openlibrary.org/books/OL30067648M/From_a_Certain_Point_of_View,10533705,1.0,matched,,https://covers.openlibrary.org/b/id/10533705-L.jpg
STARWARS.xlsx,CANON,2462,Return of the Whills,Short Story,2023-08-29 00:00:00,From a Certain Point of View,2023,/books/OL47596790M,https://openlibrary.org/books/OL47596790M/From_a_Certain_Point_of_View,14219724,1.0,matched,,https://covers.openlibrary.org/b/id/14219724-L.jpg
