workbook,sheet,row_number,title,type,release_date,query_title,media_type,tmdb_id,tmdb_type,matched_title,matched_date,score,status
MCU.xlsx,MCUDATASHEET,2,Into the Lion's Den,Series,2025-08-01 00:00:00,Into the Lion's Den,tv,,tv,,,0.0,no_match
MCU.xlsx,MCUDATASHEET,3,Legends and Lies,Series,2025-08-01 00:00:00,Legends and Lies,tv,,tv,,,0.0,no_match
MCU.xlsx,MCUDATASHEET,4,What If... Hela found the Ten Rings?,Series,2023-12-28 00:00:00,What If... Hela found the Ten Rings?,tv,,tv,,,0.0,no_match
MCU.xlsx,MCUDATASHEET,5,Lost and Found,Series,2025-08-01 00:00:00,Lost and Found,tv,279408,tv,Lost and Found in the Lakes,2025-01-06,0.7221,matched
MCU.xlsx,MCUDATASHEET,6,What If... Kahhori Reshaped the World?,Series,2023-12-29 00:00:00,What If... Kahhori Reshaped the World?,tv,,tv,,,0.0,no_match
MCU.xlsx,MCUDATASHEET,7,What If... The Avengers Assembled in 1602?,Series,2023-12-27 00:00:00,What If... The Avengers Assembled in 1602?,tv,,tv,,,0.0,no_match
MCU.xlsx,MCUDATASHEET,8,What If... 1872?,Series,2024-12-27 00:00:00,What If... 1872?,tv,,tv,,,0.0,no_match
MCU.xlsx,MCUDATASHEET,9,The Last Panther,Series,2025-08-01 00:00:00,The Last Panther,tv,,tv,,,0.0,no_match
MCU.xlsx,MCUDATASHEET,10,Step Into My Office,Series,2026-05-27 00:00:00,Step Into My Office,tv,,tv,,,0.0,no_match
MCU.xlsx,MCUDATASHEET,11,Tread Lightly,Series,2026-05-27 00:00:00,Tread Lightly,tv,,tv,,,0.0,no_match
MCU.xlsx,MCUDATASHEET,12,Double Cross,Series,2026-05-27 00:00:00,Double Cross,tv,,tv,,,0.0,no_match
MCU.xlsx,MCUDATASHEET,13,A Mistake I'll Never Make Again,Series,2026-05-27 00:00:00,A Mistake I'll Never Make Again,tv,,tv,,,0.0,no_match
MCU.xlsx,MCUDATASHEET,14,Betrayal,Series,2026-05-27 00:00:00,Betrayal,tv,271935,tv,Betrayal,2026-02-08,0.9509,matched
MCU.xlsx,MCUDATASHEET,15,Nightmare on a Gurney,Series,2026-05-27 00:00:00,Nightmare on a Gurney,tv,,tv,,,0.0,no_match
MCU.xlsx,MCUDATASHEET,16,Nobody's Hero,Series,2026-05-27 00:00:00,Nobody's Hero,tv,,tv,,,0.0,no_match
MCU.xlsx,MCUDATASHEET,17,The Man in the Mask,Series,2026-05-27 00:00:00,The Man in the Mask,tv,,tv,,,0.0,no_match
MCU.xlsx,MCUDATASHEET,18,Captain America: The First Avenger,Film,2011-07-22 00:00:00,Captain America: The First Avenger,movie,1771,movie,Captain America: The First Avenger,2011-07-22,0.9559,matched
MCU.xlsx,MCUDATASHEET,19,What If... Captain Carter Were The First Avenger?,Series,2021-08-11 00:00:00,What If... Captain Carter Were The First Avenger?,tv,,tv,,,0.0,no_match
MCU.xlsx,MCUDATASHEET,20,Marvel One-Shot: Agent Carter,Short,2013-09-03 00:00:00,Marvel One-Shot: Agent Carter,movie,211387,movie,Marvel One-Shot: Agent Carter,2013-10-04,0.9515,matched
MCU.xlsx,MCUDATASHEET,21,Now Is Not the End,Series,2015-01-06 00:00:00,Now Is Not the End,tv,,tv,,,0.0,no_match
MCU.xlsx,MCUDATASHEET,22,Bridge and Tunnel,Series,2015-01-06 00:00:00,Bridge and Tunnel,tv,,tv,,,0.0,no_match
MCU.xlsx,MCUDATASHEET,23,Time and Tide,Series,2015-01-13 00:00:00,Time and Tide,tv,,tv,,,0.0,no_match
MCU.xlsx,MCUDATASHEET,24,The Blitzkrieg Button,Series,2015-01-27 00:00:00,The Blitzkrieg Button,tv,,tv,,,0.0,no_match
MCU.xlsx,MCUDATASHEET,25,The Iron Ceiling,Series,2015-02-03 00:00:00,The Iron Ceiling,tv,,tv,,,0.0,no_match
MCU.xlsx,MCUDATASHEET,26,A Sin to Err,Series,2015-02-10 00:00:00,A Sin to Err,tv,,tv,,,0.0,no_match
MCU.xlsx,MCUDATASHEET,27,Snafu,Series,2015-02-17 00:00:00,Snafu,tv,,tv,,,0.0,no_match
MCU.xlsx,MCUDATASHEET,28,Valediction,Series,2015-02-24 00:00:00,Valediction,tv,,tv,,,0.0,no_match
MCU.xlsx,MCUDATASHEET,29,The Lady in the Lake,Series,2016-01-19 00:00:00,The Lady in the Lake,tv,,tv,,,0.0,no_match
MCU.xlsx,MCUDATASHEET,30,A View in the Dark,Series,2016-01-19 00:00:00,A View in the Dark,tv,,tv,,,0.0,no_match
MCU.xlsx,MCUDATASHEET,31,Better Angels,Series,2016-01-26 00:00:00,Better Angels,tv,,tv,,,0.0,no_match
MCU.xlsx,MCUDATASHEET,32,Smoke & Mirrors,Series,2016-02-02 00:00:00,Smoke & Mirrors,tv,,tv,,,0.0,no_match
MCU.xlsx,MCUDATASHEET,33,The Atomic Job,Series,2016-02-09 00:00:00,The Atomic Job,tv,,tv,,,0.0,no_match
MCU.xlsx,MCUDATASHEET,34,Life of the Party,Series,2016-02-16 00:00:00,Life of the Party,tv,,tv,,,0.0,no_match
MCU.xlsx,MCUDATASHEET,35,Monsters,Series,2016-02-16 00:00:00,Monsters,tv,114291,tv,Little Monsters,2016-11-02,0.7314,matched
MCU.xlsx,MCUDATASHEET,36,The Edge of Mystery,Series,2016-02-23 00:00:00,The Edge of Mystery,tv,,tv,,,0.0,no_match
MCU.xlsx,MCUDATASHEET,37,A Little Song and Dance,Series,2016-02-23 00:00:00,A Little Song and Dance,tv,,tv,,,0.0,no_match
MCU.xlsx,MCUDATASHEET,38,Hollywood Ending,Series,2016-03-01 00:00:00,Hollywood Ending,tv,,tv,,,0.0,no_match
MCU.xlsx,MCUDATASHEET,39,What If... Agatha Went to Hollywood?,Series,2024-12-23 00:00:00,What If... Agatha Went to Hollywood?,tv,,tv,,,0.0,no_match
MCU.xlsx,MCUDATASHEET,40,X-Men: First Class,Film,2011-06-03 00:00:00,X-Men: First Class,movie,49538,movie,X-Men: First Class,2011-06-01,0.9504,matched
MCU.xlsx,MCUDATASHEET,41,The Incredible Hulk (1977),Film,1977-11-04 00:00:00,The Incredible Hulk (1977),movie,,movie,,,0.0,no_match
MCU.xlsx,MCUDATASHEET,42,A Death in the Family,Series,1977-11-28 00:00:00,A Death in the Family,tv,,tv,,,0.0,no_match
MCU.xlsx,MCUDATASHEET,43,Final Round,Series,1978-03-10 00:00:00,Final Round,tv,,tv,,,0.0,no_match
MCU.xlsx,MCUDATASHEET,44,The Beast Within,Series,1978-03-17 00:00:00,The Beast Within,tv,,tv,,,0.0,no_match
MCU.xlsx,MCUDATASHEET,45,"Of Guilt, Models and Murder",Series,1978-03-24 00:00:00,"Of Guilt, Models and Murder",tv,,tv,,,0.0,no_match
MCU.xlsx,MCUDATASHEET,46,Terror in Times Square,Series,1978-03-31 00:00:00,Terror in Times Square,tv,,tv,,,0.0,no_match
MCU.xlsx,MCUDATASHEET,47,747,Series,1978-04-07 00:00:00,747,tv,,tv,,,0.0,no_match
MCU.xlsx,MCUDATASHEET,48,The Hulk Breaks Las Vegas,Series,1978-04-21 00:00:00,The Hulk Breaks Las Vegas,tv,,tv,,,0.0,no_match
MCU.xlsx,MCUDATASHEET,49,Never Give a Trucker an Even Break,Series,1978-04-28 00:00:00,Never Give a Trucker an Even Break,tv,,tv,,,0.0,no_match
MCU.xlsx,MCUDATASHEET,50,Life and Death,Series,1978-05-12 00:00:00,Life and Death,tv,,tv,,,0.0,no_match
MCU.xlsx,MCUDATASHEET,51,Earthquakes Happen,Series,1978-05-19 00:00:00,Earthquakes Happen,tv,,tv,,,0.0,no_match
MCU.xlsx,MCUDATASHEET,52,The Waterfront Story,Series,1978-05-31 00:00:00,The Waterfront Story,tv,,tv,,,0.0,no_match
MCU.xlsx,MCUDATASHEET,53,Married,Series,1978-09-22 00:00:00,Married,tv,,tv,,,0.0,no_match
MCU.xlsx,MCUDATASHEET,54,The Antowuk Horror,Series,1978-09-29 00:00:00,The Antowuk Horror,tv,,tv,,,0.0,no_match
MCU.xlsx,MCUDATASHEET,55,Ricky,Series,1978-10-06 00:00:00,Ricky,tv,,tv,,,0.0,no_match
MCU.xlsx,MCUDATASHEET,56,Rainbow's End,Series,1978-10-13 00:00:00,Rainbow's End,tv,,tv,,,0.0,no_match
MCU.xlsx,MCUDATASHEET,57,A Child in Need,Series,1978-10-20 00:00:00,A Child in Need,tv,,tv,,,0.0,no_match
MCU.xlsx,MCUDATASHEET,58,Another Path,Series,1978-10-27 00:00:00,Another Path,tv,,tv,,,0.0,no_match
MCU.xlsx,MCUDATASHEET,59,Alice in Disco Land,Series,1978-11-03 00:00:00,Alice in Disco Land,tv,,tv,,,0.0,no_match
MCU.xlsx,MCUDATASHEET,60,Killer Instinct,Series,1978-11-10 00:00:00,Killer Instinct,tv,,tv,,,0.0,no_match
MCU.xlsx,MCUDATASHEET,61,Stop the Presses,Series,1978-11-24 00:00:00,Stop the Presses,tv,,tv,,,0.0,no_match
MCU.xlsx,MCUDATASHEET,62,Escape from Los Santos,Series,1978-12-01 00:00:00,Escape from Los Santos,tv,,tv,,,0.0,no_match
MCU.xlsx,MCUDATASHEET,63,Wildfire,Series,1979-01-17 00:00:00,Wildfire,tv,,tv,,,0.0,no_match
MCU.xlsx,MCUDATASHEET,64,A Solitary Place,Series,1979-01-24 00:00:00,A Solitary Place,tv,,tv,,,0.0,no_match
MCU.xlsx,MCUDATASHEET,65,Like a Brother,Series,1979-01-31 00:00:00,Like a Brother,tv,,tv,,,0.0,no_match
MCU.xlsx,MCUDATASHEET,66,Haunted,Series,1979-02-07 00:00:00,Haunted,tv,,tv,,,0.0,no_match
MCU.xlsx,MCUDATASHEET,67,"Mystery Man, Part 1",Series,1979-03-02 00:00:00,"Mystery Man, Part 1",tv,,tv,,,0.0,no_match
MCU.xlsx,MCUDATASHEET,68,"Mystery Man, Part 2",Series,1979-03-09 00:00:00,"Mystery Man, Part 2",tv,,tv,,,0.0,no_match
MCU.xlsx,MCUDATASHEET,69,The Disciple,Series,1979-03-16 00:00:00,The Disciple,tv,,tv,,,0.0,no_match
MCU.xlsx,MCUDATASHEET,70,No Escape,Series,1979-03-30 00:00:00,No Escape,tv,,tv,,,0.0,no_match
MCU.xlsx,MCUDATASHEET,71,Kindred Spirits,Series,1979-04-06 00:00:00,Kindred Spirits,tv,,tv,,,0.0,no_match
MCU.xlsx,MCUDATASHEET,72,The Confession,Series,1979-05-04 00:00:00,The Confession,tv,,tv,,,0.0,no_match
MCU.xlsx,MCUDATASHEET,73,The Quiet Room,Series,1979-05-11 00:00:00,The Quiet Room,tv,,tv,,,0.0,no_match
MCU.xlsx,MCUDATASHEET,74,Vendetta Road,Series,1979-05-25 00:00:00,Vendetta Road,tv,,tv,,,0.0,no_match
MCU.xlsx,MCUDATASHEET,75,Metamorphosis,Series,1979-09-21 00:00:00,Metamorphosis,tv,,tv,,,0.0,no_match
MCU.xlsx,MCUDATASHEET,76,Blind Rage,Series,1979-09-28 00:00:00,Blind Rage,tv,,tv,,,0.0,no_match
MCU.xlsx,MCUDATASHEET,77,Brain Child,Series,1979-10-05 00:00:00,Brain Child,tv,,tv,,,0.0,no_match
MCU.xlsx,MCUDATASHEET,78,The Slam,Series,1979-10-19 00:00:00,The Slam,tv,,tv,,,0.0,no_match
MCU.xlsx,MCUDATASHEET,79,My Favorite Magician,Series,1979-10-26 00:00:00,My Favorite Magician,tv,,tv,,,0.0,no_match
MCU.xlsx,MCUDATASHEET,80,Jake,Series,1979-11-02 00:00:00,Jake,tv,,tv,,,0.0,no_match
MCU.xlsx,MCUDATASHEET,81,Behind the Wheel,Series,1979-11-09 00:00:00,Behind the Wheel,tv,,tv,,,0.0,no_match
MCU.xlsx,MCUDATASHEET,82,Homecoming,Series,1979-11-30 00:00:00,Homecoming,tv,,tv,,,0.0,no_match
MCU.xlsx,MCUDATASHEET,83,The Snare,Series,1979-12-07 00:00:00,The Snare,tv,,tv,,,0.0,no_match
MCU.xlsx,MCUDATASHEET,84,Babalao,Series,1979-12-14 00:00:00,Babalao,tv,,tv,,,0.0,no_match
MCU.xlsx,MCUDATASHEET,85,Captive Night,Series,1979-12-21 00:00:00,Captive Night,tv,,tv,,,0.0,no_match
MCU.xlsx,MCUDATASHEET,86,Broken Image,Series,1980-01-04 00:00:00,Broken Image,tv,,tv,,,0.0,no_match
MCU.xlsx,MCUDATASHEET,87,Proof Positive,Series,1980-01-11 00:00:00,Proof Positive,tv,,tv,,,0.0,no_match
MCU.xlsx,MCUDATASHEET,88,Sideshow,Series,1980-01-25 00:00:00,Sideshow,tv,,tv,,,0.0,no_match
MCU.xlsx,MCUDATASHEET,89,Long Run Home,Series,1980-02-01 00:00:00,Long Run Home,tv,,tv,,,0.0,no_match
MCU.xlsx,MCUDATASHEET,90,Falling Angels,Series,1980-02-08 00:00:00,Falling Angels,tv,,tv,,,0.0,no_match
MCU.xlsx,MCUDATASHEET,91,The Lottery,Series,1980-02-15 00:00:00,The Lottery,tv,,tv,,,0.0,no_match
MCU.xlsx,MCUDATASHEET,92,The Psychic,Series,1980-02-22 00:00:00,The Psychic,tv,,tv,,,0.0,no_match
MCU.xlsx,MCUDATASHEET,93,A Rock and a Hard Place,Series,1980-02-29 00:00:00,A Rock and a Hard Place,tv,,tv,,,0.0,no_match
MCU.xlsx,MCUDATASHEET,94,Deathmask,Series,1980-03-14 00:00:00,Deathmask,tv,,tv,,,0.0,no_match
MCU.xlsx,MCUDATASHEET,95,Equinox,Series,1980-03-21 00:00:00,Equinox,tv,,tv,,,0.0,no_match
MCU.xlsx,MCUDATASHEET,96,Nine Hours,Series,1980-04-04 00:00:00,Nine Hours,tv,,tv,,,0.0,no_match
MCU.xlsx,MCUDATASHEET,97,On the Line,Series,1980-04-11 00:00:00,On the Line,tv,,tv,,,0.0,no_match
MCU.xlsx,MCUDATASHEET,98,"Prometheus, Part 1",Series,1980-11-07 00:00:00,"Prometheus, Part 1",tv,,tv,,,0.0,no_match
MCU.xlsx,MCUDATASHEET,99,"Prometheus, Part 2",Series,1980-11-14 00:00:00,"Prometheus, Part 2",tv,,tv,,,0.0,no_match
MCU.xlsx,MCUDATASHEET,100,Free Fall,Series,1980-11-21 00:00:00,Free Fall,tv,,tv,,,0.0,no_match
MCU.xlsx,MCUDATASHEET,101,Dark Side,Series,1980-12-05 00:00:00,Dark Side,tv,,tv,,,0.0,no_match
MCU.xlsx,MCUDATASHEET,102,Deep Shock,Series,1980-12-12 00:00:00,Deep Shock,tv,,tv,,,0.0,no_match
MCU.xlsx,MCUDATASHEET,103,Bring Me the Head of the Hulk,Series,1981-01-09 00:00:00,Bring Me the Head of the Hulk,tv,,tv,,,0.0,no_match
MCU.xlsx,MCUDATASHEET,104,Fast Lane,Series,1981-01-16 00:00:00,Fast Lane,tv,,tv,,,0.0,no_match
MCU.xlsx,MCUDATASHEET,105,"Goodbye, Eddie Cain",Series,1981-01-23 00:00:00,"Goodbye, Eddie Cain",tv,,tv,,,0.0,no_match
MCU.xlsx,MCUDATASHEET,106,King of the Beach,Series,1981-02-06 00:00:00,King of the Beach,tv,,tv,,,0.0,no_match
MCU.xlsx,MCUDATASHEET,107,Wax Museum,Series,1981-02-13 00:00:00,Wax Museum,tv,,tv,,,0.0,no_match
MCU.xlsx,MCUDATASHEET,108,East Winds,Series,1981-02-20 00:00:00,East Winds,tv,,tv,,,0.0,no_match
MCU.xlsx,MCUDATASHEET,109,"The First, Part 1",Series,1981-03-06 00:00:00,"The First, Part 1",tv,,tv,,,0.0,no_match
MCU.xlsx,MCUDATASHEET,110,"The First, Part 2",Series,1981-03-13 00:00:00,"The First, Part 2",tv,,tv,,,0.0,no_match
MCU.xlsx,MCUDATASHEET,111,The Harder They Fall,Series,1981-03-27 00:00:00,The Harder They Fall,tv,,tv,,,0.0,no_match
MCU.xlsx,MCUDATASHEET,112,Interview with the Hulk,Series,1981-04-03 00:00:00,Interview with the Hulk,tv,,tv,,,0.0,no_match
MCU.xlsx,MCUDATASHEET,113,Half Nelson,Series,1981-04-17 00:00:00,Half Nelson,tv,,tv,,,0.0,no_match
MCU.xlsx,MCUDATASHEET,114,Danny,Series,1981-05-15 00:00:00,Danny,tv,,tv,,,0.0,no_match
MCU.xlsx,MCUDATASHEET,115,Patterns,Series,1981-05-22 00:00:00,Patterns,tv,,tv,,,0.0,no_match
MCU.xlsx,MCUDATASHEET,116,The Phenom,Series,1981-10-02 00:00:00,The Phenom,tv,,tv,,,0.0,no_match
MCU.xlsx,MCUDATASHEET,117,Two Godmothers,Series,1981-10-09 00:00:00,Two Godmothers,tv,,tv,,,0.0,no_match
MCU.xlsx,MCUDATASHEET,118,Veteran,Series,1981-10-16 00:00:00,Veteran,tv,,tv,,,0.0,no_match
MCU.xlsx,MCUDATASHEET,119,Sanctuary,Series,1981-11-06 00:00:00,Sanctuary,tv,,tv,,,0.0,no_match
MCU.xlsx,MCUDATASHEET,120,Triangle,Series,1981-11-13 00:00:00,Triangle,tv,2367,tv,Triangle,1981-01-05,0.9509,matched
MCU.xlsx,MCUDATASHEET,121,Slaves,Series,1982-05-05 00:00:00,Slaves,tv,,tv,,,0.0,no_match
MCU.xlsx,MCUDATASHEET,122,A Minor Problem,Series,1982-05-12 00:00:00,A Minor Problem,tv,,tv,,,0.0,no_match
MCU.xlsx,MCUDATASHEET,123,X-Men Origins: Wolverine,Film,2009-05-01 00:00:00,X-Men Origins: Wolverine,movie,2080,movie,X-Men Origins: Wolverine,2009-04-28,0.9506,matched
MCU.xlsx,MCUDATASHEET,124,Chapter 1,Series,2017-02-08 00:00:00,Chapter 1,tv,,tv,,,0.0,no_match
MCU.xlsx,MCUDATASHEET,125,Chapter 2,Series,2017-02-15 00:00:00,Chapter 2,tv,,tv,,,0.0,no_match
MCU.xlsx,MCUDATASHEET,126,Chapter 3,Series,2017-02-22 00:00:00,Chapter 3,tv,,tv,,,0.0,no_match
MCU.xlsx,MCUDATASHEET,127,Chapter 4,Series,2017-03-01 00:00:00,Chapter 4,tv,,tv,,,0.0,no_match
MCU.xlsx,MCUDATASHEET,128,Chapter 5,Series,2017-03-08 00:00:00,Chapter 5,tv,,tv,,,0.0,no_match
MCU.xlsx,MCUDATASHEET,129,Chapter 6,Series,2017-03-15 00:00:00,Chapter 6,tv,,tv,,,0.0,no_match
MCU.xlsx,MCUDATASHEET,130,Chapter 7,Series,2017-03-22 00:00:00,Chapter 7,tv,,tv,,,0.0,no_match
MCU.xlsx,MCUDATASHEET,131,Chapter 8,Series,2017-03-29 00:00:00,Chapter 8,tv,,tv,,,0.0,no_match
MCU.xlsx,MCUDATASHEET,132,Chapter 9,Series,2018-04-03 00:00:00,Chapter 9,tv,,tv,,,0.0,no_match
MCU.xlsx,MCUDATASHEET,133,Chapter 10,Series,2018-04-10 00:00:00,Chapter 10,tv,,tv,,,0.0,no_match
MCU.xlsx,MCUDATASHEET,134,Chapter 11,Series,2018-04-17 00:00:00,Chapter 11,tv,,tv,,,0.0,no_match
MCU.xlsx,MCUDATASHEET,135,Chapter 12,Series,2018-04-24 00:00:00,Chapter 12,tv,,tv,,,0.0,no_match
MCU.xlsx,MCUDATASHEET,136,Chapter 13,Series,2018-05-01 00:00:00,Chapter 13,tv,,tv,,,0.0,no_match
MCU.xlsx,MCUDATASHEET,137,Chapter 14,Series,2018-05-08 00:00:00,Chapter 14,tv,,tv,,,0.0,no_match
MCU.xlsx,MCUDATASHEET,138,Chapter 15,Series,2018-05-15 00:00:00,Chapter 15,tv,,tv,,,0.0,no_match
MCU.xlsx,MCUDATASHEET,139,Chapter 16,Series,2018-05-22 00:00:00,Chapter 16,tv,,tv,,,0.0,no_match
MCU.xlsx,MCUDATASHEET,140,Chapter 17,Series,2018-05-29 00:00:00,Chapter 17,tv,,tv,,,0.0,no_match
MCU.xlsx,MCUDATASHEET,141,Chapter 18,Series,2018-06-05 00:00:00,Chapter 18,tv,,tv,,,0.0,no_match
MCU.xlsx,MCUDATASHEET,142,Chapter 19,Series,2018-06-12 00:00:00,Chapter 19,tv,,tv,,,0.0,no_match
MCU.xlsx,MCUDATASHEET,143,Chapter 20,Series,2019-06-24 00:00:00,Chapter 20,tv,,tv,,,0.0,no_match
MCU.xlsx,MCUDATASHEET,144,Chapter 21,Series,2019-07-01 00:00:00,Chapter 21,tv,,tv,,,0.0,no_match
MCU.xlsx,MCUDATASHEET,145,Chapter 22,Series,2019-07-08 00:00:00,Chapter 22,tv,,tv,,,0.0,no_match
MCU.xlsx,MCUDATASHEET,146,Chapter 23,Series,2019-07-15 00:00:00,Chapter 23,tv,,tv,,,0.0,no_match
MCU.xlsx,MCUDATASHEET,147,Chapter 24,Series,2019-07-22 00:00:00,Chapter 24,tv,,tv,,,0.0,no_match
MCU.xlsx,MCUDATASHEET,148,Chapter 25,Series,2019-07-29 00:00:00,Chapter 25,tv,,tv,,,0.0,no_match
MCU.xlsx,MCUDATASHEET,149,Chapter 26,Series,2019-08-05 00:00:00,Chapter 26,tv,,tv,,,0.0,no_match
MCU.xlsx,MCUDATASHEET,150,Chapter 27,Series,2019-08-12 00:00:00,Chapter 27,tv,,tv,,,0.0,no_match
MCU.xlsx,MCUDATASHEET,151,X-Men: Apocalypse,Film,2016-05-27 00:00:00,X-Men: Apocalypse,movie,246655,movie,X-Men: Apocalypse,2016-05-18,0.9572,matched
MCU.xlsx,MCUDATASHEET,152,The Incredible Hulk Returns,Film,1988-05-22 00:00:00,The Incredible Hulk Returns,movie,26881,movie,The Incredible Hulk Returns,1988-05-22,0.9508,matched
MCU.xlsx,MCUDATASHEET,153,The Trial of the Incredible Hulk,Film,1989-05-07 00:00:00,The Trial of the Incredible Hulk,movie,26883,movie,The Trial of the Incredible Hulk,1989-05-07,0.9507,matched
MCU.xlsx,MCUDATASHEET,154,The Death of the Incredible Hulk,Film,1990-02-18 00:00:00,The Death of the Incredible Hulk,movie,19593,movie,The Death of the Incredible Hulk,1990-02-18,0.9508,matched
MCU.xlsx,MCUDATASHEET,155,Night of the Sentinels (Part 1),Series,1992-10-31 00:00:00,Night of the Sentinels (Part 1),tv,,tv,,,0.0,no_match
MCU.xlsx,MCUDATASHEET,156,Night of the Sentinels (Part 2),Series,1992-11-07 00:00:00,Night of the Sentinels (Part 2),tv,,tv,,,0.0,no_match
MCU.xlsx,MCUDATASHEET,157,Enter Magneto,Series,1992-11-27 00:00:00,Enter Magneto,tv,,tv,,,0.0,no_match
MCU.xlsx,MCUDATASHEET,158,Deadly Reunions,Series,1993-01-23 00:00:00,Deadly Reunions,tv,,tv,,,0.0,no_match
MCU.xlsx,MCUDATASHEET,159,Captive Hearts,Series,1993-01-30 00:00:00,Captive Hearts,tv,,tv,,,0.0,no_match
MCU.xlsx,MCUDATASHEET,160,Cold Vengeance,Series,1993-02-06 00:00:00,Cold Vengeance,tv,,tv,,,0.0,no_match
MCU.xlsx,MCUDATASHEET,161,Slave Island,Series,1993-02-13 00:00:00,Slave Island,tv,,tv,,,0.0,no_match
MCU.xlsx,MCUDATASHEET,162,The Unstoppable Juggernaut,Series,1993-02-14 00:00:00,The Unstoppable Juggernaut,tv,,tv,,,0.0,no_match
MCU.xlsx,MCUDATASHEET,163,The Cure,Series,1993-02-20 00:00:00,The Cure,tv,,tv,,,0.0,no_match
MCU.xlsx,MCUDATASHEET,164,Come the Apocalypse,Series,1993-02-27 00:00:00,Come the Apocalypse,tv,,tv,,,0.0,no_match
MCU.xlsx,MCUDATASHEET,165,What If... The Red Guardian Stopped the Winter Soldier?,Series,2024-12-24 00:00:00,What If... The Red Guardian Stopped the Winter Soldier?,tv,,tv,,,0.0,no_match
MCU.xlsx,MCUDATASHEET,166,Days of Future Past (Part 1),Series,1993-03-13 00:00:00,Days of Future Past (Part 1),tv,,tv,,,0.0,no_match
MCU.xlsx,MCUDATASHEET,167,Days of Future Past (Part 2),Series,1993-03-20 00:00:00,Days of Future Past (Part 2),tv,,tv,,,0.0,no_match
MCU.xlsx,MCUDATASHEET,168,X-Men: Dark Phoenix,Film,2019-06-07 00:00:00,X-Men: Dark Phoenix,movie,320288,movie,Dark Phoenix,2019-06-05,0.7932,matched
MCU.xlsx,MCUDATASHEET,169,The Final Decison,Series,1993-03-27 00:00:00,The Final Decison,tv,,tv,,,0.0,no_match
MCU.xlsx,MCUDATASHEET,170,Till Death Do Us Part (Part 1),Series,1993-10-23 00:00:00,Till Death Do Us Part (Part 1),tv,,tv,,,0.0,no_match
MCU.xlsx,MCUDATASHEET,171,Till Death Do Us Part (Part 2),Series,1993-10-30 00:00:00,Till Death Do Us Part (Part 2),tv,,tv,,,0.0,no_match
MCU.xlsx,MCUDATASHEET,172,Whatever It Takes,Series,1993-11-06 00:00:00,Whatever It Takes,tv,,tv,,,0.0,no_match
MCU.xlsx,MCUDATASHEET,173,Red Dawn,Series,1993-11-13 00:00:00,Red Dawn,tv,,tv,,,0.0,no_match
MCU.xlsx,MCUDATASHEET,174,Repo Man,Series,1993-11-20 00:00:00,Repo Man,tv,,tv,,,0.0,no_match
MCU.xlsx,MCUDATASHEET,175,X-Ternally Yours,Series,1993-12-04 00:00:00,X-Ternally Yours,tv,,tv,,,0.0,no_match
MCU.xlsx,MCUDATASHEET,176,Time Fugitives (Part 1),Series,1993-12-11 00:00:00,Time Fugitives (Part 1),tv,,tv,,,0.0,no_match
MCU.xlsx,MCUDATASHEET,177,Time Fugitives (Part 2),Series,1993-12-18 00:00:00,Time Fugitives (Part 2),tv,,tv,,,0.0,no_match
MCU.xlsx,MCUDATASHEET,178,A Rogue's Tale,Series,1994-01-08 00:00:00,A Rogue's Tale,tv,,tv,,,0.0,no_match
MCU.xlsx,MCUDATASHEET,179,Beauty and the Beast,Series,1994-01-15 00:00:00,Beauty and the Beast,tv,,tv,,,0.0,no_match
MCU.xlsx,MCUDATASHEET,180,Mojovision,Series,1994-02-05 00:00:00,Mojovision,tv,,tv,,,0.0,no_match
MCU.xlsx,MCUDATASHEET,181,Reunion (Part 1),Series,1994-02-12 00:00:00,Reunion (Part 1),tv,,tv,,,0.0,no_match
MCU.xlsx,MCUDATASHEET,182,And the Sea Shall Give Up its Dead,Series,1994-09-24 00:00:00,And the Sea Shall Give Up its Dead,tv,,tv,,,0.0,no_match
MCU.xlsx,MCUDATASHEET,183,"Rejoice! I Am Ultimo, Thy Deliverer",Series,1994-10-01 00:00:00,"Rejoice! I Am Ultimo, Thy Deliverer",tv,,tv,,,0.0,no_match
MCU.xlsx,MCUDATASHEET,184,"Data In, Chaos Out",Series,1994-10-08 00:00:00,"Data In, Chaos Out",tv,,tv,,,0.0,no_match
MCU.xlsx,MCUDATASHEET,185,"Silence My Companion, Death My Destination",Series,1994-10-15 00:00:00,"Silence My Companion, Death My Destination",tv,,tv,,,0.0,no_match
MCU.xlsx,MCUDATASHEET,186,The Grim Reaper Wars a Teflon Coat,Series,1994-10-22 00:00:00,The Grim Reaper Wars a Teflon Coat,tv,,tv,,,0.0,no_match
MCU.xlsx,MCUDATASHEET,187,"Enemy Without, Enemy Within",Series,1994-10-29 00:00:00,"Enemy Without, Enemy Within",tv,,tv,,,0.0,no_match
MCU.xlsx,MCUDATASHEET,188,The Origin of the Mandarin,Series,1994-11-05 00:00:00,The Origin of the Mandarin,tv,,tv,,,0.0,no_match
MCU.xlsx,MCUDATASHEET,189,Iron Man to the Second Power (Part 1),Series,1994-11-19 00:00:00,Iron Man to the Second Power (Part 1),tv,,tv,,,0.0,no_match
MCU.xlsx,MCUDATASHEET,190,Iron Man to the Second Power (Part 2),Series,1994-11-26 00:00:00,Iron Man to the Second Power (Part 2),tv,,tv,,,0.0,no_match
MCU.xlsx,MCUDATASHEET,191,The Defection of Hawkeye,Series,1994-11-12 00:00:00,The Defection of Hawkeye,tv,,tv,,,0.0,no_match
MCU.xlsx,MCUDATASHEET,192,The Origin of Iron Man (Part 1),Series,1994-12-03 00:00:00,The Origin of Iron Man (Part 1),tv,,tv,,,0.0,no_match
MCU.xlsx,MCUDATASHEET,193,The Origin of Iron Man (Part 2),Series,1994-12-10 00:00:00,The Origin of Iron Man (Part 2),tv,,tv,,,0.0,no_match
MCU.xlsx,MCUDATASHEET,194,The Wedding of Iron Man,Series,1994-12-17 00:00:00,The Wedding of Iron Man,tv,,tv,,,0.0,no_match
MCU.xlsx,MCUDATASHEET,195,Now Comes the Sub-Mariner,Series,1994-10-08 00:00:00,Now Comes the Sub-Mariner,tv,,tv,,,0.0,no_match
MCU.xlsx,MCUDATASHEET,196,The Origin of the Fantastic Four (Part 1),Series,1994-09-24 00:00:00,The Origin of the Fantastic Four (Part 1),tv,,tv,,,0.0,no_match
MCU.xlsx,MCUDATASHEET,197,The Origin of the Fantastic Four (Part 2),Series,1994-10-01 00:00:00,The Origin of the Fantastic Four (Part 2),tv,,tv,,,0.0,no_match
MCU.xlsx,MCUDATASHEET,198,Incursion of the Skrull,Series,1994-10-15 00:00:00,Incursion of the Skrull,tv,,tv,,,0.0,no_match
MCU.xlsx,MCUDATASHEET,199,The Silver Surfer and the Coming of Galactus (Part 1),Series,1994-10-22 00:00:00,The Silver Surfer and the Coming of Galactus (Part 1),tv,,tv,,,0.0,no_match
MCU.xlsx,MCUDATASHEET,200,The Silver Surfer and the Coming of Galactus (Part 2),Series,1994-10-29 00:00:00,The Silver Surfer and the Coming of Galactus (Part 2),tv,,tv,,,0.0,no_match
MCU.xlsx,MCUDATASHEET,201,Super Skrull,Series,1994-11-05 00:00:00,Super Skrull,tv,,tv,,,0.0,no_match
MCU.xlsx,MCUDATASHEET,202,The Mask of Doom (Part 1),Series,1994-11-12 00:00:00,The Mask of Doom (Part 1),tv,,tv,,,0.0,no_match
MCU.xlsx,MCUDATASHEET,203,The Mask of Doom (Part 2),Series,1994-11-19 00:00:00,The Mask of Doom (Part 2),tv,,tv,,,0.0,no_match
MCU.xlsx,MCUDATASHEET,204,The Mask of Doom (Part 3),Series,1994-11-26 00:00:00,The Mask of Doom (Part 3),tv,,tv,,,0.0,no_match
MCU.xlsx,MCUDATASHEET,205,Mole Man,Series,1994-12-03 00:00:00,Mole Man,tv,,tv,,,0.0,no_match
MCU.xlsx,MCUDATASHEET,206,Behold the Negative Zone,Series,1994-12-10 00:00:00,Behold the Negative Zone,tv,,tv,,,0.0,no_match
MCU.xlsx,MCUDATASHEET,207,The Silver Surfer and the Return of Galactus,Series,1994-12-17 00:00:00,The Silver Surfer and the Return of Galactus,tv,,tv,,,0.0,no_match
MCU.xlsx,MCUDATASHEET,208,X-Men,Film,2000-07-14 00:00:00,X-Men,movie,36657,movie,X-Men,2000-07-13,0.9503,matched
MCU.xlsx,MCUDATASHEET,209,X2: X-Men United,Film,2003-05-02 00:00:00,X2: X-Men United,movie,36658,movie,X2,2003-04-27,0.3902,review
MCU.xlsx,MCUDATASHEET,210,Night of the Lizard,Series,1994-11-19 00:00:00,Night of the Lizard,tv,,tv,,,0.0,no_match
MCU.xlsx,MCUDATASHEET,211,The Spider Slayer,Series,1995-02-04 00:00:00,The Spider Slayer,tv,,tv,,,0.0,no_match
MCU.xlsx,MCUDATASHEET,212,Return of the Spider Slayer,Series,1995-02-11 00:00:00,Return of the Spider Slayer,tv,,tv,,,0.0,no_match
MCU.xlsx,MCUDATASHEET,213,Reunion (Part 2),Series,1994-02-19 00:00:00,Reunion (Part 2),tv,,tv,,,0.0,no_match
MCU.xlsx,MCUDATASHEET,214,Out of the Past (Part 1),Series,1994-07-29 00:00:00,Out of the Past (Part 1),tv,,tv,,,0.0,no_match
MCU.xlsx,MCUDATASHEET,215,Out of the Past (Part 2),Series,1994-08-05 00:00:00,Out of the Past (Part 2),tv,,tv,,,0.0,no_match
MCU.xlsx,MCUDATASHEET,216,Phoenix Saga (Part 1): Sacrifice,Series,1994-09-05 00:00:00,Phoenix Saga (Part 1): Sacrifice,tv,,tv,,,0.0,no_match
MCU.xlsx,MCUDATASHEET,217,Phoenix Saga (Part 2): The Dark Shroud,Series,1994-09-06 00:00:00,Phoenix Saga (Part 2): The Dark Shroud,tv,,tv,,,0.0,no_match
MCU.xlsx,MCUDATASHEET,218,Phoenix Saga (Part 3): The Cry of the Banshee,Series,1994-09-07 00:00:00,Phoenix Saga (Part 3): The Cry of the Banshee,tv,,tv,,,0.0,no_match
MCU.xlsx,MCUDATASHEET,219,Phoenix Saga (Part 4): The Starjammers,Series,1994-09-08 00:00:00,Phoenix Saga (Part 4): The Starjammers,tv,,tv,,,0.0,no_match
MCU.xlsx,MCUDATASHEET,220,Phoenix Saga (Part 5): Child of Light,Series,1994-09-09 00:00:00,Phoenix Saga (Part 5): Child of Light,tv,,tv,,,0.0,no_match
MCU.xlsx,MCUDATASHEET,221,The Menace of Mysterio,Series,1995-02-25 00:00:00,The Menace of Mysterio,tv,,tv,,,0.0,no_match
MCU.xlsx,MCUDATASHEET,222,No Mutant is an Island,Series,1996-09-21 00:00:00,No Mutant is an Island,tv,,tv,,,0.0,no_match
MCU.xlsx,MCUDATASHEET,223,Doctor Octopus: Armed and Dangerous,Series,1995-02-18 00:00:00,Doctor Octopus: Armed and Dangerous,tv,,tv,,,0.0,no_match
MCU.xlsx,MCUDATASHEET,224,Obsession,Series,1994-09-24 00:00:00,Obsession,tv,,tv,,,0.0,no_match
MCU.xlsx,MCUDATASHEET,225,The Sting of the Scorpion,Series,1995-03-11 00:00:00,The Sting of the Scorpion,tv,,tv,,,0.0,no_match
MCU.xlsx,MCUDATASHEET,226,Longshot,Series,1996-10-05 00:00:00,Longshot,tv,,tv,,,0.0,no_match
MCU.xlsx,MCUDATASHEET,227,Kraven the Hunter,Series,1995-04-01 00:00:00,Kraven the Hunter,tv,,tv,,,0.0,no_match
MCU.xlsx,MCUDATASHEET,228,Cold Comfort,Series,1995-02-04 00:00:00,Cold Comfort,tv,,tv,,,0.0,no_match
MCU.xlsx,MCUDATASHEET,229,The Alien Costume (Part 1),Series,1995-04-29 00:00:00,The Alien Costume (Part 1),tv,,tv,,,0.0,no_match
MCU.xlsx,MCUDATASHEET,230,The Alien Costume (Part 2),Series,1995-05-06 00:00:00,The Alien Costume (Part 2),tv,,tv,,,0.0,no_match
MCU.xlsx,MCUDATASHEET,231,The Alien Costume (Part 3),Series,1995-05-13 00:00:00,The Alien Costume (Part 3),tv,,tv,,,0.0,no_match
MCU.xlsx,MCUDATASHEET,232,The Hobgoblin (Part 1),Series,1995-05-20 00:00:00,The Hobgoblin (Part 1),tv,,tv,,,0.0,no_match
MCU.xlsx,MCUDATASHEET,233,The Hobgoblin (Part 2),Series,1995-05-27 00:00:00,The Hobgoblin (Part 2),tv,,tv,,,0.0,no_match
MCU.xlsx,MCUDATASHEET,234,Day of the Chameleon,Series,1995-06-11 00:00:00,Day of the Chameleon,tv,,tv,,,0.0,no_match
MCU.xlsx,MCUDATASHEET,235,The Beast Within,Series,1995-09-23 00:00:00,The Beast Within,tv,,tv,,,0.0,no_match
MCU.xlsx,MCUDATASHEET,236,Fire and Rain,Series,1995-09-30 00:00:00,Fire and Rain,tv,,tv,,,0.0,no_match
MCU.xlsx,MCUDATASHEET,237,Cell of Iron,Series,1995-10-07 00:00:00,Cell of Iron,tv,,tv,,,0.0,no_match
MCU.xlsx,MCUDATASHEET,238,Not Far From the Tree,Series,1995-10-14 00:00:00,Not Far From the Tree,tv,,tv,,,0.0,no_match
MCU.xlsx,MCUDATASHEET,239,Beauty Knows No Pain,Series,1995-10-21 00:00:00,Beauty Knows No Pain,tv,,tv,,,0.0,no_match
MCU.xlsx,MCUDATASHEET,240,"Iron Man, On the Inside",Series,1995-11-04 00:00:00,"Iron Man, On the Inside",tv,,tv,,,0.0,no_match
MCU.xlsx,MCUDATASHEET,241,Distant Boundaries,Series,1995-11-11 00:00:00,Distant Boundaries,tv,,tv,,,0.0,no_match
MCU.xlsx,MCUDATASHEET,242,The Armor Wars (Part 1),Series,1995-11-18 00:00:00,The Armor Wars (Part 1),tv,,tv,,,0.0,no_match
MCU.xlsx,MCUDATASHEET,243,The Armor Wars (Part 2),Series,1995-11-25 00:00:00,The Armor Wars (Part 2),tv,,tv,,,0.0,no_match
MCU.xlsx,MCUDATASHEET,244,Empowered,Series,1996-02-03 00:00:00,Empowered,tv,,tv,,,0.0,no_match
MCU.xlsx,MCUDATASHEET,245,Hulk Buster,Series,1996-02-10 00:00:00,Hulk Buster,tv,,tv,,,0.0,no_match
MCU.xlsx,MCUDATASHEET,246,Hands of the Mandarin (Part 1),Series,1996-02-17 00:00:00,Hands of the Mandarin (Part 1),tv,,tv,,,0.0,no_match
MCU.xlsx,MCUDATASHEET,247,Hands of the Mandarin (Part 2),Series,1996-02-24 00:00:00,Hands of the Mandarin (Part 2),tv,,tv,,,0.0,no_match
MCU.xlsx,MCUDATASHEET,248,And a Blind Man Shall Lead Them,Series,1995-09-23 00:00:00,And a Blind Man Shall Lead Them,tv,,tv,,,0.0,no_match
MCU.xlsx,MCUDATASHEET,249,Inhumans Saga (Part 1): And the Wind Cries Medusa,Series,1995-09-30 00:00:00,Inhumans Saga (Part 1): And the Wind Cries Medusa,tv,,tv,,,0.0,no_match
MCU.xlsx,MCUDATASHEET,250,Inhumans Saga (Part 2): The Inhumans Among Us,Series,1995-10-07 00:00:00,Inhumans Saga (Part 2): The Inhumans Among Us,tv,,tv,,,0.0,no_match
MCU.xlsx,MCUDATASHEET,251,Inhumans Saga (Part 3): Beware the Hidden Land,Series,1995-10-14 00:00:00,Inhumans Saga (Part 3): Beware the Hidden Land,tv,,tv,,,0.0,no_match
MCU.xlsx,MCUDATASHEET,252,Worlds Within Worlds,Series,1995-10-21 00:00:00,Worlds Within Worlds,tv,,tv,,,0.0,no_match
MCU.xlsx,MCUDATASHEET,253,Prey of the Black Panther,Series,1995-11-11 00:00:00,Prey of the Black Panther,tv,,tv,,,0.0,no_match
MCU.xlsx,MCUDATASHEET,254,Nightmare in Green,Series,1995-11-25 00:00:00,Nightmare in Green,tv,,tv,,,0.0,no_match
MCU.xlsx,MCUDATASHEET,255,"Behold, a Distand Star",Series,1996-02-03 00:00:00,"Behold, a Distand Star",tv,,tv,,,0.0,no_match
MCU.xlsx,MCUDATASHEET,256,Hopelessly Impossible,Series,1996-02-10 00:00:00,Hopelessly Impossible,tv,,tv,,,0.0,no_match
MCU.xlsx,MCUDATASHEET,257,"Savage Land, Strange Heart (Part 1)",Series,1994-09-10 00:00:00,"Savage Land, Strange Heart (Part 1)",tv,,tv,,,0.0,no_match
MCU.xlsx,MCUDATASHEET,258,"Savage Land, Strange Heart (Part 2)",Series,1994-09-17 00:00:00,"Savage Land, Strange Heart (Part 2)",tv,,tv,,,0.0,no_match
MCU.xlsx,MCUDATASHEET,259,The Dark Phoenix Saga (Part 1): Dazzled,Series,1994-11-12 00:00:00,The Dark Phoenix Saga (Part 1): Dazzled,tv,,tv,,,0.0,no_match
MCU.xlsx,MCUDATASHEET,260,The Dark Phoenix Saga (Part 2): The Inner Circle,Series,1994-11-13 00:00:00,The Dark Phoenix Saga (Part 2): The Inner Circle,tv,,tv,,,0.0,no_match
MCU.xlsx,MCUDATASHEET,261,The Dark Phoenix Saga (Part 3): The Dark Phoenix,Series,1994-11-19 00:00:00,The Dark Phoenix Saga (Part 3): The Dark Phoenix,tv,,tv,,,0.0,no_match
MCU.xlsx,MCUDATASHEET,262,The Dark Phoenix Saga (Part 4): The Fate of the Phoenix,Series,1994-11-26 00:00:00,The Dark Phoenix Saga (Part 4): The Fate of the Phoenix,tv,,tv,,,0.0,no_match
MCU.xlsx,MCUDATASHEET,263,Orphan's End,Series,1995-02-25 00:00:00,Orphan's End,tv,,tv,,,0.0,no_match
MCU.xlsx,MCUDATASHEET,264,The Insidious Six,Series,1995-09-09 00:00:00,The Insidious Six,tv,,tv,,,0.0,no_match
MCU.xlsx,MCUDATASHEET,265,Battle of the Insidious Six,Series,1995-09-16 00:00:00,Battle of the Insidious Six,tv,,tv,,,0.0,no_match
MCU.xlsx,MCUDATASHEET,266,Hydro-Man,Series,1995-09-23 00:00:00,Hydro-Man,tv,,tv,,,0.0,no_match
MCU.xlsx,MCUDATASHEET,267,The Mutant Agenda,Series,1995-09-30 00:00:00,The Mutant Agenda,tv,,tv,,,0.0,no_match
MCU.xlsx,MCUDATASHEET,268,Love in Vain,Series,1996-02-10 00:00:00,Love in Vain,tv,,tv,,,0.0,no_match
MCU.xlsx,MCUDATASHEET,269,Mutants' Revenge,Series,1995-10-07 00:00:00,Mutants' Revenge,tv,,tv,,,0.0,no_match
MCU.xlsx,MCUDATASHEET,270,Morbius,Series,1995-10-28 00:00:00,Morbius,tv,,tv,,,0.0,no_match
MCU.xlsx,MCUDATASHEET,271,Enter the Punisher,Series,1995-11-04 00:00:00,Enter the Punisher,tv,,tv,,,0.0,no_match
MCU.xlsx,MCUDATASHEET,272,Duel of the Hunters,Series,1995-11-11 00:00:00,Duel of the Hunters,tv,,tv,,,0.0,no_match
MCU.xlsx,MCUDATASHEET,273,The Juggernaut Returns,Series,1995-05-06 00:00:00,The Juggernaut Returns,tv,,tv,,,0.0,no_match
MCU.xlsx,MCUDATASHEET,274,"Blade, the Vampire Hunter",Series,1995-11-18 00:00:00,"Blade, the Vampire Hunter",tv,,tv,,,0.0,no_match
MCU.xlsx,MCUDATASHEET,275,The Immortal Vampire,Series,1995-11-25 00:00:00,The Immortal Vampire,tv,,tv,,,0.0,no_match
MCU.xlsx,MCUDATASHEET,276,Tablet of Time,Series,1996-02-03 00:00:00,Tablet of Time,tv,,tv,,,0.0,no_match
MCU.xlsx,MCUDATASHEET,277,Ravages of Time,Series,1996-02-10 00:00:00,Ravages of Time,tv,,tv,,,0.0,no_match
MCU.xlsx,MCUDATASHEET,278,A Deal with the Devil,Series,1996-09-14 00:00:00,A Deal with the Devil,tv,,tv,,,0.0,no_match
MCU.xlsx,MCUDATASHEET,279,Shriek of the Vulture,Series,1996-02-17 00:00:00,Shriek of the Vulture,tv,,tv,,,0.0,no_match
MCU.xlsx,MCUDATASHEET,280,The Final Nightmare,Series,1996-02-24 00:00:00,The Final Nightmare,tv,,tv,,,0.0,no_match
MCU.xlsx,MCUDATASHEET,281,Doctor Strange,Series,1996-04-27 00:00:00,Doctor Strange,tv,,tv,,,0.0,no_match
MCU.xlsx,MCUDATASHEET,282,Sanctuary (Part 1),Series,1995-10-21 00:00:00,Sanctuary (Part 1),tv,,tv,,,0.0,no_match
MCU.xlsx,MCUDATASHEET,283,Sanctuary (Part 2),Series,1995-10-28 00:00:00,Sanctuary (Part 2),tv,,tv,,,0.0,no_match
MCU.xlsx,MCUDATASHEET,284,Xavier Remembers,Series,1996-04-27 00:00:00,Xavier Remembers,tv,,tv,,,0.0,no_match
MCU.xlsx,MCUDATASHEET,285,Captain Marvel,Film,2019-03-08 00:00:00,Captain Marvel,movie,299537,movie,Captain Marvel,2019-03-06,0.957,matched
MCU.xlsx,MCUDATASHEET,286,Courage,Series,1995-09-23 00:00:00,Courage,tv,,tv,,,0.0,no_match
MCU.xlsx,MCUDATASHEET,287,"Secrets, Not Long Buried",Series,1996-02-17 00:00:00,"Secrets, Not Long Buried",tv,,tv,,,0.0,no_match
MCU.xlsx,MCUDATASHEET,288,Make a Wish,Series,1996-05-04 00:00:00,Make a Wish,tv,,tv,,,0.0,no_match
MCU.xlsx,MCUDATASHEET,289,Nightcrawler,Series,1995-05-13 00:00:00,Nightcrawler,tv,,tv,,,0.0,no_match
MCU.xlsx,MCUDATASHEET,290,One Man's Worth (Part 1),Series,1995-09-09 00:00:00,One Man's Worth (Part 1),tv,,tv,,,0.0,no_match
MCU.xlsx,MCUDATASHEET,291,One Man's Worth (Part 2),Series,1995-09-16 00:00:00,One Man's Worth (Part 2),tv,,tv,,,0.0,no_match
MCU.xlsx,MCUDATASHEET,292,Proteus (Part 1),Series,1995-09-28 00:00:00,Proteus (Part 1),tv,,tv,,,0.0,no_match
MCU.xlsx,MCUDATASHEET,293,Attack of the Octobot,Series,1996-05-11 00:00:00,Attack of the Octobot,tv,,tv,,,0.0,no_match
MCU.xlsx,MCUDATASHEET,294,Proteus (Part 2),Series,1995-09-29 00:00:00,Proteus (Part 2),tv,,tv,,,0.0,no_match
MCU.xlsx,MCUDATASHEET,295,Enter the Green Goblin,Series,1996-05-18 00:00:00,Enter the Green Goblin,tv,,tv,,,0.0,no_match
MCU.xlsx,MCUDATASHEET,296,Family Ties,Series,1996-05-04 00:00:00,Family Ties,tv,,tv,,,0.0,no_match
MCU.xlsx,MCUDATASHEET,297,The Phalanx Covenant (Part 2),Series,1996-09-14 00:00:00,The Phalanx Covenant (Part 2),tv,,tv,,,0.0,no_match
MCU.xlsx,MCUDATASHEET,298,Bloodlines,Series,1996-10-26 00:00:00,Bloodlines,tv,,tv,,,0.0,no_match
MCU.xlsx,MCUDATASHEET,299,Lotus and the Steel,Series,1996-02-03 00:00:00,Lotus and the Steel,tv,,tv,,,0.0,no_match
MCU.xlsx,MCUDATASHEET,300,"Weapon X, Lies, and Videotape",Series,1995-06-11 00:00:00,"Weapon X, Lies, and Videotape",tv,,tv,,,0.0,no_match
MCU.xlsx,MCUDATASHEET,301,Have Yourself a Morlock Little X-Mas,Series,1995-12-23 00:00:00,Have Yourself a Morlock Little X-Mas,tv,,tv,,,0.0,no_match
MCU.xlsx,MCUDATASHEET,302,Beyond Good and Evil (Part 1): The End of Time,Series,1995-11-04 00:00:00,Beyond Good and Evil (Part 1): The End of Time,tv,,tv,,,0.0,no_match
MCU.xlsx,MCUDATASHEET,303,Framed,Series,1996-09-21 00:00:00,Framed,tv,,tv,,,0.0,no_match
MCU.xlsx,MCUDATASHEET,304,The Man Without Fear,Series,1996-09-28 00:00:00,The Man Without Fear,tv,,tv,,,0.0,no_match
MCU.xlsx,MCUDATASHEET,305,Beyond Good and Evil (Part 2): Promise of Apocalypse,Series,1995-11-11 00:00:00,Beyond Good and Evil (Part 2): Promise of Apocalypse,tv,,tv,,,0.0,no_match
MCU.xlsx,MCUDATASHEET,306,Beyond Good and Evil (Part 3): The Lazarus Chamber,Series,1995-11-18 00:00:00,Beyond Good and Evil (Part 3): The Lazarus Chamber,tv,,tv,,,0.0,no_match
MCU.xlsx,MCUDATASHEET,307,Beyond Good and Evil (Part 4): End and Beginning,Series,1995-11-25 00:00:00,Beyond Good and Evil (Part 4): End and Beginning,tv,,tv,,,0.0,no_match
MCU.xlsx,MCUDATASHEET,308,The Phalanx Covenant (Part 1),Series,1996-09-07 00:00:00,The Phalanx Covenant (Part 1),tv,,tv,,,0.0,no_match
MCU.xlsx,MCUDATASHEET,309,The Phalanx Covenant (Part 2),Series,1996-09-08 00:00:00,The Phalanx Covenant (Part 2),tv,,tv,,,0.0,no_match
MCU.xlsx,MCUDATASHEET,310,Storm Front (Part 1),Series,1996-11-02 00:00:00,Storm Front (Part 1),tv,,tv,,,0.0,no_match
MCU.xlsx,MCUDATASHEET,311,Storm Front (Part 2),Series,1996-11-09 00:00:00,Storm Front (Part 2),tv,,tv,,,0.0,no_match
MCU.xlsx,MCUDATASHEET,312,The Fifth Horseman,Series,1997-02-08 00:00:00,The Fifth Horseman,tv,,tv,,,0.0,no_match
MCU.xlsx,MCUDATASHEET,313,Jubilee's Fairytale Theatre,Series,1996-11-16 00:00:00,Jubilee's Fairytale Theatre,tv,,tv,,,0.0,no_match
MCU.xlsx,MCUDATASHEET,314,The Ultimate Slayer,Series,1996-10-05 00:00:00,The Ultimate Slayer,tv,,tv,,,0.0,no_match
MCU.xlsx,MCUDATASHEET,315,Tombstone,Series,1996-10-12 00:00:00,Tombstone,tv,,tv,,,0.0,no_match
MCU.xlsx,MCUDATASHEET,316,Carnage,Series,1996-11-09 00:00:00,Carnage,tv,,tv,,,0.0,no_match
MCU.xlsx,MCUDATASHEET,317,The Spot,Series,1996-10-26 00:00:00,The Spot,tv,,tv,,,0.0,no_match
MCU.xlsx,MCUDATASHEET,318,Venom Returns,Series,1996-11-02 00:00:00,Venom Returns,tv,,tv,,,0.0,no_match
MCU.xlsx,MCUDATASHEET,319,Goblin War!,Series,1996-11-16 00:00:00,Goblin War!,tv,,tv,,,0.0,no_match
MCU.xlsx,MCUDATASHEET,320,Turning Point,Series,1996-11-23 00:00:00,Turning Point,tv,,tv,,,0.0,no_match
MCU.xlsx,MCUDATASHEET,321,Guilty,Series,1997-02-01 00:00:00,Guilty,tv,,tv,,,0.0,no_match
MCU.xlsx,MCUDATASHEET,322,The Cat,Series,1997-02-08 00:00:00,The Cat,tv,156709,tv,The Moth,1997-02-28,0.7104,matched
MCU.xlsx,MCUDATASHEET,323,The Black Cat,Series,1997-02-15 00:00:00,The Black Cat,tv,,tv,,,0.0,no_match
MCU.xlsx,MCUDATASHEET,324,The Return of Kraven,Series,1997-02-22 00:00:00,The Return of Kraven,tv,,tv,,,0.0,no_match
MCU.xlsx,MCUDATASHEET,325,Partners,Series,1997-05-03 00:00:00,Partners,tv,,tv,,,0.0,no_match
MCU.xlsx,MCUDATASHEET,326,Return of the Beast (Part 1),Series,1996-09-08 00:00:00,Return of the Beast (Part 1),tv,,tv,,,0.0,no_match
MCU.xlsx,MCUDATASHEET,327,Return of the Beast (Part 2),Series,1996-09-15 00:00:00,Return of the Beast (Part 2),tv,,tv,,,0.0,no_match
MCU.xlsx,MCUDATASHEET,328,Raw Power,Series,1996-09-22 00:00:00,Raw Power,tv,,tv,,,0.0,no_match
MCU.xlsx,MCUDATASHEET,329,"Helping Hand, Iron Fist",Series,1996-09-29 00:00:00,"Helping Hand, Iron Fist",tv,,tv,,,0.0,no_match
MCU.xlsx,MCUDATASHEET,330,Innocent Blood,Series,1996-10-06 00:00:00,Innocent Blood,tv,,tv,,,0.0,no_match
MCU.xlsx,MCUDATASHEET,331,"Man to Man, Beast to Beast",Series,1996-10-27 00:00:00,"Man to Man, Beast to Beast",tv,,tv,,,0.0,no_match
MCU.xlsx,MCUDATASHEET,332,Doomed,Series,1996-11-03 00:00:00,Doomed,tv,,tv,,,0.0,no_match
MCU.xlsx,MCUDATASHEET,333,Fantastic Fortitude,Series,1996-11-10 00:00:00,Fantastic Fortitude,tv,,tv,,,0.0,no_match
MCU.xlsx,MCUDATASHEET,334,Mortal Bounds,Series,1996-11-17 00:00:00,Mortal Bounds,tv,,tv,,,0.0,no_match
MCU.xlsx,MCUDATASHEET,335,And the Wind Cries… Wendigo!,Series,1996-11-24 00:00:00,And the Wind Cries… Wendigo!,tv,,tv,,,0.0,no_match
MCU.xlsx,MCUDATASHEET,336,Darkness and Light (Part 1),Series,1997-02-02 00:00:00,Darkness and Light (Part 1),tv,,tv,,,0.0,no_match
MCU.xlsx,MCUDATASHEET,337,Darkness and Light (Part 2),Series,1997-02-09 00:00:00,Darkness and Light (Part 2),tv,,tv,,,0.0,no_match
MCU.xlsx,MCUDATASHEET,338,Darkness and Light (Part 3),Series,1997-02-16 00:00:00,Darkness and Light (Part 3),tv,,tv,,,0.0,no_match
MCU.xlsx,MCUDATASHEET,339,The Awakening,Series,1997-05-10 00:00:00,The Awakening,tv,,tv,,,0.0,no_match
MCU.xlsx,MCUDATASHEET,340,The Vampire Queen,Series,1997-05-17 00:00:00,The Vampire Queen,tv,,tv,,,0.0,no_match
MCU.xlsx,MCUDATASHEET,341,Old Soldiers,Series,1997-02-22 00:00:00,Old Soldiers,tv,,tv,,,0.0,no_match
MCU.xlsx,MCUDATASHEET,342,Hidden Agendas,Series,1997-09-06 00:00:00,Hidden Agendas,tv,,tv,,,0.0,no_match
MCU.xlsx,MCUDATASHEET,343,The Return of the Green Goblin,Series,1997-07-12 00:00:00,The Return of the Green Goblin,tv,,tv,,,0.0,no_match
MCU.xlsx,MCUDATASHEET,344,The Haunting of Mary Jane Watson,Series,1997-07-19 00:00:00,The Haunting of Mary Jane Watson,tv,,tv,,,0.0,no_match
MCU.xlsx,MCUDATASHEET,345,The Lizard King,Series,1997-07-26 00:00:00,The Lizard King,tv,,tv,,,0.0,no_match
MCU.xlsx,MCUDATASHEET,346,Descent,Series,1997-09-13 00:00:00,Descent,tv,,tv,,,0.0,no_match
MCU.xlsx,MCUDATASHEET,347,Graduation Day,Series,1997-09-20 00:00:00,Graduation Day,tv,,tv,,,0.0,no_match
MCU.xlsx,MCUDATASHEET,348,The Prowler,Series,1997-08-02 00:00:00,The Prowler,tv,,tv,,,0.0,no_match
MCU.xlsx,MCUDATASHEET,349,The Wedding,Series,1997-09-12 00:00:00,The Wedding,tv,74944,tv,Sakura Wars,1997-12-18,0.3622,review
MCU.xlsx,MCUDATASHEET,350,"Six Forgotten Warriors, Chapter I: Six Forgotten Warriors",Series,1997-09-19 00:00:00,"Six Forgotten Warriors, Chapter I: Six Forgotten Warriors",tv,,tv,,,0.0,no_match
MCU.xlsx,MCUDATASHEET,351,"Six Forgotten Warriors, Chapter II: Unclaimed Legacy",Series,1997-09-26 00:00:00,"Six Forgotten Warriors, Chapter II: Unclaimed Legacy",tv,,tv,,,0.0,no_match
MCU.xlsx,MCUDATASHEET,352,"Six Forgotten Warriors, Chapter III: Secrets of the Six",Series,1997-10-03 00:00:00,"Six Forgotten Warriors, Chapter III: Secrets of the Six",tv,,tv,,,0.0,no_match
MCU.xlsx,MCUDATASHEET,353,"Six Forgotten Warriors, Chapter IV: The Six Fight Again",Series,1997-10-10 00:00:00,"Six Forgotten Warriors, Chapter IV: The Six Fight Again",tv,,tv,,,0.0,no_match
MCU.xlsx,MCUDATASHEET,354,"Six Forgotten Warriors, Chapter V: The Price of Heroism",Series,1997-10-17 00:00:00,"Six Forgotten Warriors, Chapter V: The Price of Heroism",tv,,tv,,,0.0,no_match
MCU.xlsx,MCUDATASHEET,355,The Return of Hydro-Man (Part 1),Series,1997-10-24 00:00:00,The Return of Hydro-Man (Part 1),tv,,tv,,,0.0,no_match
MCU.xlsx,MCUDATASHEET,356,The Return of Hydro-Man (Part 2),Series,1997-10-31 00:00:00,The Return of Hydro-Man (Part 2),tv,,tv,,,0.0,no_match
MCU.xlsx,MCUDATASHEET,357,"Secret Wars, Chapter I: Arrival",Series,1997-11-07 00:00:00,"Secret Wars, Chapter I: Arrival",tv,,tv,,,0.0,no_match
MCU.xlsx,MCUDATASHEET,358,"Secret Wars, Chapter II: The Gauntlet of the Red Skull",Series,1997-11-14 00:00:00,"Secret Wars, Chapter II: The Gauntlet of the Red Skull",tv,,tv,,,0.0,no_match
MCU.xlsx,MCUDATASHEET,359,"Secret Wars, Chapter III: Doom",Series,1997-11-21 00:00:00,"Secret Wars, Chapter III: Doom",tv,,tv,,,0.0,no_match
MCU.xlsx,MCUDATASHEET,360,"Spider Wars, Chapter I: I Really, Really Hate Clones",Series,1998-01-30 00:00:00,"Spider Wars, Chapter I: I Really, Really Hate Clones",tv,,tv,,,0.0,no_match
MCU.xlsx,MCUDATASHEET,361,"Spider Wars, Chapter II: Farewell, Spider-Man",Series,1998-01-31 00:00:00,"Spider Wars, Chapter II: Farewell, Spider-Man",tv,,tv,,,0.0,no_match
MCU.xlsx,MCUDATASHEET,362,Hulk of a Different Color,Series,1997-09-21 00:00:00,Hulk of a Different Color,tv,,tv,,,0.0,no_match
MCU.xlsx,MCUDATASHEET,363,Down Memory Lane,Series,1997-09-28 00:00:00,Down Memory Lane,tv,,tv,,,0.0,no_match
MCU.xlsx,MCUDATASHEET,364,Mind Over Anti-Matter,Series,1997-10-05 00:00:00,Mind Over Anti-Matter,tv,,tv,,,0.0,no_match
MCU.xlsx,MCUDATASHEET,365,They Call Me Mr. Fixit,Series,1997-10-26 00:00:00,They Call Me Mr. Fixit,tv,,tv,,,0.0,no_match
MCU.xlsx,MCUDATASHEET,366,Fashion Warriors,Series,1997-11-02 00:00:00,Fashion Warriors,tv,,tv,,,0.0,no_match
MCU.xlsx,MCUDATASHEET,367,Hollywood Rocks,Series,1997-11-09 00:00:00,Hollywood Rocks,tv,,tv,,,0.0,no_match
MCU.xlsx,MCUDATASHEET,368,The Lost Village,Series,1997-11-16 00:00:00,The Lost Village,tv,,tv,,,0.0,no_match
MCU.xlsx,MCUDATASHEET,369,Mission: Incredible,Series,1997-11-23 00:00:00,Mission: Incredible,tv,,tv,,,0.0,no_match
MCU.xlsx,MCUDATASHEET,370,To Battle the Living Planet,Series,1995-11-04 00:00:00,To Battle the Living Planet,tv,,tv,,,0.0,no_match
MCU.xlsx,MCUDATASHEET,371,When Calls Galactus,Series,1995-11-18 00:00:00,When Calls Galactus,tv,,tv,,,0.0,no_match
MCU.xlsx,MCUDATASHEET,372,The Sentry Sinister,Series,1996-02-17 00:00:00,The Sentry Sinister,tv,,tv,,,0.0,no_match
MCU.xlsx,MCUDATASHEET,373,Doomsday,Series,1996-02-24 00:00:00,Doomsday,tv,75671,tv,Pandora's Clock,1996-11-10,0.4184,review
MCU.xlsx,MCUDATASHEET,374,"To Me, My X-Men",Series,2024-03-20 00:00:00,"To Me, My X-Men",tv,,tv,,,0.0,no_match
MCU.xlsx,MCUDATASHEET,375,Mutant Liberation Begins,Series,2024-03-20 00:00:00,Mutant Liberation Begins,tv,,tv,,,0.0,no_match
MCU.xlsx,MCUDATASHEET,376,Fire Made Flesh,Series,2024-03-27 00:00:00,Fire Made Flesh,tv,,tv,,,0.0,no_match
MCU.xlsx,MCUDATASHEET,377,Motendo / Lifedeath (Part 1),Series,2024-04-03 00:00:00,Motendo / Lifedeath (Part 1),tv,,tv,,,0.0,no_match
MCU.xlsx,MCUDATASHEET,378,Remember It,Series,2024-04-10 00:00:00,Remember It,tv,,tv,,,0.0,no_match
MCU.xlsx,MCUDATASHEET,379,Lifedeath (Part 2),Series,2024-04-17 00:00:00,Lifedeath (Part 2),tv,,tv,,,0.0,no_match
MCU.xlsx,MCUDATASHEET,380,Bright Eyes,Series,2024-04-24 00:00:00,Bright Eyes,tv,,tv,,,0.0,no_match
MCU.xlsx,MCUDATASHEET,381,Tolerance is Extinction (Part 1),Series,2024-05-01 00:00:00,Tolerance is Extinction (Part 1),tv,,tv,,,0.0,no_match
MCU.xlsx,MCUDATASHEET,382,Tolerance is Extinction (Part 2),Series,2024-05-08 00:00:00,Tolerance is Extinction (Part 2),tv,,tv,,,0.0,no_match
MCU.xlsx,MCUDATASHEET,383,Tolerance is Extinction (Part 3),Series,2024-05-15 00:00:00,Tolerance is Extinction (Part 3),tv,,tv,,,0.0,no_match
MCU.xlsx,MCUDATASHEET,384,Days of Past Future,Series,2026-07-01 00:00:00,Days of Past Future,tv,,tv,,,0.0,no_match
MCU.xlsx,MCUDATASHEET,385,A Force to Be Reckoned With,Series,2026-07-01 00:00:00,A Force to Be Reckoned With,tv,,tv,,,0.0,no_match
MCU.xlsx,MCUDATASHEET,386,Rise of Apocalypse: Part 1,Series,2026-07-01 00:00:00,Rise of Apocalypse: Part 1,tv,,tv,,,0.0,no_match
MCU.xlsx,MCUDATASHEET,387,Rise of Apocalypse: Part II,Series,2026-07-08 00:00:00,Rise of Apocalypse: Part II,tv,,tv,,,0.0,no_match
MCU.xlsx,MCUDATASHEET,388,"Weapon X, Lies, and DVDs",Series,2026-07-15 00:00:00,"Weapon X, Lies, and DVDs",tv,,tv,,,0.0,no_match
MCU.xlsx,MCUDATASHEET,389,Danger.Exe,Series,2026-07-22 00:00:00,Danger.Exe,tv,,tv,,,0.0,no_match
MCU.xlsx,MCUDATASHEET,390,"Strange Land, Savage Heart",Series,2026-07-29 00:00:00,"Strange Land, Savage Heart",tv,,tv,,,0.0,no_match
MCU.xlsx,MCUDATASHEET,391,The Dead Man's Hand,Series,2026-08-05 00:00:00,The Dead Man's Hand,tv,,tv,,,0.0,no_match
MCU.xlsx,MCUDATASHEET,392,Survival of the Fittest,Series,2026-08-12 00:00:00,Survival of the Fittest,tv,,tv,,,0.0,no_match
MCU.xlsx,MCUDATASHEET,393,X-Men '97,Series,,X-Men '97,tv,138502,tv,X-Men '97,2024-03-20,0.8613,matched
MCU.xlsx,MCUDATASHEET,394,X-Men '97,Series,,X-Men '97,tv,138502,tv,X-Men '97,2024-03-20,0.8613,matched
MCU.xlsx,MCUDATASHEET,395,X-Men '97,Series,,X-Men '97,tv,138502,tv,X-Men '97,2024-03-20,0.8613,matched
MCU.xlsx,MCUDATASHEET,396,X-Men '97,Series,,X-Men '97,tv,138502,tv,X-Men '97,2024-03-20,0.8613,matched
MCU.xlsx,MCUDATASHEET,397,X-Men '97,Series,,X-Men '97,tv,138502,tv,X-Men '97,2024-03-20,0.8613,matched
MCU.xlsx,MCUDATASHEET,398,X-Men '97,Series,,X-Men '97,tv,138502,tv,X-Men '97,2024-03-20,0.8613,matched
MCU.xlsx,MCUDATASHEET,399,X-Men '97,Series,,X-Men '97,tv,138502,tv,X-Men '97,2024-03-20,0.8613,matched
MCU.xlsx,MCUDATASHEET,400,X-Men '97,Series,,X-Men '97,tv,138502,tv,X-Men '97,2024-03-20,0.8613,matched
MCU.xlsx,MCUDATASHEET,401,X-Men '97,Series,,X-Men '97,tv,138502,tv,X-Men '97,2024-03-20,0.8613,matched
MCU.xlsx,MCUDATASHEET,402,X-Men '97,Series,,X-Men '97,tv,138502,tv,X-Men '97,2024-03-20,0.8613,matched
MCU.xlsx,MCUDATASHEET,403,What If... Peter Quill Attacked Earth's Mightiest Heroes?,Series,2023-12-23 00:00:00,What If... Peter Quill Attacked Earth's Mightiest Heroes?,tv,,tv,,,0.0,no_match
MCU.xlsx,MCUDATASHEET,404,Blade,Film,1999-08-28 00:00:00,Blade,movie,36647,movie,Blade,1998-08-21,0.9172,matched
MCU.xlsx,MCUDATASHEET,405,X-Men: The Last Stand,Film,2006-05-06 00:00:00,X-Men: The Last Stand,movie,36668,movie,X-Men: The Last Stand,2006-05-24,0.9503,matched
MCU.xlsx,MCUDATASHEET,406,Blade 2,Film,2002-03-21 00:00:00,Blade 2,movie,36586,movie,Blade II,2002-03-22,0.8113,matched
MCU.xlsx,MCUDATASHEET,407,Spider-Man,Film,2002-05-03 00:00:00,Spider-Man,movie,557,movie,Spider-Man,2002-05-01,0.9991,matched
MCU.xlsx,MCUDATASHEET,408,Madame Web,Film,2024-02-16 00:00:00,Madame Web,movie,634492,movie,Madame Web,2024-02-14,0.9546,matched
MCU.xlsx,MCUDATASHEET,409,Hulk,Film,2003-06-23 00:00:00,Hulk,movie,1927,movie,Hulk,2003-06-19,0.9542,matched
MCU.xlsx,MCUDATASHEET,410,Daredevil,Film,2003-02-14 00:00:00,Daredevil,movie,9480,movie,Daredevil,2003-02-14,0.9547,matched
MCU.xlsx,MCUDATASHEET,411,Spider-Man 2,Film,2004-05-30 00:00:00,Spider-Man 2,movie,558,movie,Spider-Man 2,2004-06-25,0.9599,matched
MCU.xlsx,MCUDATASHEET,412,Fantastic Four,Film,2005-07-08 00:00:00,Fantastic Four,movie,9738,movie,Fantastic Four,2005-06-29,0.9546,matched
MCU.xlsx,MCUDATASHEET,413,Spider-Man 3,Film,2007-05-04 00:00:00,Spider-Man 3,movie,559,movie,Spider-Man 3,2007-05-01,0.9705,matched
MCU.xlsx,MCUDATASHEET,414,Elektra,Film,2005-01-14 00:00:00,Elektra,movie,9947,movie,Elektra,2005-01-13,0.9532,matched
MCU.xlsx,MCUDATASHEET,415,Blade Trinity,Film,2004-12-08 00:00:00,Blade Trinity,movie,36648,movie,Blade: Trinity,2004-12-08,0.9279,matched
MCU.xlsx,MCUDATASHEET,416,Blade: House Of Chthon,Series,2006-06-28 00:00:00,Blade: House Of Chthon,tv,,tv,,,0.0,no_match
MCU.xlsx,MCUDATASHEET,417,Death Goes On,Series,2006-07-05 00:00:00,Death Goes On,tv,,tv,,,0.0,no_match
MCU.xlsx,MCUDATASHEET,418,Descent,Series,2006-07-12 00:00:00,Descent,tv,,tv,,,0.0,no_match
MCU.xlsx,MCUDATASHEET,419,Bloodlines,Series,2006-07-19 00:00:00,Bloodlines,tv,229134,tv,Bloodlines,2006-05-27,0.9505,matched
MCU.xlsx,MCUDATASHEET,420,The Evil Within,Series,2006-07-26 00:00:00,The Evil Within,tv,,tv,,,0.0,no_match
MCU.xlsx,MCUDATASHEET,421,Delivery,Series,2006-08-02 00:00:00,Delivery,tv,34843,tv,Ramen Fighter Miki,2006-07-04,0.4522,review
MCU.xlsx,MCUDATASHEET,422,Sacrifice,Series,2006-08-09 00:00:00,Sacrifice,tv,,tv,,,0.0,no_match
MCU.xlsx,MCUDATASHEET,423,Turn of the Screw,Series,2006-08-16 00:00:00,Turn of the Screw,tv,,tv,,,0.0,no_match
MCU.xlsx,MCUDATASHEET,424,Angels and Demons,Series,2006-08-23 00:00:00,Angels and Demons,tv,,tv,,,0.0,no_match
MCU.xlsx,MCUDATASHEET,425,Hunters,Series,2006-08-30 00:00:00,Hunters,tv,4786,tv,City Hunters,2006-10-23,0.7608,matched
MCU.xlsx,MCUDATASHEET,426,Monsters,Series,2006-09-06 00:00:00,Monsters,tv,11767,tv,Yu-Gi-Oh! Capsule Monsters,2006-09-09,0.5694,review
MCU.xlsx,MCUDATASHEET,427,Conclave,Series,2006-09-13 00:00:00,Conclave,tv,,tv,,,0.0,no_match
MCU.xlsx,MCUDATASHEET,428,Ghost Rider,Film,2007-02-16 00:00:00,Ghost Rider,movie,1250,movie,Ghost Rider,2007-01-15,0.9569,matched
MCU.xlsx,MCUDATASHEET,429,Fantastic Four: Rise of the Silver Surfer,Film,2007-06-15 00:00:00,Fantastic Four: Rise of the Silver Surfer,movie,1979,movie,Fantastic Four: Rise of the Silver Surfer,2007-06-13,0.953,matched
MCU.xlsx,MCUDATASHEET,430,Iron Man,Film,2008-05-02 00:00:00,Iron Man,movie,1726,movie,Iron Man,2008-04-30,0.9623,matched
MCU.xlsx,MCUDATASHEET,431,What If... Killmonger Rescued Tony Stark?,Series,2021-09-15 00:00:00,What If... Killmonger Rescued Tony Stark?,tv,,tv,,,0.0,no_match
MCU.xlsx,MCUDATASHEET,432,What If... T'Challa Became a Star-Lord?,Series,2021-08-18 00:00:00,What If... T'Challa Became a Star-Lord?,tv,,tv,,,0.0,no_match
MCU.xlsx,MCUDATASHEET,433,Iron Man 2,Film,2010-05-07 00:00:00,Iron Man 2,movie,10138,movie,Iron Man 2,2010-04-28,0.96,matched
MCU.xlsx,MCUDATASHEET,434,What If... Thor Were an Only Child?,Series,2021-09-22 00:00:00,What If... Thor Were an Only Child?,tv,,tv,,,0.0,no_match
MCU.xlsx,MCUDATASHEET,435,What If... The World Lost Its Mightiest Heroes?,Series,2021-08-25 00:00:00,What If... The World Lost Its Mightiest Heroes?,tv,,tv,,,0.0,no_match
MCU.xlsx,MCUDATASHEET,436,The Incredible Hulk,Film,2008-06-13 00:00:00,The Incredible Hulk,movie,1724,movie,The Incredible Hulk,2008-06-12,0.9585,matched
MCU.xlsx,MCUDATASHEET,437,Marvel One-Shot: A Funny Thing Happened on the way to Thor's Hammer,Short,2011-10-25 00:00:00,Marvel One-Shot: A Funny Thing Happened on the way to Thor's Hammer,movie,76535,movie,Marvel One-Shot: A Funny Thing Happened on the Way to Thor's Hammer,2011-10-25,0.9508,matched
MCU.xlsx,MCUDATASHEET,438,Thor,Film,2011-05-06 00:00:00,Thor,movie,10195,movie,Thor,2011-04-21,0.9585,matched
MCU.xlsx,MCUDATASHEET,439,Marvel One-Shot: The Consultant,Short,2011-09-13 00:00:00,Marvel One-Shot: The Consultant,movie,76122,movie,Marvel One-Shot: The Consultant,2011-09-13,0.9509,matched
MCU.xlsx,MCUDATASHEET,440,The Avengers,Film,2012-05-04 00:00:00,The Avengers,movie,24428,movie,The Avengers,2012-04-25,0.9703,matched
MCU.xlsx,MCUDATASHEET,441,What If... Iron Man Crashed into the Grandmaster?,Series,2023-12-25 00:00:00,What If... Iron Man Crashed into the Grandmaster?,tv,,tv,,,0.0,no_match
MCU.xlsx,MCUDATASHEET,442,Marvel One-Shot: Item 47,Short,2012-09-25 00:00:00,Marvel One-Shot: Item 47,movie,119569,movie,Marvel One-Shot: Item 47,2012-08-29,0.9508,matched
MCU.xlsx,MCUDATASHEET,443,The Amazing Spider-Man,Film,2012-07-03 00:00:00,The Amazing Spider-Man,movie,1930,movie,The Amazing Spider-Man,2012-06-23,0.9735,matched
MCU.xlsx,MCUDATASHEET,444,The Wolverine,Film,2013-07-26 00:00:00,The Wolverine,movie,76170,movie,The Wolverine,2013-07-21,0.9512,matched
MCU.xlsx,MCUDATASHEET,445,Pilot,Series,2013-09-24 00:00:00,Pilot,tv,62045,tv,Miss Pilot,2013-10-15,0.7108,matched
MCU.xlsx,MCUDATASHEET,446,2000-08-04 00:00:00,Series,2013-10-01 00:00:00,2000-08-04 00:00:00,tv,,tv,,,0.0,no_match
MCU.xlsx,MCUDATASHEET,447,The Asset,Series,2013-10-08 00:00:00,The Asset,tv,,tv,,,0.0,no_match
MCU.xlsx,MCUDATASHEET,448,Eye-Spy,Series,2013-10-15 00:00:00,Eye-Spy,tv,,tv,,,0.0,no_match
MCU.xlsx,MCUDATASHEET,449,Girl in the Flower Dress,Series,2013-10-22 00:00:00,Girl in the Flower Dress,tv,,tv,,,0.0,no_match
MCU.xlsx,MCUDATASHEET,450,FZZT,Series,2013-11-05 00:00:00,FZZT,tv,,tv,,,0.0,no_match
MCU.xlsx,MCUDATASHEET,451,The Hub,Series,2013-11-12 00:00:00,The Hub,tv,,tv,,,0.0,no_match
MCU.xlsx,MCUDATASHEET,452,Thor: The Dark World,Film,2013-11-08 00:00:00,Thor: The Dark World,movie,76338,movie,Thor: The Dark World,2013-10-30,0.9581,matched
MCU.xlsx,MCUDATASHEET,453,What If... Howard the Duck got Hitched?,Series,2024-12-25 00:00:00,What If... Howard the Duck got Hitched?,tv,,tv,,,0.0,no_match
MCU.xlsx,MCUDATASHEET,454,The Well,Series,2013-11-19 00:00:00,The Well,tv,,tv,,,0.0,no_match
MCU.xlsx,MCUDATASHEET,455,Repairs,Series,2013-11-26 00:00:00,Repairs,tv,,tv,,,0.0,no_match
MCU.xlsx,MCUDATASHEET,456,The Bridge,Series,2013-12-10 00:00:00,The Bridge,tv,47141,tv,The Bridge,2013-07-10,0.9529,matched
MCU.xlsx,MCUDATASHEET,457,The Magical Place,Series,2014-01-07 00:00:00,The Magical Place,tv,,tv,,,0.0,no_match
MCU.xlsx,MCUDATASHEET,458,Seeds,Series,2014-01-14 00:00:00,Seeds,tv,,tv,,,0.0,no_match
MCU.xlsx,MCUDATASHEET,459,Iron Man 3,Film,2013-05-03 00:00:00,Iron Man 3,movie,68721,movie,Iron Man 3,2013-04-18,0.959,matched
MCU.xlsx,MCUDATASHEET,460,T.R.A.C.K.S,Series,2014-02-04 00:00:00,T.R.A.C.K.S,tv,91709,tv,Blood on the Tracks,2014-01-19,0.5184,review
MCU.xlsx,MCUDATASHEET,461,T.A.H.I.T.I,Series,2014-03-04 00:00:00,T.A.H.I.T.I,tv,98165,tv,Tahiti Quest,2014-02-14,0.6064,review
MCU.xlsx,MCUDATASHEET,462,Yes Men,Series,2014-03-11 00:00:00,Yes Men,tv,,tv,,,0.0,no_match
MCU.xlsx,MCUDATASHEET,463,Marvel One-Shot: All Hail The King,Short,2014-02-04 00:00:00,Marvel One-Shot: All Hail The King,movie,253980,movie,Marvel One-Shot: All Hail the King,2014-02-04,0.9512,matched
MCU.xlsx,MCUDATASHEET,464,End of the Beginning,Series,2014-04-01 00:00:00,End of the Beginning,tv,,tv,,,0.0,no_match
MCU.xlsx,MCUDATASHEET,465,Captain America: The Winter Soldier,Film,2014-04-04 00:00:00,Captain America: The Winter Soldier,movie,100402,movie,Captain America: The Winter Soldier,2014-03-20,0.9554,matched
MCU.xlsx,MCUDATASHEET,466,What If... Captain Carter Fought the Hydra Stomper?,Series,2023-12-26 00:00:00,What If... Captain Carter Fought the Hydra Stomper?,tv,,tv,,,0.0,no_match
MCU.xlsx,MCUDATASHEET,467,"Turn, Turn, Turn",Series,2014-04-08 00:00:00,"Turn, Turn, Turn",tv,57276,tv,TURN: Washington's Spies,2014-04-06,0.5203,review
MCU.xlsx,MCUDATASHEET,468,Providence,Series,2014-04-15 00:00:00,Providence,tv,,tv,,,0.0,no_match
MCU.xlsx,MCUDATASHEET,469,The Only Light in the Darkness,Series,2014-04-22 00:00:00,The Only Light in the Darkness,tv,,tv,,,0.0,no_match
MCU.xlsx,MCUDATASHEET,470,Nothing Personal,Series,2014-04-29 00:00:00,Nothing Personal,tv,,tv,,,0.0,no_match
MCU.xlsx,MCUDATASHEET,471,Ragtag,Series,2014-05-06 00:00:00,Ragtag,tv,,tv,,,0.0,no_match
MCU.xlsx,MCUDATASHEET,472,Beginning of the End,Series,2014-05-13 00:00:00,Beginning of the End,tv,,tv,,,0.0,no_match
MCU.xlsx,MCUDATASHEET,473,Shadows,Series,2014-09-23 00:00:00,Shadows,tv,62111,tv,Shadows,2014-12-28,0.951,matched
MCU.xlsx,MCUDATASHEET,474,Heavy is the Head,Series,2014-09-30 00:00:00,Heavy is the Head,tv,,tv,,,0.0,no_match
MCU.xlsx,MCUDATASHEET,475,Guardians of the Galaxy,Film,2014-08-01 00:00:00,Guardians of the Galaxy,movie,118340,movie,Guardians of the Galaxy,2014-07-30,0.9552,matched
MCU.xlsx,MCUDATASHEET,476,Groot's First Steps,Short,2022-08-10 00:00:00,Groot's First Steps,movie,1010818,movie,Groot's First Steps,2022-08-10,0.9506,matched
MCU.xlsx,MCUDATASHEET,477,Making Friends and Influencing People,Series,2014-10-07 00:00:00,Making Friends and Influencing People,tv,,tv,,,0.0,no_match
MCU.xlsx,MCUDATASHEET,478,Guardians of the Galaxy Vol. 2,Film,2017-05-05 00:00:00,Guardians of the Galaxy Vol. 2,movie,283995,movie,Guardians of the Galaxy Vol. 2,2017-04-25,0.9579,matched
MCU.xlsx,MCUDATASHEET,479,The Little Guy,Short,2022-08-10 00:00:00,The Little Guy,movie,1010819,movie,The Little Guy,2022-08-10,0.9508,matched
MCU.xlsx,MCUDATASHEET,480,Groot's Pursuit,Short,2022-08-10 00:00:00,Groot's Pursuit,movie,1010820,movie,Groot's Pursuit,2022-08-10,0.9507,matched
MCU.xlsx,MCUDATASHEET,481,Groot Takes a Bath,Short,2022-08-10 00:00:00,Groot Takes a Bath,movie,1010821,movie,Groot Takes a Bath,2022-08-10,0.9509,matched
MCU.xlsx,MCUDATASHEET,482,Magnum Opus,Short,2022-08-10 00:00:00,Magnum Opus,movie,1010823,movie,Magnum Opus,2022-07-18,0.9509,matched
MCU.xlsx,MCUDATASHEET,483,Are You My Groot?,Short,2023-09-06 00:00:00,Are You My Groot?,movie,,movie,,,0.0,no_match
MCU.xlsx,MCUDATASHEET,484,Groot Noses Around,Short,2023-09-06 00:00:00,Groot Noses Around,movie,,movie,,,0.0,no_match
MCU.xlsx,MCUDATASHEET,485,Groot's Snow Day,Short,2023-09-06 00:00:00,Groot's Snow Day,movie,,movie,,,0.0,no_match
MCU.xlsx,MCUDATASHEET,486,Groot's Sweet Treat,Short,2023-09-06 00:00:00,Groot's Sweet Treat,movie,,movie,,,0.0,no_match
MCU.xlsx,MCUDATASHEET,487,Groot and the Great Prophecy,Short,2023-09-06 00:00:00,Groot and the Great Prophecy,movie,,movie,,,0.0,no_match
MCU.xlsx,MCUDATASHEET,488,What If... Happy Hogan Saved Christmas?,Series,2023-12-24 00:00:00,What If... Happy Hogan Saved Christmas?,tv,,tv,,,0.0,no_match
MCU.xlsx,MCUDATASHEET,489,Into the Ring,Series,2015-04-10 00:00:00,Into the Ring,tv,,tv,,,0.0,no_match
MCU.xlsx,MCUDATASHEET,490,Face My Enemy,Series,2014-10-14 00:00:00,Face My Enemy,tv,,tv,,,0.0,no_match
MCU.xlsx,MCUDATASHEET,491,A Hen in the Wolf House,Series,2014-10-21 00:00:00,A Hen in the Wolf House,tv,,tv,,,0.0,no_match
MCU.xlsx,MCUDATASHEET,492,Cut Man,Series,2015-04-10 00:00:00,Cut Man,tv,,tv,,,0.0,no_match
MCU.xlsx,MCUDATASHEET,493,Rabbit in a Snowstorm,Series,2015-04-10 00:00:00,Rabbit in a Snowstorm,tv,,tv,,,0.0,no_match
MCU.xlsx,MCUDATASHEET,494,In the Blood,Series,2015-04-10 00:00:00,In the Blood,tv,78527,tv,Blood and Glory: The Civil War in Color,2015-04-07,0.4562,review
MCU.xlsx,MCUDATASHEET,495,World on Fire,Series,2015-04-10 00:00:00,World on Fire,tv,,tv,,,0.0,no_match
MCU.xlsx,MCUDATASHEET,496,Condemned,Series,2015-04-10 00:00:00,Condemned,tv,,tv,,,0.0,no_match
MCU.xlsx,MCUDATASHEET,497,Stick,Series,2015-04-10 00:00:00,Stick,tv,312935,tv,The Sticky Truth About Sugar,2015-03-19,0.4483,review
MCU.xlsx,MCUDATASHEET,498,Shadows in the Glass,Series,2015-04-10 00:00:00,Shadows in the Glass,tv,,tv,,,0.0,no_match
MCU.xlsx,MCUDATASHEET,499,Speak of the Devil,Series,2015-04-10 00:00:00,Speak of the Devil,tv,,tv,,,0.0,no_match
MCU.xlsx,MCUDATASHEET,500,Nelson v. Murdock,Series,2015-04-10 00:00:00,Nelson v. Murdock,tv,,tv,,,0.0,no_match
MCU.xlsx,MCUDATASHEET,501,The Path of the Righteous,Series,2015-04-10 00:00:00,The Path of the Righteous,tv,,tv,,,0.0,no_match
MCU.xlsx,MCUDATASHEET,502,The Ones We Leave Behind,Series,2015-04-10 00:00:00,The Ones We Leave Behind,tv,,tv,,,0.0,no_match
MCU.xlsx,MCUDATASHEET,503,Daredevil,Series,2015-04-10 00:00:00,Daredevil,tv,61889,tv,Marvel's Daredevil,2015-04-10,0.7236,matched
MCU.xlsx,MCUDATASHEET,504,The Amazing Spider-Man 2,Film,2014-05-02 00:00:00,The Amazing Spider-Man 2,movie,102382,movie,The Amazing Spider-Man 2,2014-04-16,0.9743,matched
MCU.xlsx,MCUDATASHEET,505,A Fractured House,Series,2014-10-28 00:00:00,A Fractured House,tv,,tv,,,0.0,no_match
MCU.xlsx,MCUDATASHEET,506,AKA Ladies Night,Series,2015-11-20 00:00:00,AKA Ladies Night,tv,,tv,,,0.0,no_match
MCU.xlsx,MCUDATASHEET,507,AKA Crush Syndrome,Series,2015-11-20 00:00:00,AKA Crush Syndrome,tv,,tv,,,0.0,no_match
MCU.xlsx,MCUDATASHEET,508,AKA It's Called Whiskey,Series,2015-11-20 00:00:00,AKA It's Called Whiskey,tv,,tv,,,0.0,no_match
MCU.xlsx,MCUDATASHEET,509,The Writing on the Wall,Series,2014-11-11 00:00:00,The Writing on the Wall,tv,,tv,,,0.0,no_match
MCU.xlsx,MCUDATASHEET,510,AKA 99 Friends,Series,2015-11-20 00:00:00,AKA 99 Friends,tv,,tv,,,0.0,no_match
MCU.xlsx,MCUDATASHEET,511,AKA The Sandwich Saved Me,Series,2015-11-20 00:00:00,AKA The Sandwich Saved Me,tv,,tv,,,0.0,no_match
MCU.xlsx,MCUDATASHEET,512,The Things We Bury,Series,2014-11-18 00:00:00,The Things We Bury,tv,,tv,,,0.0,no_match
MCU.xlsx,MCUDATASHEET,513,...Ye Who Enter Here,Series,2014-12-02 00:00:00,...Ye Who Enter Here,tv,,tv,,,0.0,no_match
MCU.xlsx,MCUDATASHEET,514,What They Become,Series,2014-12-09 00:00:00,What They Become,tv,,tv,,,0.0,no_match
MCU.xlsx,MCUDATASHEET,515,Aftershocks,Series,2015-03-03 00:00:00,Aftershocks,tv,,tv,,,0.0,no_match
MCU.xlsx,MCUDATASHEET,516,AKA You're a Winner!,Series,2015-11-20 00:00:00,AKA You're a Winner!,tv,,tv,,,0.0,no_match
MCU.xlsx,MCUDATASHEET,517,AKA Top Shelf Perverts,Series,2015-11-20 00:00:00,AKA Top Shelf Perverts,tv,,tv,,,0.0,no_match
MCU.xlsx,MCUDATASHEET,518,Who You Really Are,Series,2015-03-10 00:00:00,Who You Really Are,tv,,tv,,,0.0,no_match
MCU.xlsx,MCUDATASHEET,519,AKA WWJD?,Series,2015-11-20 00:00:00,AKA WWJD?,tv,,tv,,,0.0,no_match
MCU.xlsx,MCUDATASHEET,520,AKA Sin Bin,Series,2015-11-20 00:00:00,AKA Sin Bin,tv,,tv,,,0.0,no_match
MCU.xlsx,MCUDATASHEET,521,One of Us,Series,2015-03-17 00:00:00,One of Us,tv,,tv,,,0.0,no_match
MCU.xlsx,MCUDATASHEET,522,"AKA 1,000 Cuts",Series,2015-11-20 00:00:00,"AKA 1,000 Cuts",tv,,tv,,,0.0,no_match
MCU.xlsx,MCUDATASHEET,523,Love in the Time of Hydra,Series,2015-03-24 00:00:00,Love in the Time of Hydra,tv,,tv,,,0.0,no_match
MCU.xlsx,MCUDATASHEET,524,One Door Closes,Series,2015-03-31 00:00:00,One Door Closes,tv,,tv,,,0.0,no_match
MCU.xlsx,MCUDATASHEET,525,AKA I've Got the Blues,Series,2015-11-20 00:00:00,AKA I've Got the Blues,tv,,tv,,,0.0,no_match
MCU.xlsx,MCUDATASHEET,526,AKA Take a Bloody Number,Series,2015-11-20 00:00:00,AKA Take a Bloody Number,tv,,tv,,,0.0,no_match
MCU.xlsx,MCUDATASHEET,527,AKA Smile,Series,2015-11-20 00:00:00,AKA Smile,tv,,tv,,,0.0,no_match
MCU.xlsx,MCUDATASHEET,528,Afterlife,Series,2015-04-07 00:00:00,Afterlife,tv,99963,tv,Project Afterlife,2015-08-09,0.7286,matched
MCU.xlsx,MCUDATASHEET,529,Melinda,Series,2015-04-14 00:00:00,Melinda,tv,,tv,,,0.0,no_match
MCU.xlsx,MCUDATASHEET,530,The Frenemy of My Enemy,Series,2015-04-21 00:00:00,The Frenemy of My Enemy,tv,,tv,,,0.0,no_match
MCU.xlsx,MCUDATASHEET,531,The Dirty Half Dozen,Series,2015-04-28 00:00:00,The Dirty Half Dozen,tv,,tv,,,0.0,no_match
MCU.xlsx,MCUDATASHEET,532,Avengers: Age of Ultron,Film,2015-05-01 00:00:00,Avengers: Age of Ultron,movie,99861,movie,Avengers: Age of Ultron,2015-04-22,0.9626,matched
MCU.xlsx,MCUDATASHEET,533,Scars,Series,2015-05-05 00:00:00,Scars,tv,,tv,,,0.0,no_match
MCU.xlsx,MCUDATASHEET,534,S.O.S Part 1,Series,2015-05-12 00:00:00,S.O.S Part 1,tv,,tv,,,0.0,no_match
MCU.xlsx,MCUDATASHEET,535,S.O.S Part 2,Series,2015-05-12 00:00:00,S.O.S Part 2,tv,,tv,,,0.0,no_match
MCU.xlsx,MCUDATASHEET,536,Ant-Man,Film,2015-07-17 00:00:00,Ant-Man,movie,102899,movie,Ant-Man,2015-07-14,0.9578,matched
MCU.xlsx,MCUDATASHEET,537,Ghost Rider: Spirit of Vengeance,Film,2012-02-17 00:00:00,Ghost Rider: Spirit of Vengeance,movie,71676,movie,Ghost Rider: Spirit of Vengeance,2011-12-10,0.9165,matched
MCU.xlsx,MCUDATASHEET,538,Fantastic Four (Fant4stic),Film,2015-08-07 00:00:00,Fantastic Four (Fant4stic),movie,166424,movie,Fantastic Four,2015-08-05,0.7368,matched
MCU.xlsx,MCUDATASHEET,539,Bang,Series,2016-03-18 00:00:00,Bang,tv,68805,tv,Bing Bang,2016-03-24,0.6732,matched
MCU.xlsx,MCUDATASHEET,540,Dogs to a Gunfight,Series,2016-03-18 00:00:00,Dogs to a Gunfight,tv,,tv,,,0.0,no_match
MCU.xlsx,MCUDATASHEET,541,New York's Finest,Series,2016-03-18 00:00:00,New York's Finest,tv,,tv,,,0.0,no_match
MCU.xlsx,MCUDATASHEET,542,Penny and Dime,Series,2016-03-18 00:00:00,Penny and Dime,tv,,tv,,,0.0,no_match
MCU.xlsx,MCUDATASHEET,543,Kinbaku,Series,2016-03-18 00:00:00,Kinbaku,tv,,tv,,,0.0,no_match
MCU.xlsx,MCUDATASHEET,544,Regrets Only,Series,2016-03-18 00:00:00,Regrets Only,tv,,tv,,,0.0,no_match
MCU.xlsx,MCUDATASHEET,545,Semper Fidelis,Series,2016-03-18 00:00:00,Semper Fidelis,tv,,tv,,,0.0,no_match
MCU.xlsx,MCUDATASHEET,546,Moment of Truth,Series,2016-09-30 00:00:00,Moment of Truth,tv,,tv,,,0.0,no_match
MCU.xlsx,MCUDATASHEET,547,Guilty as Sin,Series,2016-03-18 00:00:00,Guilty as Sin,tv,,tv,,,0.0,no_match
MCU.xlsx,MCUDATASHEET,548,Code of the Streets,Series,2016-09-30 00:00:00,Code of the Streets,tv,,tv,,,0.0,no_match
MCU.xlsx,MCUDATASHEET,549,Seven Minutes in Heaven,Series,2016-03-18 00:00:00,Seven Minutes in Heaven,tv,,tv,,,0.0,no_match
MCU.xlsx,MCUDATASHEET,550,Who's Gonna Take the Weight?,Series,2016-09-30 00:00:00,Who's Gonna Take the Weight?,tv,,tv,,,0.0,no_match
MCU.xlsx,MCUDATASHEET,551,Step in the Arena,Series,2016-09-30 00:00:00,Step in the Arena,tv,,tv,,,0.0,no_match
MCU.xlsx,MCUDATASHEET,552,The Man in the Box,Series,2016-03-18 00:00:00,The Man in the Box,tv,,tv,,,0.0,no_match
MCU.xlsx,MCUDATASHEET,553,0.38,Series,2016-03-18 00:00:00,0.38,tv,,tv,,,0.0,no_match
MCU.xlsx,MCUDATASHEET,554,The Dark at the End of the Tunnel,Series,2016-03-18 00:00:00,The Dark at the End of the Tunnel,tv,,tv,,,0.0,no_match
MCU.xlsx,MCUDATASHEET,555,Just to Get a Rep,Series,2016-09-30 00:00:00,Just to Get a Rep,tv,,tv,,,0.0,no_match
MCU.xlsx,MCUDATASHEET,556,A Cold Day in Hell's Kitchen,Series,2016-03-18 00:00:00,A Cold Day in Hell's Kitchen,tv,,tv,,,0.0,no_match
MCU.xlsx,MCUDATASHEET,557,Suckas Need Bodyguards,Series,2016-09-30 00:00:00,Suckas Need Bodyguards,tv,,tv,,,0.0,no_match
MCU.xlsx,MCUDATASHEET,558,Laws of Nature,Series,2015-09-29 00:00:00,Laws of Nature,tv,,tv,,,0.0,no_match
MCU.xlsx,MCUDATASHEET,559,Purpose in the Machine,Series,2015-10-06 00:00:00,Purpose in the Machine,tv,,tv,,,0.0,no_match
MCU.xlsx,MCUDATASHEET,560,Manifest,Series,2016-09-30 00:00:00,Manifest,tv,198113,tv,City Manifesto,2016-05-03,0.7537,matched
MCU.xlsx,MCUDATASHEET,561,A Wanted (Inhu)man,Series,2015-10-13 00:00:00,A Wanted (Inhu)man,tv,,tv,,,0.0,no_match
MCU.xlsx,MCUDATASHEET,562,Blowin' Up the Spot,Series,2016-09-30 00:00:00,Blowin' Up the Spot,tv,,tv,,,0.0,no_match
MCU.xlsx,MCUDATASHEET,563,DWYCK,Series,2016-09-30 00:00:00,DWYCK,tv,,tv,,,0.0,no_match
MCU.xlsx,MCUDATASHEET,564,Take It Personal,Series,2016-09-30 00:00:00,Take It Personal,tv,,tv,,,0.0,no_match
MCU.xlsx,MCUDATASHEET,565,Now You're Mine,Series,2016-09-30 00:00:00,Now You're Mine,tv,,tv,,,0.0,no_match
MCU.xlsx,MCUDATASHEET,566,Soliloquy of Chaos,Series,2016-09-30 00:00:00,Soliloquy of Chaos,tv,,tv,,,0.0,no_match
MCU.xlsx,MCUDATASHEET,567,You Know My Steez,Series,2016-09-30 00:00:00,You Know My Steez,tv,,tv,,,0.0,no_match
MCU.xlsx,MCUDATASHEET,568,Devils You Know,Series,2015-10-20 00:00:00,Devils You Know,tv,,tv,,,0.0,no_match
MCU.xlsx,MCUDATASHEET,569,"4,722 Hours",Series,2015-10-27 00:00:00,"4,722 Hours",tv,,tv,,,0.0,no_match
MCU.xlsx,MCUDATASHEET,570,Among Us Hide...,Series,2015-11-03 00:00:00,Among Us Hide...,tv,,tv,,,0.0,no_match
MCU.xlsx,MCUDATASHEET,571,Chaos Theory,Series,2015-11-10 00:00:00,Chaos Theory,tv,,tv,,,0.0,no_match
MCU.xlsx,MCUDATASHEET,572,"Many Heads, One Tale",Series,2015-11-17 00:00:00,"Many Heads, One Tale",tv,,tv,,,0.0,no_match
MCU.xlsx,MCUDATASHEET,573,Amazing Fantasy,Series,2025-01-29 00:00:00,Amazing Fantasy,tv,,tv,,,0.0,no_match
MCU.xlsx,MCUDATASHEET,574,Closure,Series,2015-12-01 00:00:00,Closure,tv,,tv,,,0.0,no_match
MCU.xlsx,MCUDATASHEET,575,Maveth,Series,2015-12-08 00:00:00,Maveth,tv,,tv,,,0.0,no_match
MCU.xlsx,MCUDATASHEET,576,Deadpool,Film,2016-02-12 00:00:00,Deadpool,movie,293660,movie,Deadpool,2016-02-09,0.9582,matched
MCU.xlsx,MCUDATASHEET,577,The Parker Luck,Series,2025-01-29 00:00:00,The Parker Luck,tv,,tv,,,0.0,no_match
MCU.xlsx,MCUDATASHEET,578,Secret Identity Crisis,Series,2025-02-05 00:00:00,Secret Identity Crisis,tv,,tv,,,0.0,no_match
MCU.xlsx,MCUDATASHEET,579,Hitting the Big Time,Series,2025-02-05 00:00:00,Hitting the Big Time,tv,,tv,,,0.0,no_match
MCU.xlsx,MCUDATASHEET,580,Snow Gives Way,Series,2017-03-17 00:00:00,Snow Gives Way,tv,,tv,,,0.0,no_match
MCU.xlsx,MCUDATASHEET,581,The Unicorn Unleashed,Series,2025-02-05 00:00:00,The Unicorn Unleashed,tv,,tv,,,0.0,no_match
MCU.xlsx,MCUDATASHEET,582,Duel with the Devil,Series,2025-02-12 00:00:00,Duel with the Devil,tv,,tv,,,0.0,no_match
MCU.xlsx,MCUDATASHEET,583,Shadow Hawk Takes Flight,Series,2017-03-17 00:00:00,Shadow Hawk Takes Flight,tv,,tv,,,0.0,no_match
MCU.xlsx,MCUDATASHEET,584,Scorpion Rising,Series,2025-02-12 00:00:00,Scorpion Rising,tv,,tv,,,0.0,no_match
MCU.xlsx,MCUDATASHEET,585,Rolling Thunder Cannon Punch,Series,2017-03-17 00:00:00,Rolling Thunder Cannon Punch,tv,,tv,,,0.0,no_match
MCU.xlsx,MCUDATASHEET,586,Tangled Web,Series,2025-02-12 00:00:00,Tangled Web,tv,,tv,,,0.0,no_match
MCU.xlsx,MCUDATASHEET,587,Hero or Menace,Series,2025-02-19 00:00:00,Hero or Menace,tv,,tv,,,0.0,no_match
MCU.xlsx,MCUDATASHEET,588,Eight Diagram Dragon Palm,Series,2017-03-17 00:00:00,Eight Diagram Dragon Palm,tv,,tv,,,0.0,no_match
MCU.xlsx,MCUDATASHEET,589,Under Leaf Pluck Lotus,Series,2017-03-17 00:00:00,Under Leaf Pluck Lotus,tv,,tv,,,0.0,no_match
MCU.xlsx,MCUDATASHEET,590,Immortal Emerges from Cave,Series,2017-03-17 00:00:00,Immortal Emerges from Cave,tv,,tv,,,0.0,no_match
MCU.xlsx,MCUDATASHEET,591,Felling Tree with Roots,Series,2017-03-17 00:00:00,Felling Tree with Roots,tv,,tv,,,0.0,no_match
MCU.xlsx,MCUDATASHEET,592,The Blessing of Many Fractures,Series,2017-03-17 00:00:00,The Blessing of Many Fractures,tv,,tv,,,0.0,no_match
MCU.xlsx,MCUDATASHEET,593,The Mistress of All Agonies,Series,2017-03-17 00:00:00,The Mistress of All Agonies,tv,,tv,,,0.0,no_match
MCU.xlsx,MCUDATASHEET,594,Black Tiger Steals Heart,Series,2017-03-17 00:00:00,Black Tiger Steals Heart,tv,,tv,,,0.0,no_match
MCU.xlsx,MCUDATASHEET,595,Lead Horse Back to Stable,Series,2017-03-17 00:00:00,Lead Horse Back to Stable,tv,,tv,,,0.0,no_match
MCU.xlsx,MCUDATASHEET,596,Bar the Big Boss,Series,2017-03-17 00:00:00,Bar the Big Boss,tv,,tv,,,0.0,no_match
MCU.xlsx,MCUDATASHEET,597,Dragon Plays with Fire,Series,2017-03-17 00:00:00,Dragon Plays with Fire,tv,,tv,,,0.0,no_match
MCU.xlsx,MCUDATASHEET,598,If This Be My Destiny...,Series,2025-02-19 00:00:00,If This Be My Destiny...,tv,,tv,,,0.0,no_match
MCU.xlsx,MCUDATASHEET,599,Bouncing Back,Series,2016-03-08 00:00:00,Bouncing Back,tv,,tv,,,0.0,no_match
MCU.xlsx,MCUDATASHEET,600,The Inside Man,Series,2016-03-15 00:00:00,The Inside Man,tv,,tv,,,0.0,no_match
MCU.xlsx,MCUDATASHEET,601,Parting Shot,Series,2016-03-22 00:00:00,Parting Shot,tv,,tv,,,0.0,no_match
MCU.xlsx,MCUDATASHEET,602,Watchdogs,Series,2016-03-29 00:00:00,Watchdogs,tv,,tv,,,0.0,no_match
MCU.xlsx,MCUDATASHEET,603,Spacetime,Series,2016-04-05 00:00:00,Spacetime,tv,157139,tv,Spacetime,2016-09-27,0.9507,matched
MCU.xlsx,MCUDATASHEET,604,Paradise Lost,Series,2016-04-12 00:00:00,Paradise Lost,tv,,tv,,,0.0,no_match
MCU.xlsx,MCUDATASHEET,605,The Team,Series,2016-04-19 00:00:00,The Team,tv,,tv,,,0.0,no_match
MCU.xlsx,MCUDATASHEET,606,The Singularity,Series,2016-04-26 00:00:00,The Singularity,tv,,tv,,,0.0,no_match
MCU.xlsx,MCUDATASHEET,607,The H Word,Series,2017-08-18 00:00:00,The H Word,tv,,tv,,,0.0,no_match
MCU.xlsx,MCUDATASHEET,608,Mean Right Hook,Series,2017-08-18 00:00:00,Mean Right Hook,tv,,tv,,,0.0,no_match
MCU.xlsx,MCUDATASHEET,609,Worst Behavior,Series,2017-08-18 00:00:00,Worst Behavior,tv,,tv,,,0.0,no_match
MCU.xlsx,MCUDATASHEET,610,Royal Dragon,Series,2017-08-18 00:00:00,Royal Dragon,tv,,tv,,,0.0,no_match
MCU.xlsx,MCUDATASHEET,611,Take Shelter,Series,2017-08-18 00:00:00,Take Shelter,tv,,tv,,,0.0,no_match
MCU.xlsx,MCUDATASHEET,612,"Ashes, Ashes",Series,2017-08-18 00:00:00,"Ashes, Ashes",tv,,tv,,,0.0,no_match
MCU.xlsx,MCUDATASHEET,613,Fish in the Jailhouse,Series,2017-08-18 00:00:00,Fish in the Jailhouse,tv,,tv,,,0.0,no_match
MCU.xlsx,MCUDATASHEET,614,The Defenders,Series,2017-08-18 00:00:00,The Defenders,tv,62285,tv,Marvel's The Defenders,2017-08-18,0.7678,matched
MCU.xlsx,MCUDATASHEET,615,Failed Experiments,Series,2016-05-03 00:00:00,Failed Experiments,tv,,tv,,,0.0,no_match
MCU.xlsx,MCUDATASHEET,616,Captain America: Civil War,Film,2016-05-06 00:00:00,Captain America: Civil War,movie,271110,movie,Captain America: Civil War,2016-04-27,0.9662,matched
MCU.xlsx,MCUDATASHEET,617,Emancipation,Series,2016-05-10 00:00:00,Emancipation,tv,,tv,,,0.0,no_match
MCU.xlsx,MCUDATASHEET,618,Absolution,Series,2016-05-17 00:00:00,Absolution,tv,,tv,,,0.0,no_match
MCU.xlsx,MCUDATASHEET,619,Ascension,Series,2016-05-17 00:00:00,Ascension,tv,,tv,,,0.0,no_match
MCU.xlsx,MCUDATASHEET,620,Black Widow,Film,2021-07-09 00:00:00,Black Widow,movie,497698,movie,Black Widow,2021-07-07,0.9586,matched
MCU.xlsx,MCUDATASHEET,621,Black Panther,Film,2018-02-16 00:00:00,Black Panther,movie,284054,movie,Black Panther,2018-02-13,0.9582,matched
MCU.xlsx,MCUDATASHEET,622,Behold... The Inhumans!,Series,2017-09-29 00:00:00,Behold... The Inhumans!,tv,,tv,,,0.0,no_match
MCU.xlsx,MCUDATASHEET,623,Those Who Would Destroy Us,Series,2017-09-29 00:00:00,Those Who Would Destroy Us,tv,,tv,,,0.0,no_match
MCU.xlsx,MCUDATASHEET,624,Divide -- And Conquer,Series,2017-10-06 00:00:00,Divide -- And Conquer,tv,,tv,,,0.0,no_match
MCU.xlsx,MCUDATASHEET,625,Make Way For... Medusa,Series,2017-10-13 00:00:00,Make Way For... Medusa,tv,,tv,,,0.0,no_match
MCU.xlsx,MCUDATASHEET,626,Something Inhuman This Way Comes...,Series,2017-10-20 00:00:00,Something Inhuman This Way Comes...,tv,,tv,,,0.0,no_match
MCU.xlsx,MCUDATASHEET,627,The Gentleman's Name is Gorgon,Series,2017-10-27 00:00:00,The Gentleman's Name is Gorgon,tv,,tv,,,0.0,no_match
MCU.xlsx,MCUDATASHEET,628,Havoc in the Hidden Land,Series,2017-11-03 00:00:00,Havoc in the Hidden Land,tv,,tv,,,0.0,no_match
MCU.xlsx,MCUDATASHEET,629,...And Finally: Black Bolt,Series,2017-11-10 00:00:00,...And Finally: Black Bolt,tv,,tv,,,0.0,no_match
MCU.xlsx,MCUDATASHEET,630,Spider-Man: Homecoming,Film,2017-07-07 00:00:00,Spider-Man: Homecoming,movie,315635,movie,Spider-Man: Homecoming,2017-07-05,1.0,matched
MCU.xlsx,MCUDATASHEET,631,Vendetta,Series,2016-12-13 00:00:00,Vendetta,tv,67736,tv,Bright-eyed Revenge,2016-09-08,0.4438,review
MCU.xlsx,MCUDATASHEET,632,John Hancock,Series,2016-12-13 00:00:00,John Hancock,tv,,tv,,,0.0,no_match
MCU.xlsx,MCUDATASHEET,633,Progress,Series,2016-12-13 00:00:00,Progress,tv,,tv,,,0.0,no_match
MCU.xlsx,MCUDATASHEET,634,Reunion,Series,2016-12-13 00:00:00,Reunion,tv,70179,tv,Sepahtu Reunion Live,2016-12-16,0.604,review
MCU.xlsx,MCUDATASHEET,635,Deal Breaker,Series,2016-12-13 00:00:00,Deal Breaker,tv,,tv,,,0.0,no_match
MCU.xlsx,MCUDATASHEET,636,Justicia,Series,2016-12-13 00:00:00,Justicia,tv,67535,tv,Above Justice,2016-08-22,0.643,matched
MCU.xlsx,MCUDATASHEET,637,"""3 AM""",Series,2017-11-17 00:00:00,"""3 AM""",tv,261117,tv,3 AM,2017-03-18,0.8061,matched
MCU.xlsx,MCUDATASHEET,638,Two Dead Men,Series,2017-11-17 00:00:00,Two Dead Men,tv,,tv,,,0.0,no_match
MCU.xlsx,MCUDATASHEET,639,Kandahar,Series,2017-11-17 00:00:00,Kandahar,tv,,tv,,,0.0,no_match
MCU.xlsx,MCUDATASHEET,640,Resupply,Series,2017-11-17 00:00:00,Resupply,tv,,tv,,,0.0,no_match
MCU.xlsx,MCUDATASHEET,641,Gunner,Series,2017-11-17 00:00:00,Gunner,tv,,tv,,,0.0,no_match
MCU.xlsx,MCUDATASHEET,642,The Judas Goat,Series,2017-11-17 00:00:00,The Judas Goat,tv,,tv,,,0.0,no_match
MCU.xlsx,MCUDATASHEET,643,Crosshairs,Series,2017-11-17 00:00:00,Crosshairs,tv,,tv,,,0.0,no_match
MCU.xlsx,MCUDATASHEET,644,Cold Steel,Series,2017-11-17 00:00:00,Cold Steel,tv,,tv,,,0.0,no_match
MCU.xlsx,MCUDATASHEET,645,Front Toward Enemy,Series,2017-11-17 00:00:00,Front Toward Enemy,tv,,tv,,,0.0,no_match
MCU.xlsx,MCUDATASHEET,646,Virtue of the Vicious,Series,2017-11-17 00:00:00,Virtue of the Vicious,tv,,tv,,,0.0,no_match
MCU.xlsx,MCUDATASHEET,647,Danger Close,Series,2017-11-17 00:00:00,Danger Close,tv,,tv,,,0.0,no_match
MCU.xlsx,MCUDATASHEET,648,Home,Series,2017-11-17 00:00:00,Home,tv,158361,tv,Our Home,2017-01-03,0.7106,matched
MCU.xlsx,MCUDATASHEET,649,Memento Mori,Series,2017-11-17 00:00:00,Memento Mori,tv,,tv,,,0.0,no_match
MCU.xlsx,MCUDATASHEET,650,Doctor Strange,Film,2016-11-04 00:00:00,Doctor Strange,movie,284052,movie,Doctor Strange,2016-10-25,0.9585,matched
MCU.xlsx,MCUDATASHEET,651,What If... Doctor Strange Lost His Heart Instead of His Hands?,Series,2021-09-01 00:00:00,What If... Doctor Strange Lost His Heart Instead of His Hands?,tv,,tv,,,0.0,no_match
MCU.xlsx,MCUDATASHEET,652,eXposed,Series,2017-10-02 00:00:00,eXposed,tv,73794,tv,Exposed,2017-05-23,0.9505,matched
MCU.xlsx,MCUDATASHEET,653,rX,Series,2017-10-09 00:00:00,rX,tv,66788,tv,13 Reasons Why,2017-03-31,0.3279,review
MCU.xlsx,MCUDATASHEET,654,eXodus,Series,2017-10-16 00:00:00,eXodus,tv,,tv,,,0.0,no_match
MCU.xlsx,MCUDATASHEET,655,eXit strategy,Series,2017-10-23 00:00:00,eXit strategy,tv,,tv,,,0.0,no_match
MCU.xlsx,MCUDATASHEET,656,boXed in,Series,2017-10-30 00:00:00,boXed in,tv,,tv,,,0.0,no_match
MCU.xlsx,MCUDATASHEET,657,got your siX,Series,2017-11-06 00:00:00,got your siX,tv,,tv,,,0.0,no_match
MCU.xlsx,MCUDATASHEET,658,eXtreme measures,Series,2017-11-13 00:00:00,eXtreme measures,tv,,tv,,,0.0,no_match
MCU.xlsx,MCUDATASHEET,659,threat of eXtinction,Series,2017-11-20 00:00:00,threat of eXtinction,tv,,tv,,,0.0,no_match
MCU.xlsx,MCUDATASHEET,660,First Light,Series,2018-06-07 00:00:00,First Light,tv,,tv,,,0.0,no_match
MCU.xlsx,MCUDATASHEET,661,Suicide Sprints,Series,2018-06-07 00:00:00,Suicide Sprints,tv,,tv,,,0.0,no_match
MCU.xlsx,MCUDATASHEET,662,Stained Glass,Series,2018-06-14 00:00:00,Stained Glass,tv,,tv,,,0.0,no_match
MCU.xlsx,MCUDATASHEET,663,Call/Response,Series,2018-06-21 00:00:00,Call/Response,tv,,tv,,,0.0,no_match
MCU.xlsx,MCUDATASHEET,664,Princeton Offense,Series,2018-06-28 00:00:00,Princeton Offense,tv,,tv,,,0.0,no_match
MCU.xlsx,MCUDATASHEET,665,Funhouse Mirrors,Series,2018-07-05 00:00:00,Funhouse Mirrors,tv,,tv,,,0.0,no_match
MCU.xlsx,MCUDATASHEET,666,Lotus Eaters,Series,2018-07-12 00:00:00,Lotus Eaters,tv,,tv,,,0.0,no_match
MCU.xlsx,MCUDATASHEET,667,Ghost Stories,Series,2018-07-19 00:00:00,Ghost Stories,tv,,tv,,,0.0,no_match
MCU.xlsx,MCUDATASHEET,668,outfoX,Series,2017-11-27 00:00:00,outfoX,tv,,tv,,,0.0,no_match
MCU.xlsx,MCUDATASHEET,669,eXploited,Series,2017-12-04 00:00:00,eXploited,tv,,tv,,,0.0,no_match
MCU.xlsx,MCUDATASHEET,670,3 X 1,Series,2017-12-11 00:00:00,3 X 1,tv,66788,tv,13 Reasons Why,2017-03-31,0.4652,review
MCU.xlsx,MCUDATASHEET,671,eXtraction,Series,2017-12-18 00:00:00,eXtraction,tv,,tv,,,0.0,no_match
MCU.xlsx,MCUDATASHEET,672,X-roads,Series,2017-12-25 00:00:00,X-roads,tv,,tv,,,0.0,no_match
MCU.xlsx,MCUDATASHEET,673,Back Breaker,Series,2018-07-26 00:00:00,Back Breaker,tv,224707,tv,Back Breakers Wrestling Present's Chasing the Dream,2018-10-31,0.5044,review
MCU.xlsx,MCUDATASHEET,674,Colony Collapse,Series,2018-08-02 00:00:00,Colony Collapse,tv,,tv,,,0.0,no_match
MCU.xlsx,MCUDATASHEET,675,The Ghost,Series,2016-09-20 00:00:00,The Ghost,tv,70288,tv,The Haunted House,2016-07-20,0.6193,review
MCU.xlsx,MCUDATASHEET,676,Meet the New Boss,Series,2016-09-27 00:00:00,Meet the New Boss,tv,,tv,,,0.0,no_match
MCU.xlsx,MCUDATASHEET,677,Uprising,Series,2016-10-11 00:00:00,Uprising,tv,74911,tv,Savage Kingdom,2016-11-25,0.4928,review
MCU.xlsx,MCUDATASHEET,678,Let Me Stand Next to Your Fire,Series,2016-10-18 00:00:00,Let Me Stand Next to Your Fire,tv,,tv,,,0.0,no_match
MCU.xlsx,MCUDATASHEET,679,Lockup,Series,2016-10-25 00:00:00,Lockup,tv,,tv,,,0.0,no_match
MCU.xlsx,MCUDATASHEET,680,The Good Samaritan,Series,2016-11-01 00:00:00,The Good Samaritan,tv,,tv,,,0.0,no_match
MCU.xlsx,MCUDATASHEET,681,Deals with Our Devils,Series,2016-11-29 00:00:00,Deals with Our Devils,tv,,tv,,,0.0,no_match
MCU.xlsx,MCUDATASHEET,682,The Laws of Inferno Dynamics,Series,2016-12-06 00:00:00,The Laws of Inferno Dynamics,tv,,tv,,,0.0,no_match
MCU.xlsx,MCUDATASHEET,683,Broken Promises,Series,2017-01-10 00:00:00,Broken Promises,tv,,tv,,,0.0,no_match
MCU.xlsx,MCUDATASHEET,684,The Patriot,Series,2017-01-17 00:00:00,The Patriot,tv,,tv,,,0.0,no_match
MCU.xlsx,MCUDATASHEET,685,Wake Up,Series,2017-01-24 00:00:00,Wake Up,tv,,tv,,,0.0,no_match
MCU.xlsx,MCUDATASHEET,686,Hot Potato Soup,Series,2017-01-31 00:00:00,Hot Potato Soup,tv,,tv,,,0.0,no_match
MCU.xlsx,MCUDATASHEET,687,BOOM,Series,2017-02-07 00:00:00,BOOM,tv,87147,tv,Baby boom,2017-02-14,0.6737,matched
MCU.xlsx,MCUDATASHEET,688,The Man Behind the Shield,Series,2017-02-14 00:00:00,The Man Behind the Shield,tv,,tv,,,0.0,no_match
MCU.xlsx,MCUDATASHEET,689,Self Control,Series,2017-02-21 00:00:00,Self Control,tv,,tv,,,0.0,no_match
MCU.xlsx,MCUDATASHEET,690,What If...,Series,2017-04-04 00:00:00,What If...,tv,71141,tv,Byplayers ~ What If 6 Supporting Actors Had a Houseshare,2017-01-14,0.3838,review
MCU.xlsx,MCUDATASHEET,691,AKA Start at the Beginning,Series,2018-03-08 00:00:00,AKA Start at the Beginning,tv,,tv,,,0.0,no_match
MCU.xlsx,MCUDATASHEET,692,Identity and Change,Series,2017-04-11 00:00:00,Identity and Change,tv,,tv,,,0.0,no_match
MCU.xlsx,MCUDATASHEET,693,AKA Freak Accident,Series,2018-03-08 00:00:00,AKA Freak Accident,tv,,tv,,,0.0,no_match
MCU.xlsx,MCUDATASHEET,694,AKA Sole Survivor,Series,2018-03-08 00:00:00,AKA Sole Survivor,tv,,tv,,,0.0,no_match
MCU.xlsx,MCUDATASHEET,695,AKA God Help the Hobo,Series,2018-03-08 00:00:00,AKA God Help the Hobo,tv,,tv,,,0.0,no_match
MCU.xlsx,MCUDATASHEET,696,AKA The Octopus,Series,2018-03-08 00:00:00,AKA The Octopus,tv,,tv,,,0.0,no_match
MCU.xlsx,MCUDATASHEET,697,No Regrets,Series,2017-04-18 00:00:00,No Regrets,tv,,tv,,,0.0,no_match
MCU.xlsx,MCUDATASHEET,698,All the Madame's Men,Series,2017-04-25 00:00:00,All the Madame's Men,tv,,tv,,,0.0,no_match
MCU.xlsx,MCUDATASHEET,699,"Farewell, Cruel World!",Series,2017-05-02 00:00:00,"Farewell, Cruel World!",tv,,tv,,,0.0,no_match
MCU.xlsx,MCUDATASHEET,700,The Return,Series,2017-05-09 00:00:00,The Return,tv,83983,tv,The Return of Superman Thailand,2017-03-25,0.5813,review
MCU.xlsx,MCUDATASHEET,701,World's End,Series,2017-05-16 00:00:00,World's End,tv,135330,tv,How the World Ends,2017-02-12,0.6773,matched
MCU.xlsx,MCUDATASHEET,702,Orientation: Part 1,Series,2017-12-01 00:00:00,Orientation: Part 1,tv,,tv,,,0.0,no_match
MCU.xlsx,MCUDATASHEET,703,Orientation: Part 2,Series,2017-12-01 00:00:00,Orientation: Part 2,tv,,tv,,,0.0,no_match
MCU.xlsx,MCUDATASHEET,704,A Life Spent,Series,2017-12-08 00:00:00,A Life Spent,tv,,tv,,,0.0,no_match
MCU.xlsx,MCUDATASHEET,705,A Life Earned,Series,2017-12-15 00:00:00,A Life Earned,tv,,tv,,,0.0,no_match
MCU.xlsx,MCUDATASHEET,706,AKA Facetime,Series,2018-03-08 00:00:00,AKA Facetime,tv,,tv,,,0.0,no_match
MCU.xlsx,MCUDATASHEET,707,AKA I Want Your Cray Cray,Series,2018-03-08 00:00:00,AKA I Want Your Cray Cray,tv,,tv,,,0.0,no_match
MCU.xlsx,MCUDATASHEET,708,AKA Ain't We Got Fun,Series,2018-03-08 00:00:00,AKA Ain't We Got Fun,tv,,tv,,,0.0,no_match
MCU.xlsx,MCUDATASHEET,709,"AKA Shark in the Bathtub, Monster in the Bed",Series,2018-03-08 00:00:00,"AKA Shark in the Bathtub, Monster in the Bed",tv,,tv,,,0.0,no_match
MCU.xlsx,MCUDATASHEET,710,AKA Pork Chop,Series,2018-03-08 00:00:00,AKA Pork Chop,tv,,tv,,,0.0,no_match
MCU.xlsx,MCUDATASHEET,711,AKA Three Lives and Counting,Series,2018-03-08 00:00:00,AKA Three Lives and Counting,tv,,tv,,,0.0,no_match
MCU.xlsx,MCUDATASHEET,712,AKA Pray for My Patsy,Series,2018-03-08 00:00:00,AKA Pray for My Patsy,tv,,tv,,,0.0,no_match
MCU.xlsx,MCUDATASHEET,713,AKA Playland,Series,2018-03-08 00:00:00,AKA Playland,tv,,tv,,,0.0,no_match
MCU.xlsx,MCUDATASHEET,714,The New Mutants,Film,2020-08-28 00:00:00,The New Mutants,movie,340102,movie,The New Mutants,2020-04-02,0.9539,matched
MCU.xlsx,MCUDATASHEET,715,Soul Brother #1,Series,2018-06-22 00:00:00,Soul Brother #1,tv,,tv,,,0.0,no_match
MCU.xlsx,MCUDATASHEET,716,Straighten It Out,Series,2018-06-22 00:00:00,Straighten It Out,tv,,tv,,,0.0,no_match
MCU.xlsx,MCUDATASHEET,717,Wig Out,Series,2018-06-22 00:00:00,Wig Out,tv,,tv,,,0.0,no_match
MCU.xlsx,MCUDATASHEET,718,I Get Physical,Series,2018-06-22 00:00:00,I Get Physical,tv,,tv,,,0.0,no_match
MCU.xlsx,MCUDATASHEET,719,All Souled Out,Series,2018-06-22 00:00:00,All Souled Out,tv,,tv,,,0.0,no_match
MCU.xlsx,MCUDATASHEET,720,The Basement,Series,2018-06-22 00:00:00,The Basement,tv,,tv,,,0.0,no_match
MCU.xlsx,MCUDATASHEET,721,On and On,Series,2018-06-22 00:00:00,On and On,tv,128411,tv,On Order and Away,2018-05-30,0.618,review
MCU.xlsx,MCUDATASHEET,722,"If It Ain't Rough, It Ain't Right",Series,2018-06-22 00:00:00,"If It Ain't Rough, It Ain't Right",tv,,tv,,,0.0,no_match
MCU.xlsx,MCUDATASHEET,723,For Pete's Sake,Series,2018-06-22 00:00:00,For Pete's Sake,tv,,tv,,,0.0,no_match
MCU.xlsx,MCUDATASHEET,724,The Main Ingredient,Series,2018-06-22 00:00:00,The Main Ingredient,tv,,tv,,,0.0,no_match
MCU.xlsx,MCUDATASHEET,725,The Creator,Series,2018-06-22 00:00:00,The Creator,tv,,tv,,,0.0,no_match
MCU.xlsx,MCUDATASHEET,726,Can't Front on Me,Series,2018-06-22 00:00:00,Can't Front on Me,tv,,tv,,,0.0,no_match
MCU.xlsx,MCUDATASHEET,727,They Reminisce Over You (T.R.O.Y.),Series,2018-06-22 00:00:00,They Reminisce Over You (T.R.O.Y.),tv,,tv,,,0.0,no_match
MCU.xlsx,MCUDATASHEET,728,The Fury of Iron Fist,Series,2018-09-07 00:00:00,The Fury of Iron Fist,tv,,tv,,,0.0,no_match
MCU.xlsx,MCUDATASHEET,729,The City's Not for Burning,Series,2018-09-07 00:00:00,The City's Not for Burning,tv,,tv,,,0.0,no_match
MCU.xlsx,MCUDATASHEET,730,This Deadly Secret,Series,2018-09-07 00:00:00,This Deadly Secret,tv,,tv,,,0.0,no_match
MCU.xlsx,MCUDATASHEET,731,Target: Iron Fist,Series,2018-09-07 00:00:00,Target: Iron Fist,tv,,tv,,,0.0,no_match
MCU.xlsx,MCUDATASHEET,732,Heart of the Dragon,Series,2018-09-07 00:00:00,Heart of the Dragon,tv,,tv,,,0.0,no_match
MCU.xlsx,MCUDATASHEET,733,The Dragon Dies at Dawn,Series,2018-09-07 00:00:00,The Dragon Dies at Dawn,tv,,tv,,,0.0,no_match
MCU.xlsx,MCUDATASHEET,734,Morning of the Mindstorm,Series,2018-09-07 00:00:00,Morning of the Mindstorm,tv,,tv,,,0.0,no_match
MCU.xlsx,MCUDATASHEET,735,Reunion,Series,2017-11-21 00:00:00,Reunion,tv,209941,tv,Chabial Reunion,2017-06-27,0.6886,matched
MCU.xlsx,MCUDATASHEET,736,Rewind,Series,2017-11-21 00:00:00,Rewind,tv,253759,tv,RWBY Rewind,2017-10-18,0.7386,matched
MCU.xlsx,MCUDATASHEET,737,Destiny,Series,2017-11-21 00:00:00,Destiny,tv,74733,tv,Delicious Destiny,2017-09-11,0.6509,matched
MCU.xlsx,MCUDATASHEET,738,Fifteen,Series,2017-11-28 00:00:00,Fifteen,tv,,tv,,,0.0,no_match
MCU.xlsx,MCUDATASHEET,739,Kingdom,Series,2017-12-05 00:00:00,Kingdom,tv,92278,tv,Lion Kingdom,2017-08-04,0.7609,matched
MCU.xlsx,MCUDATASHEET,740,Metamorphosis,Series,2017-12-12 00:00:00,Metamorphosis,tv,,tv,,,0.0,no_match
MCU.xlsx,MCUDATASHEET,741,Refraction,Series,2017-12-19 00:00:00,Refraction,tv,,tv,,,0.0,no_match
MCU.xlsx,MCUDATASHEET,742,Tsunami,Series,2017-12-26 00:00:00,Tsunami,tv,,tv,,,0.0,no_match
MCU.xlsx,MCUDATASHEET,743,Doomsday,Series,2018-01-02 00:00:00,Doomsday,tv,116903,tv,Doomsday,2018-02-15,0.9501,matched
MCU.xlsx,MCUDATASHEET,744,Hostile,Series,2018-01-09 00:00:00,Hostile,tv,80863,tv,The Misadventures of Romesh Ranganathan,2018-07-01,0.3556,review
MCU.xlsx,MCUDATASHEET,745,Resurrection,Series,2018-10-19 00:00:00,Resurrection,tv,121233,tv,Battlebots Resurrection,2018-10-06,0.7239,matched
MCU.xlsx,MCUDATASHEET,746,Please,Series,2018-10-19 00:00:00,Please,tv,81817,tv,Horn Ok Please,2018-06-15,0.6622,matched
MCU.xlsx,MCUDATASHEET,747,No Good Deed,Series,2018-10-19 00:00:00,No Good Deed,tv,,tv,,,0.0,no_match
MCU.xlsx,MCUDATASHEET,748,Citadel on the Edge of Vengeance,Series,2018-09-07 00:00:00,Citadel on the Edge of Vengeance,tv,,tv,,,0.0,no_match
MCU.xlsx,MCUDATASHEET,749,Blindsided,Series,2018-10-19 00:00:00,Blindsided,tv,,tv,,,0.0,no_match
MCU.xlsx,MCUDATASHEET,750,War Without End,Series,2018-09-07 00:00:00,War Without End,tv,,tv,,,0.0,no_match
MCU.xlsx,MCUDATASHEET,751,The Perfect Game,Series,2018-10-19 00:00:00,The Perfect Game,tv,,tv,,,0.0,no_match
MCU.xlsx,MCUDATASHEET,752,A Duel of Iron,Series,2018-09-07 00:00:00,A Duel of Iron,tv,,tv,,,0.0,no_match
MCU.xlsx,MCUDATASHEET,753,The Devil You Know,Series,2018-10-19 00:00:00,The Devil You Know,tv,,tv,,,0.0,no_match
MCU.xlsx,MCUDATASHEET,754,Restless Energy,Series,2019-04-04 00:00:00,Restless Energy,tv,,tv,,,0.0,no_match
MCU.xlsx,MCUDATASHEET,755,Aftermath,Series,2018-10-19 00:00:00,Aftermath,tv,,tv,,,0.0,no_match
MCU.xlsx,MCUDATASHEET,756,White Lines,Series,2019-04-04 00:00:00,White Lines,tv,,tv,,,0.0,no_match
MCU.xlsx,MCUDATASHEET,757,Upstairs/Downstairs,Series,2018-10-19 00:00:00,Upstairs/Downstairs,tv,,tv,,,0.0,no_match
MCU.xlsx,MCUDATASHEET,758,Shadow Selves,Series,2019-04-11 00:00:00,Shadow Selves,tv,,tv,,,0.0,no_match
MCU.xlsx,MCUDATASHEET,759,Revelations,Series,2018-10-19 00:00:00,Revelations,tv,119946,tv,Eva Braun: Life and Death with the Führer,2018-03-12,0.2856,review
MCU.xlsx,MCUDATASHEET,760,Rabbit Hold,Series,2019-04-18 00:00:00,Rabbit Hold,tv,,tv,,,0.0,no_match
MCU.xlsx,MCUDATASHEET,761,Karen,Series,2018-10-19 00:00:00,Karen,tv,80579,tv,Karenjit Kaur: The Untold Story of Sunny Leone,2018-07-16,0.3716,review
MCU.xlsx,MCUDATASHEET,762,Reunion,Series,2018-10-19 00:00:00,Reunion,tv,85762,tv,The Reunion,2018-04-28,0.7905,matched
MCU.xlsx,MCUDATASHEET,763,Gimmie Shelter,Series,2018-12-21 00:00:00,Gimmie Shelter,tv,,tv,,,0.0,no_match
MCU.xlsx,MCUDATASHEET,764,Alignment Chart,Series,2019-04-25 00:00:00,Alignment Chart,tv,,tv,,,0.0,no_match
MCU.xlsx,MCUDATASHEET,765,One Last Shot,Series,2018-10-19 00:00:00,One Last Shot,tv,,tv,,,0.0,no_match
MCU.xlsx,MCUDATASHEET,766,B Sides,Series,2019-05-02 00:00:00,B Sides,tv,,tv,,,0.0,no_match
MCU.xlsx,MCUDATASHEET,767,Radio On,Series,2018-12-21 00:00:00,Radio On,tv,,tv,,,0.0,no_match
MCU.xlsx,MCUDATASHEET,768,A New Napkin,Series,2018-10-19 00:00:00,A New Napkin,tv,,tv,,,0.0,no_match
MCU.xlsx,MCUDATASHEET,769,Vikingtown Sound,Series,2019-05-09 00:00:00,Vikingtown Sound,tv,,tv,,,0.0,no_match
MCU.xlsx,MCUDATASHEET,770,Double Zeros,Series,2018-12-21 00:00:00,Double Zeros,tv,,tv,,,0.0,no_match
MCU.xlsx,MCUDATASHEET,771,Old School,Series,2018-12-21 00:00:00,Old School,tv,75778,tv,"25-Year-Old High School Girl, I Wouldn’t Do This with a Kid",2018-01-08,0.4412,review
MCU.xlsx,MCUDATASHEET,772,Two Player,Series,2019-05-16 00:00:00,Two Player,tv,,tv,,,0.0,no_match
MCU.xlsx,MCUDATASHEET,773,Blue Note,Series,2019-05-23 00:00:00,Blue Note,tv,,tv,,,0.0,no_match
MCU.xlsx,MCUDATASHEET,774,Level Up,Series,2019-05-30 00:00:00,Level Up,tv,90638,tv,Level Up,2019-07-10,0.9504,matched
MCU.xlsx,MCUDATASHEET,775,Rock Bottom,Series,2018-12-21 00:00:00,Rock Bottom,tv,,tv,,,0.0,no_match
MCU.xlsx,MCUDATASHEET,776,Bury Another,Series,2018-12-21 00:00:00,Bury Another,tv,,tv,,,0.0,no_match
MCU.xlsx,MCUDATASHEET,777,Last Rites,Series,2018-12-21 00:00:00,Last Rites,tv,,tv,,,0.0,no_match
MCU.xlsx,MCUDATASHEET,778,Past Life,Series,2018-12-21 00:00:00,Past Life,tv,,tv,,,0.0,no_match
MCU.xlsx,MCUDATASHEET,779,Big Shot,Series,2018-12-21 00:00:00,Big Shot,tv,,tv,,,0.0,no_match
MCU.xlsx,MCUDATASHEET,780,Hostile Takeover,Series,2018-12-21 00:00:00,Hostile Takeover,tv,,tv,,,0.0,no_match
MCU.xlsx,MCUDATASHEET,781,Last Waltz,Series,2018-12-21 00:00:00,Last Waltz,tv,,tv,,,0.0,no_match
MCU.xlsx,MCUDATASHEET,782,Earth Angel,Series,2018-12-21 00:00:00,Earth Angel,tv,,tv,,,0.0,no_match
MCU.xlsx,MCUDATASHEET,783,Split Up,Series,2018-12-21 00:00:00,Split Up,tv,,tv,,,0.0,no_match
MCU.xlsx,MCUDATASHEET,784,Smoke and Mirrors,Series,2019-12-13 00:00:00,Smoke and Mirrors,tv,,tv,,,0.0,no_match
MCU.xlsx,MCUDATASHEET,785,The Great Escape,Series,2019-12-13 00:00:00,The Great Escape,tv,,tv,,,0.0,no_match
MCU.xlsx,MCUDATASHEET,786,Lord of Lies,Series,2019-12-13 00:00:00,Lord of Lies,tv,,tv,,,0.0,no_match
MCU.xlsx,MCUDATASHEET,787,Rite of Thunder,Series,2019-12-13 00:00:00,Rite of Thunder,tv,,tv,,,0.0,no_match
MCU.xlsx,MCUDATASHEET,788,Rewind,Series,2017-12-22 00:00:00,Rewind,tv,253759,tv,RWBY Rewind,2017-10-18,0.7386,matched
MCU.xlsx,MCUDATASHEET,789,Thor: Ragnarok,Film,2017-11-03 00:00:00,Thor: Ragnarok,movie,284053,movie,Thor: Ragnarok,2017-10-02,0.9594,matched
MCU.xlsx,MCUDATASHEET,790,Fun & Games,Series,2018-01-05 00:00:00,Fun & Games,tv,,tv,,,0.0,no_match
MCU.xlsx,MCUDATASHEET,791,Together or Not at All,Series,2018-01-12 00:00:00,Together or Not at All,tv,,tv,,,0.0,no_match
MCU.xlsx,MCUDATASHEET,792,The Last Day,Series,2018-01-19 00:00:00,The Last Day,tv,86218,tv,Pompeii's Final Hours: New Evidence,2018-05-30,0.353,review
MCU.xlsx,MCUDATASHEET,793,Best Laid Plans,Series,2018-01-26 00:00:00,Best Laid Plans,tv,,tv,,,0.0,no_match
MCU.xlsx,MCUDATASHEET,794,Past Life,Series,2018-02-02 00:00:00,Past Life,tv,,tv,,,0.0,no_match
MCU.xlsx,MCUDATASHEET,795,All the Comforts of Home,Series,2018-03-02 00:00:00,All the Comforts of Home,tv,,tv,,,0.0,no_match
MCU.xlsx,MCUDATASHEET,796,The Real Deal,Series,2018-03-09 00:00:00,The Real Deal,tv,,tv,,,0.0,no_match
MCU.xlsx,MCUDATASHEET,797,Principia,Series,2018-03-16 00:00:00,Principia,tv,,tv,,,0.0,no_match
MCU.xlsx,MCUDATASHEET,798,eMergence,Series,2018-09-25 00:00:00,eMergence,tv,,tv,,,0.0,no_match
MCU.xlsx,MCUDATASHEET,799,unMoored,Series,2018-10-02 00:00:00,unMoored,tv,,tv,,,0.0,no_match
MCU.xlsx,MCUDATASHEET,800,coMplications,Series,2018-10-09 00:00:00,coMplications,tv,,tv,,,0.0,no_match
MCU.xlsx,MCUDATASHEET,801,outMatched,Series,2018-10-16 00:00:00,outMatched,tv,,tv,,,0.0,no_match
MCU.xlsx,MCUDATASHEET,802,afterMath,Series,2018-10-23 00:00:00,afterMath,tv,,tv,,,0.0,no_match
MCU.xlsx,MCUDATASHEET,803,iMprint,Series,2018-11-06 00:00:00,iMprint,tv,,tv,,,0.0,no_match
MCU.xlsx,MCUDATASHEET,804,no Mercy,Series,2018-11-13 00:00:00,no Mercy,tv,,tv,,,0.0,no_match
MCU.xlsx,MCUDATASHEET,805,the dreaM,Series,2018-11-27 00:00:00,the dreaM,tv,83053,tv,My Dream,2018-10-10,0.7386,matched
MCU.xlsx,MCUDATASHEET,806,gaMe changer,Series,2018-12-04 00:00:00,gaMe changer,tv,,tv,,,0.0,no_match
MCU.xlsx,MCUDATASHEET,807,eneMy of My eneMy,Series,2019-01-01 00:00:00,eneMy of My eneMy,tv,,tv,,,0.0,no_match
MCU.xlsx,MCUDATASHEET,808,meMento,Series,2019-01-08 00:00:00,meMento,tv,,tv,,,0.0,no_match
MCU.xlsx,MCUDATASHEET,809,hoMe,Series,2019-01-15 00:00:00,hoMe,tv,87807,tv,Home,2019-03-05,0.9505,matched
MCU.xlsx,MCUDATASHEET,810,teMpted,Series,2019-01-22 00:00:00,teMpted,tv,,tv,,,0.0,no_match
MCU.xlsx,MCUDATASHEET,811,calaMity,Series,2019-02-12 00:00:00,calaMity,tv,,tv,,,0.0,no_match
MCU.xlsx,MCUDATASHEET,812,Monsters,Series,2019-02-19 00:00:00,Monsters,tv,89652,tv,In Search of Monsters,2019-04-11,0.6275,matched
MCU.xlsx,MCUDATASHEET,813,oMens,Series,2019-02-26 00:00:00,oMens,tv,71915,tv,Good Omens,2019-05-31,0.717,matched
MCU.xlsx,MCUDATASHEET,814,Roadhouse Blues,Series,2019-01-18 00:00:00,Roadhouse Blues,tv,,tv,,,0.0,no_match
MCU.xlsx,MCUDATASHEET,815,AKA The Perfect Burger,Series,2019-06-14 00:00:00,AKA The Perfect Burger,tv,,tv,,,0.0,no_match
MCU.xlsx,MCUDATASHEET,816,Fight or Flight,Series,2019-01-18 00:00:00,Fight or Flight,tv,,tv,,,0.0,no_match
MCU.xlsx,MCUDATASHEET,817,AKA You're Welcome,Series,2019-06-14 00:00:00,AKA You're Welcome,tv,,tv,,,0.0,no_match
MCU.xlsx,MCUDATASHEET,818,Trouble The Water,Series,2019-01-18 00:00:00,Trouble The Water,tv,,tv,,,0.0,no_match
MCU.xlsx,MCUDATASHEET,819,Scar Tissue,Series,2019-01-18 00:00:00,Scar Tissue,tv,,tv,,,0.0,no_match
MCU.xlsx,MCUDATASHEET,820,One-Eyed Jacks,Series,2019-01-18 00:00:00,One-Eyed Jacks,tv,,tv,,,0.0,no_match
MCU.xlsx,MCUDATASHEET,821,Nakazat,Series,2019-01-18 00:00:00,Nakazat,tv,,tv,,,0.0,no_match
MCU.xlsx,MCUDATASHEET,822,Ant-Man and the Wasp,Film,2018-07-06 00:00:00,Ant-Man and the Wasp,movie,363088,movie,Ant-Man and the Wasp,2018-07-04,0.9565,matched
MCU.xlsx,MCUDATASHEET,823,AKA I Have No Spleen,Series,2019-06-14 00:00:00,AKA I Have No Spleen,tv,,tv,,,0.0,no_match
MCU.xlsx,MCUDATASHEET,824,AKA Customer Service is Standing By,Series,2019-06-14 00:00:00,AKA Customer Service is Standing By,tv,,tv,,,0.0,no_match
MCU.xlsx,MCUDATASHEET,825,Deadpool 2,Film,2018-05-18 00:00:00,Deadpool 2,movie,383498,movie,Deadpool 2,2018-05-15,0.9572,matched
MCU.xlsx,MCUDATASHEET,826,AKA I Wish,Series,2019-06-14 00:00:00,AKA I Wish,tv,,tv,,,0.0,no_match
MCU.xlsx,MCUDATASHEET,827,One Bad Day,Series,2019-01-18 00:00:00,One Bad Day,tv,,tv,,,0.0,no_match
MCU.xlsx,MCUDATASHEET,828,AKA Sorry Face,Series,2019-06-14 00:00:00,AKA Sorry Face,tv,,tv,,,0.0,no_match
MCU.xlsx,MCUDATASHEET,829,AKA The Double Half-Wappinger,Series,2019-06-14 00:00:00,AKA The Double Half-Wappinger,tv,,tv,,,0.0,no_match
MCU.xlsx,MCUDATASHEET,830,My Brother's Keeper,Series,2019-01-18 00:00:00,My Brother's Keeper,tv,,tv,,,0.0,no_match
MCU.xlsx,MCUDATASHEET,831,Flustercluck,Series,2019-01-18 00:00:00,Flustercluck,tv,,tv,,,0.0,no_match
MCU.xlsx,MCUDATASHEET,832,AKA Camera Friendly,Series,2019-06-14 00:00:00,AKA Camera Friendly,tv,,tv,,,0.0,no_match
MCU.xlsx,MCUDATASHEET,833,The Dark Hearts of Men,Series,2019-01-18 00:00:00,The Dark Hearts of Men,tv,,tv,,,0.0,no_match
MCU.xlsx,MCUDATASHEET,834,AKA I Did Something Today,Series,2019-06-14 00:00:00,AKA I Did Something Today,tv,,tv,,,0.0,no_match
MCU.xlsx,MCUDATASHEET,835,The Abyss,Series,2019-01-18 00:00:00,The Abyss,tv,,tv,,,0.0,no_match
MCU.xlsx,MCUDATASHEET,836,Collision Course,Series,2019-01-18 00:00:00,Collision Course,tv,,tv,,,0.0,no_match
MCU.xlsx,MCUDATASHEET,837,The Whirlwind,Series,2019-01-18 00:00:00,The Whirlwind,tv,,tv,,,0.0,no_match
MCU.xlsx,MCUDATASHEET,838,AKA Hero Pants,Series,2019-06-14 00:00:00,AKA Hero Pants,tv,,tv,,,0.0,no_match
MCU.xlsx,MCUDATASHEET,839,The Devil Complex,Series,2018-03-23 00:00:00,The Devil Complex,tv,,tv,,,0.0,no_match
MCU.xlsx,MCUDATASHEET,840,AKA Hellcat,Series,2019-06-14 00:00:00,AKA Hellcat,tv,,tv,,,0.0,no_match
MCU.xlsx,MCUDATASHEET,841,Rise and Shine,Series,2018-03-30 00:00:00,Rise and Shine,tv,,tv,,,0.0,no_match
MCU.xlsx,MCUDATASHEET,842,AKA A Lotta Worms,Series,2019-06-14 00:00:00,AKA A Lotta Worms,tv,,tv,,,0.0,no_match
MCU.xlsx,MCUDATASHEET,843,Inside Voices,Series,2018-04-06 00:00:00,Inside Voices,tv,,tv,,,0.0,no_match
MCU.xlsx,MCUDATASHEET,844,The Honeymoon,Series,2018-04-13 00:00:00,The Honeymoon,tv,78827,tv,The Honeymoon Stand Up Special,2018-04-17,0.6656,matched
MCU.xlsx,MCUDATASHEET,845,Enter The Dreamland,Series,2019-12-13 00:00:00,Enter The Dreamland,tv,,tv,,,0.0,no_match
MCU.xlsx,MCUDATASHEET,846,All Roads Lead...,Series,2018-04-20 00:00:00,All Roads Lead...,tv,,tv,,,0.0,no_match
MCU.xlsx,MCUDATASHEET,847,Merry Meet Again,Series,2019-12-13 00:00:00,Merry Meet Again,tv,,tv,,,0.0,no_match
MCU.xlsx,MCUDATASHEET,848,AKA Everything,Series,2019-06-14 00:00:00,AKA Everything,tv,,tv,,,0.0,no_match
MCU.xlsx,MCUDATASHEET,849,Left-Hand Path,Series,2019-12-13 00:00:00,Left-Hand Path,tv,,tv,,,0.0,no_match
MCU.xlsx,MCUDATASHEET,850,Devil's Torture Chamber,Series,2019-12-13 00:00:00,Devil's Torture Chamber,tv,,tv,,,0.0,no_match
MCU.xlsx,MCUDATASHEET,851,The Broken Circle,Series,2019-12-13 00:00:00,The Broken Circle,tv,,tv,,,0.0,no_match
MCU.xlsx,MCUDATASHEET,852,Cheat The Gallows,Series,2019-12-13 00:00:00,Cheat The Gallows,tv,,tv,,,0.0,no_match
MCU.xlsx,MCUDATASHEET,853,What If... Ultron Won?,Series,2021-09-29 00:00:00,What If... Ultron Won?,tv,,tv,,,0.0,no_match
MCU.xlsx,MCUDATASHEET,854,What If... The Watcher Broke His Oath?,Series,2021-10-06 00:00:00,What If... The Watcher Broke His Oath?,tv,,tv,,,0.0,no_match
MCU.xlsx,MCUDATASHEET,855,Option Two,Series,2018-04-27 00:00:00,Option Two,tv,,tv,,,0.0,no_match
MCU.xlsx,MCUDATASHEET,856,The One Who Will Save Us All,Series,2018-05-04 00:00:00,The One Who Will Save Us All,tv,,tv,,,0.0,no_match
MCU.xlsx,MCUDATASHEET,857,The Force of Gravity,Series,2018-05-11 00:00:00,The Force of Gravity,tv,,tv,,,0.0,no_match
MCU.xlsx,MCUDATASHEET,858,The End,Series,2018-05-18 00:00:00,The End,tv,94358,tv,The End,2018-12-21,0.9501,matched
MCU.xlsx,MCUDATASHEET,859,Avengers: Infinity War,Film,2018-04-27 00:00:00,Avengers: Infinity War,movie,299536,movie,Avengers: Infinity War,2018-04-25,0.9724,matched
MCU.xlsx,MCUDATASHEET,860,What If... Zombies?!,Series,2021-09-08 00:00:00,What If... Zombies?!,tv,,tv,,,0.0,no_match
MCU.xlsx,MCUDATASHEET,861,Missing Pieces,Series,2019-05-10 00:00:00,Missing Pieces,tv,,tv,,,0.0,no_match
MCU.xlsx,MCUDATASHEET,862,Window of Opportunity,Series,2019-05-17 00:00:00,Window of Opportunity,tv,,tv,,,0.0,no_match
MCU.xlsx,MCUDATASHEET,863,Fear and Loathing on the Planet of Kitson,Series,2019-05-24 00:00:00,Fear and Loathing on the Planet of Kitson,tv,,tv,,,0.0,no_match
MCU.xlsx,MCUDATASHEET,864,Code Yellow,Series,2019-05-31 00:00:00,Code Yellow,tv,,tv,,,0.0,no_match
MCU.xlsx,MCUDATASHEET,865,The Other Thing,Series,2019-06-14 00:00:00,The Other Thing,tv,,tv,,,0.0,no_match
MCU.xlsx,MCUDATASHEET,866,Inescapable,Series,2019-06-21 00:00:00,Inescapable,tv,,tv,,,0.0,no_match
MCU.xlsx,MCUDATASHEET,867,Toldja,Series,2019-06-28 00:00:00,Toldja,tv,,tv,,,0.0,no_match
MCU.xlsx,MCUDATASHEET,868,Collision Course: Part 1,Series,2019-07-05 00:00:00,Collision Course: Part 1,tv,,tv,,,0.0,no_match
MCU.xlsx,MCUDATASHEET,869,Collision Course: Part 2,Series,2019-07-12 00:00:00,Collision Course: Part 2,tv,,tv,,,0.0,no_match
MCU.xlsx,MCUDATASHEET,870,Leap,Series,2019-07-19 00:00:00,Leap,tv,,tv,,,0.0,no_match
MCU.xlsx,MCUDATASHEET,871,From the Ashes,Series,2019-07-26 00:00:00,From the Ashes,tv,,tv,,,0.0,no_match
MCU.xlsx,MCUDATASHEET,872,The Sign,Series,2019-08-02 00:00:00,The Sign,tv,120284,tv,Sign of the Times,2019-06-09,0.5181,review
MCU.xlsx,MCUDATASHEET,873,New Life,Series,2019-08-02 00:00:00,New Life,tv,119965,tv,A New Life in the Sun: Where Are They Now?,2019-04-29,0.4607,review
MCU.xlsx,MCUDATASHEET,874,The New Deal,Series,2020-05-27 00:00:00,The New Deal,tv,,tv,,,0.0,no_match
MCU.xlsx,MCUDATASHEET,875,Know Your Onions,Series,2020-06-03 00:00:00,Know Your Onions,tv,,tv,,,0.0,no_match
MCU.xlsx,MCUDATASHEET,876,Alien Commies From the Future,Series,2020-06-10 00:00:00,Alien Commies From the Future,tv,,tv,,,0.0,no_match
MCU.xlsx,MCUDATASHEET,877,Out of the Past,Series,2020-06-17 00:00:00,Out of the Past,tv,,tv,,,0.0,no_match
MCU.xlsx,MCUDATASHEET,878,A Trout in the Milk,Series,2020-06-24 00:00:00,A Trout in the Milk,tv,,tv,,,0.0,no_match
MCU.xlsx,MCUDATASHEET,879,Adapt or Die,Series,2020-07-01 00:00:00,Adapt or Die,tv,,tv,,,0.0,no_match
MCU.xlsx,MCUDATASHEET,880,The Totally Awesome Adventures of Mack and the D,Series,2020-07-08 00:00:00,The Totally Awesome Adventures of Mack and the D,tv,,tv,,,0.0,no_match
MCU.xlsx,MCUDATASHEET,881,"After, Before",Series,2020-07-15 00:00:00,"After, Before",tv,106005,tv,Skin Decision: Before and After,2020-07-15,0.492,review
MCU.xlsx,MCUDATASHEET,882,As I Have Always Been,Series,2020-07-22 00:00:00,As I Have Always Been,tv,,tv,,,0.0,no_match
MCU.xlsx,MCUDATASHEET,883,Stolen,Series,2020-07-29 00:00:00,Stolen,tv,97609,tv,Stolen Away,2020-01-14,0.7391,matched
MCU.xlsx,MCUDATASHEET,884,Brand New Day,Series,2020-08-05 00:00:00,Brand New Day,tv,,tv,,,0.0,no_match
MCU.xlsx,MCUDATASHEET,885,The End Is at Hand,Series,2020-08-12 00:00:00,The End Is at Hand,tv,,tv,,,0.0,no_match
MCU.xlsx,MCUDATASHEET,886,What We're Fighting For,Series,2020-08-12 00:00:00,What We're Fighting For,tv,,tv,,,0.0,no_match
MCU.xlsx,MCUDATASHEET,887,What If... Nebula Joined the Nova Corps?,Series,2023-12-22 00:00:00,What If... Nebula Joined the Nova Corps?,tv,,tv,,,0.0,no_match
MCU.xlsx,MCUDATASHEET,888,X-Men: Days of Future Past,Film,2014-05-23 00:00:00,X-Men: Days of Future Past,movie,127585,movie,X-Men: Days of Future Past,2014-05-15,0.9562,matched
MCU.xlsx,MCUDATASHEET,889,Episode 1,Series,2025-09-24 00:00:00,Episode 1,tv,,tv,,,0.0,no_match
MCU.xlsx,MCUDATASHEET,890,Episode 2,Series,2025-09-24 00:00:00,Episode 2,tv,,tv,,,0.0,no_match
MCU.xlsx,MCUDATASHEET,891,Episode 3,Series,2025-09-24 00:00:00,Episode 3,tv,,tv,,,0.0,no_match
MCU.xlsx,MCUDATASHEET,892,Episode 4,Series,2025-09-24 00:00:00,Episode 4,tv,,tv,,,0.0,no_match
MCU.xlsx,MCUDATASHEET,893,Avengers: Endgame,Film,2019-04-26 00:00:00,Avengers: Endgame,movie,299534,movie,Avengers: Endgame,2019-04-24,0.9638,matched
MCU.xlsx,MCUDATASHEET,894,Glorious Purpose,Series,2021-06-09 00:00:00,Glorious Purpose,tv,,tv,,,0.0,no_match
MCU.xlsx,MCUDATASHEET,895,The Variant,Series,2021-06-16 00:00:00,The Variant,tv,,tv,,,0.0,no_match
MCU.xlsx,MCUDATASHEET,896,Lamentis,Series,2021-06-23 00:00:00,Lamentis,tv,,tv,,,0.0,no_match
MCU.xlsx,MCUDATASHEET,897,The Nexus Event,Series,2021-06-30 00:00:00,The Nexus Event,tv,,tv,,,0.0,no_match
MCU.xlsx,MCUDATASHEET,898,Journey into Mystery,Series,2021-07-07 00:00:00,Journey into Mystery,tv,,tv,,,0.0,no_match
MCU.xlsx,MCUDATASHEET,899,For All Time. Always,Series,2021-07-14 00:00:00,For All Time. Always,tv,,tv,,,0.0,no_match
MCU.xlsx,MCUDATASHEET,900,Filmed Before a Live Studio Audience,Series,2021-01-15 00:00:00,Filmed Before a Live Studio Audience,tv,,tv,,,0.0,no_match
MCU.xlsx,MCUDATASHEET,901,Venom,Film,2018-10-05 00:00:00,Venom,movie,335983,movie,Venom,2018-09-28,0.9555,matched
MCU.xlsx,MCUDATASHEET,902,Don't Touch That Dial,Series,2021-01-15 00:00:00,Don't Touch That Dial,tv,,tv,,,0.0,no_match
MCU.xlsx,MCUDATASHEET,903,Now in Color,Series,2021-01-22 00:00:00,Now in Color,tv,,tv,,,0.0,no_match
MCU.xlsx,MCUDATASHEET,904,We Interrupt This Program,Series,2021-01-29 00:00:00,We Interrupt This Program,tv,,tv,,,0.0,no_match
MCU.xlsx,MCUDATASHEET,905,On a Very Special Episode,Series,2021-02-05 00:00:00,On a Very Special Episode,tv,,tv,,,0.0,no_match
MCU.xlsx,MCUDATASHEET,906,All-New Halloween Spooktacular,Series,2021-02-12 00:00:00,All-New Halloween Spooktacular,tv,,tv,,,0.0,no_match
MCU.xlsx,MCUDATASHEET,907,Breaking the Fourth Wall,Series,2021-02-19 00:00:00,Breaking the Fourth Wall,tv,,tv,,,0.0,no_match
MCU.xlsx,MCUDATASHEET,908,Previously On,Series,2021-02-26 00:00:00,Previously On,tv,,tv,,,0.0,no_match
MCU.xlsx,MCUDATASHEET,909,The Series Finale,Series,2021-03-05 00:00:00,The Series Finale,tv,,tv,,,0.0,no_match
MCU.xlsx,MCUDATASHEET,910,Spider-Man: Into the Spider-Verse,Film,2018-12-14 00:00:00,Spider-Man: Into the Spider-Verse,movie,324857,movie,Spider-Man: Into the Spider-Verse,2018-12-06,0.9682,matched
MCU.xlsx,MCUDATASHEET,911,Shang-Chi and the Legend of the Ten Rings,Film,2021-09-03 00:00:00,Shang-Chi and the Legend of the Ten Rings,movie,566525,movie,Shang-Chi and the Legend of the Ten Rings,2021-09-01,0.9567,matched
MCU.xlsx,MCUDATASHEET,912,What If... The Hulk fought the Mech Avengers?,Series,2024-12-22 00:00:00,What If... The Hulk fought the Mech Avengers?,tv,,tv,,,0.0,no_match
MCU.xlsx,MCUDATASHEET,913,New World Order,Series,2021-03-19 00:00:00,New World Order,tv,,tv,,,0.0,no_match
MCU.xlsx,MCUDATASHEET,914,The Star-Spangled Man,Series,2021-03-26 00:00:00,The Star-Spangled Man,tv,,tv,,,0.0,no_match
MCU.xlsx,MCUDATASHEET,915,Power Broker,Series,2021-04-02 00:00:00,Power Broker,tv,,tv,,,0.0,no_match
MCU.xlsx,MCUDATASHEET,916,The Whole World is Watching,Series,2021-04-09 00:00:00,The Whole World is Watching,tv,,tv,,,0.0,no_match
MCU.xlsx,MCUDATASHEET,917,Morbius,Film,2022-04-01 00:00:00,Morbius,movie,526896,movie,Morbius,2022-03-30,0.9541,matched
MCU.xlsx,MCUDATASHEET,918,Truth,Series,2021-04-16 00:00:00,Truth,tv,136116,tv,Truth,2021-10-14,0.951,matched
MCU.xlsx,MCUDATASHEET,919,Spider-Man: Far From Home,Film,2019-07-02 00:00:00,Spider-Man: Far From Home,movie,429617,movie,Spider-Man: Far From Home,2019-06-28,0.9805,matched
MCU.xlsx,MCUDATASHEET,920,"One World, One People",Series,2021-04-23 00:00:00,"One World, One People",tv,,tv,,,0.0,no_match
MCU.xlsx,MCUDATASHEET,921,A Normal Amount of Rage,Series,2022-08-18 00:00:00,A Normal Amount of Rage,tv,,tv,,,0.0,no_match
MCU.xlsx,MCUDATASHEET,922,Eternals,Film,2021-11-05 00:00:00,Eternals,movie,524434,movie,Eternals,2021-11-03,0.9547,matched
MCU.xlsx,MCUDATASHEET,923,The Spider Within: A Spider-Verse Story,Short,2023-06-12 00:00:00,The Spider Within: A Spider-Verse Story,movie,1106299,movie,The Spider Within: A Spider-Verse Story,2023-06-12,0.9503,matched
MCU.xlsx,MCUDATASHEET,924,Venom: Let There Be Carnage,Film,2021-10-01 00:00:00,Venom: Let There Be Carnage,movie,580489,movie,Venom: Let There Be Carnage,2021-09-30,0.9547,matched
MCU.xlsx,MCUDATASHEET,925,Deadpool & Wolverine,Film,2024-07-26 00:00:00,Deadpool & Wolverine,movie,533535,movie,Deadpool & Wolverine,2024-07-24,0.9634,matched
MCU.xlsx,MCUDATASHEET,926,Spider-Man: No Way Home,Film,2021-12-17 00:00:00,Spider-Man: No Way Home,movie,634649,movie,Spider-Man: No Way Home,2021-12-15,1.0,matched
MCU.xlsx,MCUDATASHEET,927,Venom: The Last Dance,Film,2024-10-25 00:00:00,Venom: The Last Dance,movie,912649,movie,Venom: The Last Dance,2024-10-22,0.9569,matched
MCU.xlsx,MCUDATASHEET,928,Doctor Strange in the Multiverse of Madness,Film,2022-05-06 00:00:00,Doctor Strange in the Multiverse of Madness,movie,453395,movie,Doctor Strange in the Multiverse of Madness,2022-05-04,0.9607,matched
MCU.xlsx,MCUDATASHEET,929,Never Meet Your Heroes,Series,2021-11-24 00:00:00,Never Meet Your Heroes,tv,,tv,,,0.0,no_match
MCU.xlsx,MCUDATASHEET,930,Hide and Seek,Series,2021-11-24 00:00:00,Hide and Seek,tv,127865,tv,The Chestnut Man,2021-09-29,0.4823,review
MCU.xlsx,MCUDATASHEET,931,Echoes,Series,2021-12-01 00:00:00,Echoes,tv,,tv,,,0.0,no_match
MCU.xlsx,MCUDATASHEET,932,"Partners, Am I Right?",Series,2021-12-08 00:00:00,"Partners, Am I Right?",tv,,tv,,,0.0,no_match
MCU.xlsx,MCUDATASHEET,933,Ronin,Series,2021-12-15 00:00:00,Ronin,tv,,tv,,,0.0,no_match
MCU.xlsx,MCUDATASHEET,934,So This Is Christmas?,Series,2021-12-22 00:00:00,So This Is Christmas?,tv,,tv,,,0.0,no_match
MCU.xlsx,MCUDATASHEET,935,Superhuman Law,Series,2022-08-25 00:00:00,Superhuman Law,tv,,tv,,,0.0,no_match
MCU.xlsx,MCUDATASHEET,936,The People vs. Emil Blonsky,Series,2022-09-01 00:00:00,The People vs. Emil Blonsky,tv,,tv,,,0.0,no_match
MCU.xlsx,MCUDATASHEET,937,Spider-Man: Across the Spider-Verse,Film,2023-06-02 00:00:00,Spider-Man: Across the Spider-Verse,movie,569094,movie,Spider-Man: Across the Spider-Verse,2023-05-31,0.9676,matched
MCU.xlsx,MCUDATASHEET,938,The Goldfish Problem,Series,2022-03-30 00:00:00,The Goldfish Problem,tv,,tv,,,0.0,no_match
MCU.xlsx,MCUDATASHEET,939,Summon the Suit,Series,2022-04-06 00:00:00,Summon the Suit,tv,,tv,,,0.0,no_match
MCU.xlsx,MCUDATASHEET,940,The Friendly Type,Series,2022-04-13 00:00:00,The Friendly Type,tv,,tv,,,0.0,no_match
MCU.xlsx,MCUDATASHEET,941,The Tomb,Series,2022-04-20 00:00:00,The Tomb,tv,201722,tv,Kunlun Tomb,2022-09-20,0.6098,review
MCU.xlsx,MCUDATASHEET,942,Asylum,Series,2022-04-27 00:00:00,Asylum,tv,,tv,,,0.0,no_match
MCU.xlsx,MCUDATASHEET,943,Gods and Monsters,Series,2022-05-04 00:00:00,Gods and Monsters,tv,,tv,,,0.0,no_match
MCU.xlsx,MCUDATASHEET,944,Chafa,Series,2024-01-09 00:00:00,Chafa,tv,,tv,,,0.0,no_match
MCU.xlsx,MCUDATASHEET,945,Lowak,Series,2024-01-09 00:00:00,Lowak,tv,,tv,,,0.0,no_match
MCU.xlsx,MCUDATASHEET,946,What If... The Emergence Destroyed the Earth?,Series,2024-12-26 00:00:00,What If... The Emergence Destroyed the Earth?,tv,,tv,,,0.0,no_match
MCU.xlsx,MCUDATASHEET,947,Tuklo,Series,2024-01-09 00:00:00,Tuklo,tv,,tv,,,0.0,no_match
MCU.xlsx,MCUDATASHEET,948,Taloa,Series,2024-01-09 00:00:00,Taloa,tv,,tv,,,0.0,no_match
MCU.xlsx,MCUDATASHEET,949,Maya,Series,2024-01-09 00:00:00,Maya,tv,251387,tv,Mayanne小喇叭,2024-03-14,0.6416,matched
MCU.xlsx,MCUDATASHEET,950,Black Panther: Wakanda Forever,Film,2022-11-11 00:00:00,Black Panther: Wakanda Forever,movie,505642,movie,Black Panther: Wakanda Forever,2022-11-09,0.9577,matched
MCU.xlsx,MCUDATASHEET,951,Is This Not Real Magic?,Series,2022-09-08 00:00:00,Is This Not Real Magic?,tv,,tv,,,0.0,no_match
MCU.xlsx,MCUDATASHEET,952,"Mean, Green, & Straight Poured into These Jeans",Series,2022-09-15 00:00:00,"Mean, Green, & Straight Poured into These Jeans",tv,,tv,,,0.0,no_match
MCU.xlsx,MCUDATASHEET,953,Just Jen,Series,2022-09-22 00:00:00,Just Jen,tv,,tv,,,0.0,no_match
MCU.xlsx,MCUDATASHEET,954,The Retreat,Series,2022-09-29 00:00:00,The Retreat,tv,,tv,,,0.0,no_match
MCU.xlsx,MCUDATASHEET,955,Ribbit and Rip It,Series,2022-10-06 00:00:00,Ribbit and Rip It,tv,,tv,,,0.0,no_match
MCU.xlsx,MCUDATASHEET,956,Whose Show is This?,Series,2022-10-13 00:00:00,Whose Show is This?,tv,,tv,,,0.0,no_match
MCU.xlsx,MCUDATASHEET,957,Generation Why,Series,2022-06-08 00:00:00,Generation Why,tv,,tv,,,0.0,no_match
MCU.xlsx,MCUDATASHEET,958,Crushed,Series,2022-06-15 00:00:00,Crushed,tv,155649,tv,Crushed,2022-01-12,0.9507,matched
MCU.xlsx,MCUDATASHEET,959,Destined,Series,2022-06-22 00:00:00,Destined,tv,201920,tv,Destined to Meet You,2022-05-13,0.642,matched
MCU.xlsx,MCUDATASHEET,960,Seeing Red,Series,2022-06-29 00:00:00,Seeing Red,tv,,tv,,,0.0,no_match
MCU.xlsx,MCUDATASHEET,961,Time and Again,Series,2022-07-06 00:00:00,Time and Again,tv,,tv,,,0.0,no_match
MCU.xlsx,MCUDATASHEET,962,No Normal,Series,2022-07-13 00:00:00,No Normal,tv,,tv,,,0.0,no_match
MCU.xlsx,MCUDATASHEET,963,Thor: Love and Thunder,Film,2022-07-08 00:00:00,Thor: Love and Thunder,movie,616037,movie,Thor: Love and Thunder,2022-07-06,0.9575,matched
MCU.xlsx,MCUDATASHEET,964,Take Me Home,Series,2025-06-24 00:00:00,Take Me Home,tv,,tv,,,0.0,no_match
MCU.xlsx,MCUDATASHEET,965,Will the Real Natalie Please Stand Up?,Series,2025-06-24 00:00:00,Will the Real Natalie Please Stand Up?,tv,,tv,,,0.0,no_match
MCU.xlsx,MCUDATASHEET,966,"We in Danger, Girl",Series,2025-06-24 00:00:00,"We in Danger, Girl",tv,,tv,,,0.0,no_match
MCU.xlsx,MCUDATASHEET,967,Bad Magic,Series,2025-07-01 00:00:00,Bad Magic,tv,,tv,,,0.0,no_match
MCU.xlsx,MCUDATASHEET,968,Karma's a Glitch,Series,2025-07-01 00:00:00,Karma's a Glitch,tv,,tv,,,0.0,no_match
MCU.xlsx,MCUDATASHEET,969,The Past Is the Past,Series,2025-07-01 00:00:00,The Past Is the Past,tv,282582,tv,Club Friday The Series: Theory of Love,2025-01-17,0.4543,review
MCU.xlsx,MCUDATASHEET,970,Werewolf by Night,Film,2022-10-07 00:00:00,Werewolf by Night,movie,894205,movie,Werewolf by Night,2022-09-25,0.9534,matched
MCU.xlsx,MCUDATASHEET,971,The Guardians of the Galaxy Holiday Special,Film,2022-11-25 00:00:00,The Guardians of the Galaxy Holiday Special,movie,774752,movie,The Guardians of the Galaxy Holiday Special,2022-11-24,0.9538,matched
MCU.xlsx,MCUDATASHEET,972,Kraven the Hunter,Film,2024-12-13 00:00:00,Kraven the Hunter,movie,539972,movie,Kraven the Hunter,2024-12-11,0.9572,matched
MCU.xlsx,MCUDATASHEET,973,Ant-Man and the Wasp: Quantumania,Film,2023-02-17 00:00:00,Ant-Man and the Wasp: Quantumania,movie,640146,movie,Ant-Man and the Wasp: Quantumania,2023-02-15,0.9552,matched
MCU.xlsx,MCUDATASHEET,974,Guardians of the Galaxy Vol. 3,Film,2023-05-05 00:00:00,Guardians of the Galaxy Vol. 3,movie,447365,movie,Guardians of the Galaxy Vol. 3,2023-05-03,0.9594,matched
MCU.xlsx,MCUDATASHEET,975,Resurrection,Series,2023-06-21 00:00:00,Resurrection,tv,157004,tv,Goosebumps,2023-10-13,0.3637,review
MCU.xlsx,MCUDATASHEET,976,Promises,Series,2023-06-28 00:00:00,Promises,tv,222903,tv,Sakheya's Promises,2023-03-23,0.6734,matched
MCU.xlsx,MCUDATASHEET,977,Betrayed,Series,2023-07-05 00:00:00,Betrayed,tv,216740,tv,BETRAYED  ADOLESCENCE,2023-04-21,0.6274,matched
MCU.xlsx,MCUDATASHEET,978,Beloved,Series,2023-07-12 00:00:00,Beloved,tv,228575,tv,My Beloved Wife,2023-05-14,0.6885,matched
MCU.xlsx,MCUDATASHEET,979,Harvest,Series,2023-07-19 00:00:00,Harvest,tv,224411,tv,Harvesting the Land,2023-02-14,0.6179,review
MCU.xlsx,MCUDATASHEET,980,Home,Series,2023-07-26 00:00:00,Home,tv,214478,tv,Road Home,2023-03-14,0.6742,matched
MCU.xlsx,MCUDATASHEET,981,Ouroboros,Series,2023-10-05 00:00:00,Ouroboros,tv,310987,tv,Ouroboros 1937,2023-05-13,0.7939,matched
MCU.xlsx,MCUDATASHEET,982,Breaking Brad,Series,2023-10-12 00:00:00,Breaking Brad,tv,,tv,,,0.0,no_match
MCU.xlsx,MCUDATASHEET,983,"""1893""",Series,2023-10-19 00:00:00,"""1893""",tv,,tv,,,0.0,no_match
MCU.xlsx,MCUDATASHEET,984,The Heart of the TVA,Series,2023-10-26 00:00:00,The Heart of the TVA,tv,,tv,,,0.0,no_match
MCU.xlsx,MCUDATASHEET,985,Science/Fiction,Series,2023-11-02 00:00:00,Science/Fiction,tv,,tv,,,0.0,no_match
MCU.xlsx,MCUDATASHEET,986,Glorious Purpose,Series,2023-11-09 00:00:00,Glorious Purpose,tv,,tv,,,0.0,no_match
MCU.xlsx,MCUDATASHEET,987,The Marvels,Film,2023-11-10 00:00:00,The Marvels,movie,609681,movie,The Marvels,2023-11-08,0.9557,matched
MCU.xlsx,MCUDATASHEET,988,What If... Strange Supreme Intervened?,Series,2023-12-30 00:00:00,What If... Strange Supreme Intervened?,tv,,tv,,,0.0,no_match
MCU.xlsx,MCUDATASHEET,989,What If... The Watcher Disappeared?,Series,2024-12-28 00:00:00,What If... The Watcher Disappeared?,tv,,tv,,,0.0,no_match
MCU.xlsx,MCUDATASHEET,990,What If... What If?,Series,2024-12-29 00:00:00,What If... What If?,tv,235614,tv,What If,2024-05-06,0.6182,review
MCU.xlsx,MCUDATASHEET,991,Seekest Thou the Road,Series,2024-09-18 00:00:00,Seekest Thou the Road,tv,,tv,,,0.0,no_match
MCU.xlsx,MCUDATASHEET,992,Circle Sewn with Fate / Unlock Thy Hidden Gate,Series,2024-09-18 00:00:00,Circle Sewn with Fate / Unlock Thy Hidden Gate,tv,,tv,,,0.0,no_match
MCU.xlsx,MCUDATASHEET,993,Through Many Miles / Of Tricks and Trials,Series,2024-09-25 00:00:00,Through Many Miles / Of Tricks and Trials,tv,,tv,,,0.0,no_match
MCU.xlsx,MCUDATASHEET,994,If I Can't Reach You / Let My Song Teach You,Series,2024-10-02 00:00:00,If I Can't Reach You / Let My Song Teach You,tv,,tv,,,0.0,no_match
MCU.xlsx,MCUDATASHEET,995,Darkest Hour / Wake Thy Power,Series,2024-10-09 00:00:00,Darkest Hour / Wake Thy Power,tv,,tv,,,0.0,no_match
MCU.xlsx,MCUDATASHEET,996,Familiar by Thy Side,Series,2024-10-16 00:00:00,Familiar by Thy Side,tv,,tv,,,0.0,no_match
MCU.xlsx,MCUDATASHEET,997,Death's Hand In Mine,Series,2024-10-23 00:00:00,Death's Hand In Mine,tv,,tv,,,0.0,no_match
MCU.xlsx,MCUDATASHEET,998,Follow Me My Friend / To Glory at the End,Series,2024-10-30 00:00:00,Follow Me My Friend / To Glory at the End,tv,,tv,,,0.0,no_match
MCU.xlsx,MCUDATASHEET,999,Maiden Mother Crone,Series,2024-10-30 00:00:00,Maiden Mother Crone,tv,,tv,,,0.0,no_match
MCU.xlsx,MCUDATASHEET,1000,Heaven's Half Hour,Series,2025-03-04 00:00:00,Heaven's Half Hour,tv,,tv,,,0.0,no_match
MCU.xlsx,MCUDATASHEET,1001,Optics,Series,2025-03-04 00:00:00,Optics,tv,282653,tv,Optics,2025-01-29,0.9503,matched
MCU.xlsx,MCUDATASHEET,1002,The Hollow of His Hand,Series,2025-03-11 00:00:00,The Hollow of His Hand,tv,,tv,,,0.0,no_match
MCU.xlsx,MCUDATASHEET,1003,Sic Semper Systema,Series,2025-03-18 00:00:00,Sic Semper Systema,tv,,tv,,,0.0,no_match
MCU.xlsx,MCUDATASHEET,1004,With Interest,Series,2025-03-25 00:00:00,With Interest,tv,,tv,,,0.0,no_match
MCU.xlsx,MCUDATASHEET,1005,Excessive Force,Series,2025-03-25 00:00:00,Excessive Force,tv,,tv,,,0.0,no_match
MCU.xlsx,MCUDATASHEET,1006,Matinee,Series,2026-01-27 00:00:00,Matinee,tv,,tv,,,0.0,no_match
MCU.xlsx,MCUDATASHEET,1007,Art for Art's Sake,Series,2025-04-01 00:00:00,Art for Art's Sake,tv,,tv,,,0.0,no_match
MCU.xlsx,MCUDATASHEET,1008,Self-Tape,Series,2026-01-27 00:00:00,Self-Tape,tv,,tv,,,0.0,no_match
MCU.xlsx,MCUDATASHEET,1009,Isle of Joy,Series,2025-04-08 00:00:00,Isle of Joy,tv,,tv,,,0.0,no_match
MCU.xlsx,MCUDATASHEET,1010,Straight to Hell,Series,2025-04-15 00:00:00,Straight to Hell,tv,,tv,,,0.0,no_match
MCU.xlsx,MCUDATASHEET,1011,Captain America: Brave New World,Film,2025-02-14 00:00:00,Captain America: Brave New World,movie,822119,movie,Captain America: Brave New World,2025-02-12,0.9666,matched
MCU.xlsx,MCUDATASHEET,1012,Pacoima,Series,2026-01-27 00:00:00,Pacoima,tv,,tv,,,0.0,no_match
MCU.xlsx,MCUDATASHEET,1013,Doorman,Series,2026-01-27 00:00:00,Doorman,tv,,tv,,,0.0,no_match
MCU.xlsx,MCUDATASHEET,1014,Found Footage,Series,2026-01-27 00:00:00,Found Footage,tv,330734,tv,Zesty World: Found Footage & Escape,2026-08-11,0.62,matched
MCU.xlsx,MCUDATASHEET,1015,Callback,Series,2026-01-27 00:00:00,Callback,tv,,tv,,,0.0,no_match
MCU.xlsx,MCUDATASHEET,1016,Kathy Friedman,Series,2026-01-27 00:00:00,Kathy Friedman,tv,,tv,,,0.0,no_match
MCU.xlsx,MCUDATASHEET,1017,Thunderbolts* *The New Avengers,Film,2025-05-02 00:00:00,Thunderbolts* *The New Avengers,movie,986056,movie,Thunderbolts*,2025-04-30,0.6683,matched
MCU.xlsx,MCUDATASHEET,1018,The Northern Star,Series,2026-03-24 00:00:00,The Northern Star,tv,,tv,,,0.0,no_match
MCU.xlsx,MCUDATASHEET,1019,Shoot the Moon,Series,2026-03-31 00:00:00,Shoot the Moon,tv,,tv,,,0.0,no_match
MCU.xlsx,MCUDATASHEET,1020,The Scales & the Sword,Series,2026-03-31 00:00:00,The Scales & the Sword,tv,,tv,,,0.0,no_match
MCU.xlsx,MCUDATASHEET,1021,Gloves Off,Series,2026-04-07 00:00:00,Gloves Off,tv,,tv,,,0.0,no_match
MCU.xlsx,MCUDATASHEET,1022,The Grand Design,Series,2026-04-14 00:00:00,The Grand Design,tv,,tv,,,0.0,no_match
MCU.xlsx,MCUDATASHEET,1023,Requiem,Series,2026-04-21 00:00:00,Requiem,tv,302162,tv,Song of the Samurai - Chapter: Youthful Days in Edo,2026-03-26,0.3575,review
MCU.xlsx,MCUDATASHEET,1024,The Hateful Darkness,Series,2026-04-28 00:00:00,The Hateful Darkness,tv,,tv,,,0.0,no_match
MCU.xlsx,MCUDATASHEET,1025,The Southern Cross,Series,2026-05-05 00:00:00,The Southern Cross,tv,,tv,,,0.0,no_match
MCU.xlsx,MCUDATASHEET,1026,The Fantastic 4: First Steps,Film,2025-07-25 00:00:00,The Fantastic 4: First Steps,movie,617126,movie,The Fantastic 4: First Steps,2025-07-23,0.964,matched
MCU.xlsx,MCUDATASHEET,1027,Yucca Valley,Series,2026-01-27 00:00:00,Yucca Valley,tv,,tv,,,0.0,no_match
MCU.xlsx,MCUDATASHEET,1028,The Punisher: One Last Kill,Film,2026-05-12 00:00:00,The Punisher: One Last Kill,movie,1439930,movie,The Punisher: One Last Kill,2026-05-12,0.9703,matched
MCU.xlsx,MCUDATASHEET,1029,Spider-Man: Brand New Day,Film,2026-07-31 00:00:00,Spider-Man: Brand New Day,movie,969681,movie,Spider-Man: Brand New Day,2026-07-29,1.0,matched
MCU.xlsx,MCUDATASHEET,1030,Avengers: Doomsday,Film,2026-12-18 00:00:00,Avengers: Doomsday,movie,1003596,movie,Avengers: Doomsday,2026-12-16,0.9653,matched
MCU.xlsx,MCUDATASHEET,1031,Logan,Film,2017-03-03 00:00:00,Logan,movie,263115,movie,Logan,2017-02-28,0.9555,matched
MCU.xlsx,MCUDATASHEET,1032,Your Friendly Neighborhood Spider-Man,Series,2026-??-??,Your Friendly Neighborhood Spider-Man,tv,,tv,,,0.0,no_match
MCU.xlsx,MCUDATASHEET,1033,Your Friendly Neighborhood Spider-Man,Series,2026-??-??,Your Friendly Neighborhood Spider-Man,tv,,tv,,,0.0,no_match
MCU.xlsx,MCUDATASHEET,1034,Your Friendly Neighborhood Spider-Man,Series,2026-??-??,Your Friendly Neighborhood Spider-Man,tv,,tv,,,0.0,no_match
MCU.xlsx,MCUDATASHEET,1035,Your Friendly Neighborhood Spider-Man,Series,2026-??-??,Your Friendly Neighborhood Spider-Man,tv,,tv,,,0.0,no_match
MCU.xlsx,MCUDATASHEET,1036,Your Friendly Neighborhood Spider-Man,Series,2026-??-??,Your Friendly Neighborhood Spider-Man,tv,,tv,,,0.0,no_match
MCU.xlsx,MCUDATASHEET,1037,Your Friendly Neighborhood Spider-Man,Series,2026-??-??,Your Friendly Neighborhood Spider-Man,tv,,tv,,,0.0,no_match
MCU.xlsx,MCUDATASHEET,1038,Your Friendly Neighborhood Spider-Man,Series,2026-??-??,Your Friendly Neighborhood Spider-Man,tv,,tv,,,0.0,no_match
MCU.xlsx,MCUDATASHEET,1039,Your Friendly Neighborhood Spider-Man,Series,2026-??-??,Your Friendly Neighborhood Spider-Man,tv,,tv,,,0.0,no_match
MCU.xlsx,MCUDATASHEET,1040,Your Friendly Neighborhood Spider-Man,Series,2026-??-??,Your Friendly Neighborhood Spider-Man,tv,,tv,,,0.0,no_match
MCU.xlsx,MCUDATASHEET,1041,Your Friendly Neighborhood Spider-Man,Series,2026-??-??,Your Friendly Neighborhood Spider-Man,tv,,tv,,,0.0,no_match
MCU.xlsx,MCUDATASHEET,1042,VisionQuest,Series,2026-10-14 00:00:00,VisionQuest,tv,213375,tv,VisionQuest,2026-10-14,0.9517,matched
MCU.xlsx,MCUDATASHEET,1043,VisionQuest,Series,2026-10-21 00:00:00,VisionQuest,tv,213375,tv,VisionQuest,2026-10-14,0.9517,matched
MCU.xlsx,MCUDATASHEET,1044,VisionQuest,Series,2026-10-28 00:00:00,VisionQuest,tv,213375,tv,VisionQuest,2026-10-14,0.9517,matched
MCU.xlsx,MCUDATASHEET,1045,VisionQuest,Series,2026-11-04 00:00:00,VisionQuest,tv,213375,tv,VisionQuest,2026-10-14,0.9517,matched
MCU.xlsx,MCUDATASHEET,1046,VisionQuest,Series,2026-11-11 00:00:00,VisionQuest,tv,213375,tv,VisionQuest,2026-10-14,0.9517,matched
MCU.xlsx,MCUDATASHEET,1047,VisionQuest,Series,2026-11-18 00:00:00,VisionQuest,tv,213375,tv,VisionQuest,2026-10-14,0.9517,matched
MCU.xlsx,MCUDATASHEET,1048,VisionQuest,Series,2026-11-25 00:00:00,VisionQuest,tv,213375,tv,VisionQuest,2026-10-14,0.9517,matched
MCU.xlsx,MCUDATASHEET,1049,VisionQuest,Series,2026-12-02 00:00:00,VisionQuest,tv,213375,tv,VisionQuest,2026-10-14,0.9517,matched
MCU.xlsx,MCUDATASHEET,1050,Daredevil: Born Again,Series,2027-03-??,Daredevil: Born Again,tv,,tv,,,0.0,no_match
MCU.xlsx,MCUDATASHEET,1051,Daredevil: Born Again,Series,2027-??-??,Daredevil: Born Again,tv,,tv,,,0.0,no_match
MCU.xlsx,MCUDATASHEET,1052,Daredevil: Born Again,Series,2027-??-??,Daredevil: Born Again,tv,,tv,,,0.0,no_match
MCU.xlsx,MCUDATASHEET,1053,Daredevil: Born Again,Series,2027-??-??,Daredevil: Born Again,tv,,tv,,,0.0,no_match
MCU.xlsx,MCUDATASHEET,1054,Daredevil: Born Again,Series,2027-??-??,Daredevil: Born Again,tv,,tv,,,0.0,no_match
MCU.xlsx,MCUDATASHEET,1055,Daredevil: Born Again,Series,2027-??-??,Daredevil: Born Again,tv,,tv,,,0.0,no_match
MCU.xlsx,MCUDATASHEET,1056,Daredevil: Born Again,Series,2027-??-??,Daredevil: Born Again,tv,,tv,,,0.0,no_match
MCU.xlsx,MCUDATASHEET,1057,Daredevil: Born Again,Series,2027-??-??,Daredevil: Born Again,tv,,tv,,,0.0,no_match
MCU.xlsx,MCUDATASHEET,1058,Spider-Man: Beyond the Spider-Verse,Film,2027-06-18 00:00:00,Spider-Man: Beyond the Spider-Verse,movie,911916,movie,Spider-Man: Beyond the Spider-Verse,2027-06-17,0.9533,matched
MCU.xlsx,MCUDATASHEET,1059,Avengers: Secret Wars,Film,2027-12-17 00:00:00,Avengers: Secret Wars,movie,1003598,movie,Avengers: Secret Wars,2027-09-15,0.9555,matched
MCU.xlsx,MCUDATASHEET,1060,X-Men,Film,2028-05-05 00:00:00,X-Men,movie,,movie,,,0.0,no_match
MCU.xlsx,MCUDATASHEET,1061,Ghost Rider,Film,2028-??-??,Ghost Rider,movie,,movie,,,0.0,no_match
MCU.xlsx,MCUDATASHEET,1062,Black Panther III,Film,2028-12-15 00:00:00,Black Panther III,movie,1386618,movie,Black Panther 3,2028-12-14,0.8608,matched
MCU.xlsx,MCUDATASHEET,1063,Your Friendly Neighborhood Spider-Man,Series,????-??-??,Your Friendly Neighborhood Spider-Man,tv,138503,tv,Your Friendly Neighborhood Spider-Man,2025-01-29,0.8394,matched
MCU.xlsx,MCUDATASHEET,1064,Your Friendly Neighborhood Spider-Man,Series,????-??-??,Your Friendly Neighborhood Spider-Man,tv,138503,tv,Your Friendly Neighborhood Spider-Man,2025-01-29,0.8394,matched
MCU.xlsx,MCUDATASHEET,1065,Your Friendly Neighborhood Spider-Man,Series,????-??-??,Your Friendly Neighborhood Spider-Man,tv,138503,tv,Your Friendly Neighborhood Spider-Man,2025-01-29,0.8394,matched
MCU.xlsx,MCUDATASHEET,1066,Your Friendly Neighborhood Spider-Man,Series,????-??-??,Your Friendly Neighborhood Spider-Man,tv,138503,tv,Your Friendly Neighborhood Spider-Man,2025-01-29,0.8394,matched
MCU.xlsx,MCUDATASHEET,1067,Your Friendly Neighborhood Spider-Man,Series,????-??-??,Your Friendly Neighborhood Spider-Man,tv,138503,tv,Your Friendly Neighborhood Spider-Man,2025-01-29,0.8394,matched
MCU.xlsx,MCUDATASHEET,1068,Your Friendly Neighborhood Spider-Man,Series,????-??-??,Your Friendly Neighborhood Spider-Man,tv,138503,tv,Your Friendly Neighborhood Spider-Man,2025-01-29,0.8394,matched
MCU.xlsx,MCUDATASHEET,1069,Your Friendly Neighborhood Spider-Man,Series,????-??-??,Your Friendly Neighborhood Spider-Man,tv,138503,tv,Your Friendly Neighborhood Spider-Man,2025-01-29,0.8394,matched
MCU.xlsx,MCUDATASHEET,1070,Your Friendly Neighborhood Spider-Man,Series,????-??-??,Your Friendly Neighborhood Spider-Man,tv,138503,tv,Your Friendly Neighborhood Spider-Man,2025-01-29,0.8394,matched
MCU.xlsx,MCUDATASHEET,1071,Your Friendly Neighborhood Spider-Man,Series,????-??-??,Your Friendly Neighborhood Spider-Man,tv,138503,tv,Your Friendly Neighborhood Spider-Man,2025-01-29,0.8394,matched
MCU.xlsx,MCUDATASHEET,1072,Your Friendly Neighborhood Spider-Man,Series,????-??-??,Your Friendly Neighborhood Spider-Man,tv,138503,tv,Your Friendly Neighborhood Spider-Man,2025-01-29,0.8394,matched
MCU.xlsx,Sheet1,3,"""Chapter 1""",,,"""Chapter 1""",movie,1633728,movie,Paree - Chapter 1,2026-01-07,0.5781,review
MCU.xlsx,Sheet1,4,"""Chapter 2""",,,"""Chapter 2""",movie,587412,movie,K.G.F: Chapter 2,2022-04-14,0.5965,review
MCU.xlsx,Sheet1,5,"""Chapter 3""",,,"""Chapter 3""",movie,962640,movie,K.G.F: Chapter 3,,0.5959,review
MCU.xlsx,Sheet1,6,"""Chapter 4""",,,"""Chapter 4""",movie,1548087,movie,Lokah Chapter 4,,0.6136,review
MCU.xlsx,Sheet1,7,"""Chapter 5""",,,"""Chapter 5""",movie,1548089,movie,Lokah Chapter 5,,0.6136,review
MCU.xlsx,Sheet1,8,"""Chapter 6""",,,"""Chapter 6""",movie,1548423,movie,Chapter 6,2025-03-16,0.7631,matched
MCU.xlsx,Sheet1,9,"""Chapter 7""",,,"""Chapter 7""",movie,1499338,movie,Chapter 7,,0.7631,matched
MCU.xlsx,Sheet1,10,"""Chapter 8""",,,"""Chapter 8""",movie,1083967,movie,Chapter 8,,0.7631,matched
MCU.xlsx,Sheet1,15,Title,,,Title,movie,306674,movie,Title,1972-01-01,0.8351,matched
MCU.xlsx,Sheet1,17,"""Chapter 9""",,,"""Chapter 9""",movie,1635065,movie,Chapter 9,2000-04-20,0.7632,matched
MCU.xlsx,Sheet1,18,"""Chapter 10""",,,"""Chapter 10""",movie,1143409,movie,Yakuza Emblem: Chapter 10,2009-11-26,0.5043,review
MCU.xlsx,Sheet1,19,"""Chapter 11""",,,"""Chapter 11""",movie,545212,movie,Chapter 11,2015-10-16,0.7697,matched
MCU.xlsx,Sheet1,20,"""Chapter 12""",,,"""Chapter 12""",movie,1283854,movie,Yakuza Emblem Legend: Chapter 12,2022-12-25,0.4424,review
MCU.xlsx,Sheet1,21,"""Chapter 13""",,,"""Chapter 13""",movie,1406132,movie,Chapter 13,2023-08-26,0.7696,matched
MCU.xlsx,Sheet1,22,"""Chapter 14""",,,"""Chapter 14""",movie,1505923,movie,Yakuza Emblem Chapter 14,2010-01-01,0.5151,review
MCU.xlsx,Sheet1,23,"""Chapter 15""",,,"""Chapter 15""",movie,1505929,movie,Yakuza Emblem Chapter 15,2011-04-25,0.5151,review
MCU.xlsx,Sheet1,24,"""Chapter 16""",,,"""Chapter 16""",movie,1505931,movie,Yakuza Emblem Chapter 16,2012-01-25,0.5151,review
MCU.xlsx,Sheet1,25,"""Chapter 17""",,,"""Chapter 17""",movie,1611054,movie,Yakuza Emblem Legend: Chapter 17,2023-10-25,0.4425,review
MCU.xlsx,Sheet1,26,"""Chapter 18""",,,"""Chapter 18""",movie,1505934,movie,Yakuza Emblem Chapter 18,2012-09-21,0.5152,review
MCU.xlsx,Sheet1,27,"""Chapter 19""",,,"""Chapter 19""",movie,962640,movie,K.G.F: Chapter 3,,0.5273,review
MCU.xlsx,Sheet1,32,Title,,,Title,movie,306674,movie,Title,1972-01-01,0.8351,matched
MCU.xlsx,Sheet1,34,"""Chapter 20""",,,"""Chapter 20""",movie,1611108,movie,Yakuza Emblem Legend: Chapter 20,2024-04-24,0.4424,review
MCU.xlsx,Sheet1,35,"""Chapter 21""",,,"""Chapter 21""",movie,1611114,movie,Yakuza Emblem Legend: Chapter 21,2024-06-25,0.4425,review
MCU.xlsx,Sheet1,36,"""Chapter 22""",,,"""Chapter 22""",movie,1621644,movie,Yakuza Emblem Legend: Chapter 22,2024-08-25,0.4425,review
MCU.xlsx,Sheet1,37,"""Chapter 23""",,,"""Chapter 23""",movie,1621656,movie,Yakuza Emblem Legend: Chapter 23,2024-10-25,0.4424,review
MCU.xlsx,Sheet1,38,"""Chapter 24""",,,"""Chapter 24""",movie,1621658,movie,Yakuza Emblem Legend: Chapter 24,2024-12-25,0.4424,review
MCU.xlsx,Sheet1,39,"""Chapter 25""",,,"""Chapter 25""",movie,382696,movie,PROGRESS Chapter 25: Chat Shit Get Banged,2016-01-24,0.3871,review
MCU.xlsx,Sheet1,40,"""Chapter 26""",,,"""Chapter 26""",movie,606233,movie,PROGRESS Chapter 89: 26th May 1988,2019-05-26,0.4282,review
MCU.xlsx,Sheet1,41,"""Chapter 27""",,,"""Chapter 27""",movie,8319,movie,Chapter 27,2007-12-15,0.77,matched
STARWARS.xlsx,CANON,2,Star Wars Episode IV: A New Hope,Film,1977-05-25 00:00:00,Star Wars Episode IV: A New Hope,movie,11,movie,Star Wars,1977-05-25,0.5558,review
STARWARS.xlsx,CANON,3,Star Wars Episode V: The Empire Strikes Back,Film,1980-05-21 00:00:00,Star Wars Episode V: The Empire Strikes Back,movie,1891,movie,The Empire Strikes Back,1980-05-20,0.7296,matched
STARWARS.xlsx,CANON,4,Star Wars Episode VI: Return of the Jedi,Film,1983-05-25 00:00:00,Star Wars Episode VI: Return of the Jedi,movie,1892,movie,Return of the Jedi,1983-05-25,0.6813,matched
STARWARS.xlsx,CANON,5,Star Wars Episode I: The Phantom Menace,Film,1999-05-19 00:00:00,Star Wars Episode I: The Phantom Menace,movie,1893,movie,Star Wars: Episode I - The Phantom Menace,1999-05-19,0.9187,matched
STARWARS.xlsx,CANON,6,Star Wars Episode II: Attack of the Clones,Film,2002-05-16 00:00:00,Star Wars Episode II: Attack of the Clones,movie,1894,movie,Star Wars: Episode II - Attack of the Clones,2002-05-15,0.9205,matched
STARWARS.xlsx,CANON,7,Star Wars Episode III: Revenge of the Sith,Film,2005-05-19 00:00:00,Star Wars Episode III: Revenge of the Sith,movie,1895,movie,Star Wars: Episode III - Revenge of the Sith,2005-05-17,0.9211,matched
STARWARS.xlsx,CANON,8,Star Wars: The Clone Wars,Film,2008-08-15 00:00:00,Star Wars: The Clone Wars,movie,12180,movie,Star Wars: The Clone Wars,2008-08-05,0.9517,matched
STARWARS.xlsx,CANON,9,Ambush,TV (Animated),2008-10-03 00:00:00,Ambush,tv,,tv,,,0.0,no_match
STARWARS.xlsx,CANON,10,Rising Malevolence,TV (Animated),2008-10-03 00:00:00,Rising Malevolence,tv,,tv,,,0.0,no_match
STARWARS.xlsx,CANON,11,Shadow of Malevolence,TV (Animated),2008-10-10 00:00:00,Shadow of Malevolence,tv,,tv,,,0.0,no_match
STARWARS.xlsx,CANON,12,Destroy Malevolence,TV (Animated),2008-10-17 00:00:00,Destroy Malevolence,tv,,tv,,,0.0,no_match
STARWARS.xlsx,CANON,13,Rookies,TV (Animated),2008-10-24 00:00:00,Rookies,tv,45273,tv,Rookies,2008-04-19,0.9511,matched
STARWARS.xlsx,CANON,14,Downfall of a Droid,TV (Animated),2008-11-07 00:00:00,Downfall of a Droid,tv,,tv,,,0.0,no_match
STARWARS.xlsx,CANON,15,Duel of the Droids,TV (Animated),2008-11-14 00:00:00,Duel of the Droids,tv,,tv,,,0.0,no_match
STARWARS.xlsx,CANON,16,Bombad Jedi,TV (Animated),2008-11-21 00:00:00,Bombad Jedi,tv,,tv,,,0.0,no_match
STARWARS.xlsx,CANON,17,Cloak of Darkness,TV (Animated),2008-12-05 00:00:00,Cloak of Darkness,tv,,tv,,,0.0,no_match
STARWARS.xlsx,CANON,18,Lair of Grievous,TV (Animated),2008-12-12 00:00:00,Lair of Grievous,tv,,tv,,,0.0,no_match
STARWARS.xlsx,CANON,19,Dooku Captured,TV (Animated),2009-01-02 00:00:00,Dooku Captured,tv,,tv,,,0.0,no_match
STARWARS.xlsx,CANON,20,The Gungan General,TV (Animated),2009-01-09 00:00:00,The Gungan General,tv,,tv,,,0.0,no_match
STARWARS.xlsx,CANON,21,Jedi Crash,TV (Animated),2009-01-16 00:00:00,Jedi Crash,tv,,tv,,,0.0,no_match
STARWARS.xlsx,CANON,22,Defenders of Peace,TV (Animated),2009-01-23 00:00:00,Defenders of Peace,tv,,tv,,,0.0,no_match
STARWARS.xlsx,CANON,23,Tresspass,TV (Animated),2009-01-30 00:00:00,Tresspass,tv,,tv,,,0.0,no_match
STARWARS.xlsx,CANON,24,The Hidden Enemy,TV (Animated),2009-02-06 00:00:00,The Hidden Enemy,tv,,tv,,,0.0,no_match
STARWARS.xlsx,CANON,25,Blue Shadow Virus,TV (Animated),2009-02-13 00:00:00,Blue Shadow Virus,tv,,tv,,,0.0,no_match
STARWARS.xlsx,CANON,26,Mystery of a Thousand Moons,TV (Animated),2009-02-13 00:00:00,Mystery of a Thousand Moons,tv,,tv,,,0.0,no_match
STARWARS.xlsx,CANON,27,Storm Over Ryloth,TV (Animated),2009-02-27 00:00:00,Storm Over Ryloth,tv,,tv,,,0.0,no_match
STARWARS.xlsx,CANON,28,Innocents of Ryloth,TV (Animated),2009-03-06 00:00:00,Innocents of Ryloth,tv,,tv,,,0.0,no_match
STARWARS.xlsx,CANON,29,Liberty on Ryloth,TV (Animated),2009-03-13 00:00:00,Liberty on Ryloth,tv,,tv,,,0.0,no_match
STARWARS.xlsx,CANON,30,Hostage Crisis,TV (Animated),2009-03-20 00:00:00,Hostage Crisis,tv,,tv,,,0.0,no_match
STARWARS.xlsx,CANON,31,Holocron Heist,TV (Animated),2009-10-02 00:00:00,Holocron Heist,tv,,tv,,,0.0,no_match
STARWARS.xlsx,CANON,32,Cargo of Doom,TV (Animated),2009-10-02 00:00:00,Cargo of Doom,tv,,tv,,,0.0,no_match
STARWARS.xlsx,CANON,33,Children of the Force,TV (Animated),2009-10-09 00:00:00,Children of the Force,tv,,tv,,,0.0,no_match
STARWARS.xlsx,CANON,34,Senate Spy,TV (Animated),2009-10-16 00:00:00,Senate Spy,tv,,tv,,,0.0,no_match
STARWARS.xlsx,CANON,35,Landing at Point Rain,TV (Animated),2009-11-04 00:00:00,Landing at Point Rain,tv,,tv,,,0.0,no_match
STARWARS.xlsx,CANON,36,Weapons Factory,TV (Animated),2009-11-13 00:00:00,Weapons Factory,tv,,tv,,,0.0,no_match
STARWARS.xlsx,CANON,37,Legacy of Terror,TV (Animated),2009-11-20 00:00:00,Legacy of Terror,tv,,tv,,,0.0,no_match
STARWARS.xlsx,CANON,38,Brain Invaders,TV (Animated),2009-12-04 00:00:00,Brain Invaders,tv,,tv,,,0.0,no_match
STARWARS.xlsx,CANON,39,Grievous Intrigue,TV (Animated),2010-01-01 00:00:00,Grievous Intrigue,tv,,tv,,,0.0,no_match
STARWARS.xlsx,CANON,40,The Deserter,TV (Animated),2010-01-01 00:00:00,The Deserter,tv,,tv,,,0.0,no_match
STARWARS.xlsx,CANON,41,Lightsaber Lost,TV (Animated),2010-01-22 00:00:00,Lightsaber Lost,tv,,tv,,,0.0,no_match
STARWARS.xlsx,CANON,42,The Mandalore Plot,TV (Animated),2010-01-29 00:00:00,The Mandalore Plot,tv,,tv,,,0.0,no_match
STARWARS.xlsx,CANON,43,Voyage of Temptation,TV (Animated),2010-02-05 00:00:00,Voyage of Temptation,tv,,tv,,,0.0,no_match
STARWARS.xlsx,CANON,44,Duchess of Mandalore,TV (Animated),2010-02-12 00:00:00,Duchess of Mandalore,tv,,tv,,,0.0,no_match
STARWARS.xlsx,CANON,45,Senate Murders,TV (Animated),2010-03-19 00:00:00,Senate Murders,tv,,tv,,,0.0,no_match
STARWARS.xlsx,CANON,46,Cat and Mouse,TV (Animated),2010-03-26 00:00:00,Cat and Mouse,tv,,tv,,,0.0,no_match
STARWARS.xlsx,CANON,47,Bounty Hunters,TV (Animated),2010-04-02 00:00:00,Bounty Hunters,tv,,tv,,,0.0,no_match
STARWARS.xlsx,CANON,48,The Zillo Beast,TV (Animated),2010-04-09 00:00:00,The Zillo Beast,tv,,tv,,,0.0,no_match
STARWARS.xlsx,CANON,49,The Zillo Beast Strikes Back,TV (Animated),2010-04-16 00:00:00,The Zillo Beast Strikes Back,tv,,tv,,,0.0,no_match
STARWARS.xlsx,CANON,50,Death Trap,TV (Animated),2010-04-23 00:00:00,Death Trap,tv,,tv,,,0.0,no_match
STARWARS.xlsx,CANON,51,R2 Come Home,TV (Animated),2010-04-30 00:00:00,R2 Come Home,tv,,tv,,,0.0,no_match
STARWARS.xlsx,CANON,52,Lethal Trackdown,TV (Animated),2010-04-30 00:00:00,Lethal Trackdown,tv,,tv,,,0.0,no_match
STARWARS.xlsx,CANON,53,Clone Cadets,TV (Animated),2010-09-17 00:00:00,Clone Cadets,tv,,tv,,,0.0,no_match
STARWARS.xlsx,CANON,54,ARC Troopers,TV (Animated),2010-09-17 00:00:00,ARC Troopers,tv,,tv,,,0.0,no_match
STARWARS.xlsx,CANON,55,Supply Lines,TV (Animated),2010-09-24 00:00:00,Supply Lines,tv,,tv,,,0.0,no_match
STARWARS.xlsx,CANON,56,Sphere of Influence,TV (Animated),2010-10-01 00:00:00,Sphere of Influence,tv,,tv,,,0.0,no_match
STARWARS.xlsx,CANON,57,Corruption,TV (Animated),2010-10-08 00:00:00,Corruption,tv,,tv,,,0.0,no_match
STARWARS.xlsx,CANON,58,The Academy,TV (Animated),2010-10-15 00:00:00,The Academy,tv,37947,tv,12 Nights at the Academy,2010-11-29,0.6827,matched
STARWARS.xlsx,CANON,59,Assassin,TV (Animated),2010-10-22 00:00:00,Assassin,tv,250733,tv,Assassination Attempt,2010-05-05,0.6275,matched
STARWARS.xlsx,CANON,60,Evil Plans,TV (Animated),2010-11-05 00:00:00,Evil Plans,tv,,tv,,,0.0,no_match
STARWARS.xlsx,CANON,61,Hunt for Ziro,TV (Animated),2010-11-12 00:00:00,Hunt for Ziro,tv,,tv,,,0.0,no_match
STARWARS.xlsx,CANON,62,Heroes on Both Sides,TV (Animated),2010-11-19 00:00:00,Heroes on Both Sides,tv,,tv,,,0.0,no_match
STARWARS.xlsx,CANON,63,Pursuit of Peace,TV (Animated),2010-12-03 00:00:00,Pursuit of Peace,tv,,tv,,,0.0,no_match
STARWARS.xlsx,CANON,64,Nightsisters,TV (Animated),2011-01-07 00:00:00,Nightsisters,tv,,tv,,,0.0,no_match
STARWARS.xlsx,CANON,65,Monster,TV (Animated),2011-01-14 00:00:00,Monster,tv,288836,tv,Man v. Monster,2011-06-06,0.7101,matched
STARWARS.xlsx,CANON,66,Witches of the Mist,TV (Animated),2011-01-21 00:00:00,Witches of the Mist,tv,,tv,,,0.0,no_match
STARWARS.xlsx,CANON,67,Overlords,TV (Animated),2011-01-28 00:00:00,Overlords,tv,,tv,,,0.0,no_match
STARWARS.xlsx,CANON,68,Altar of Mortis,TV (Animated),2011-02-04 00:00:00,Altar of Mortis,tv,,tv,,,0.0,no_match
STARWARS.xlsx,CANON,69,Ghosts of Mortis,TV (Animated),2011-02-11 00:00:00,Ghosts of Mortis,tv,,tv,,,0.0,no_match
STARWARS.xlsx,CANON,70,The Citadel,TV (Animated),2011-02-18 00:00:00,The Citadel,tv,,tv,,,0.0,no_match
STARWARS.xlsx,CANON,71,Counter Attack,TV (Animated),2011-03-04 00:00:00,Counter Attack,tv,,tv,,,0.0,no_match
STARWARS.xlsx,CANON,72,Citadel Rescue,TV (Animated),2011-03-11 00:00:00,Citadel Rescue,tv,,tv,,,0.0,no_match
STARWARS.xlsx,CANON,73,Padawan Lost,TV (Animated),2011-04-01 00:00:00,Padawan Lost,tv,,tv,,,0.0,no_match
STARWARS.xlsx,CANON,74,Wookiee Hunt,TV (Animated),2011-04-01 00:00:00,Wookiee Hunt,tv,,tv,,,0.0,no_match
STARWARS.xlsx,CANON,75,Water War,TV (Animated),2011-09-16 00:00:00,Water War,tv,,tv,,,0.0,no_match
STARWARS.xlsx,CANON,76,Gungan Attack,TV (Animated),2011-09-16 00:00:00,Gungan Attack,tv,,tv,,,0.0,no_match
STARWARS.xlsx,CANON,77,Prisoners,TV (Animated),2011-09-23 00:00:00,Prisoners,tv,,tv,,,0.0,no_match
STARWARS.xlsx,CANON,78,Shadow Warrior,TV (Animated),2011-09-30 00:00:00,Shadow Warrior,tv,279940,tv,Vietnam - Shadow Warriors,2011-01-07,0.747,matched
STARWARS.xlsx,CANON,79,Mercy Mission,TV (Animated),2011-10-07 00:00:00,Mercy Mission,tv,,tv,,,0.0,no_match
STARWARS.xlsx,CANON,80,Nomad Droids,TV (Animated),2011-10-14 00:00:00,Nomad Droids,tv,,tv,,,0.0,no_match
STARWARS.xlsx,CANON,81,Darkness on Umbara,TV (Animated),2011-10-28 00:00:00,Darkness on Umbara,tv,,tv,,,0.0,no_match
STARWARS.xlsx,CANON,82,The General,TV (Animated),2011-11-04 00:00:00,The General,tv,203510,tv,从将军到士兵,2011-05-18,0.2307,review
STARWARS.xlsx,CANON,83,Plan of Dissent,TV (Animated),2011-11-11 00:00:00,Plan of Dissent,tv,,tv,,,0.0,no_match
STARWARS.xlsx,CANON,84,Carnage of Krell,TV (Animated),2011-11-18 00:00:00,Carnage of Krell,tv,,tv,,,0.0,no_match
STARWARS.xlsx,CANON,85,Kidnapped,TV (Animated),2011-11-25 00:00:00,Kidnapped,tv,38101,tv,Kidnapped by the Kids,2011-01-01,0.6621,matched
STARWARS.xlsx,CANON,86,Slaves of the Republic,TV (Animated),2011-12-02 00:00:00,Slaves of the Republic,tv,,tv,,,0.0,no_match
STARWARS.xlsx,CANON,87,Escape from Kadavo,TV (Animated),2012-01-06 00:00:00,Escape from Kadavo,tv,,tv,,,0.0,no_match
STARWARS.xlsx,CANON,88,A Friend in Need,TV (Animated),2012-01-13 00:00:00,A Friend in Need,tv,,tv,,,0.0,no_match
STARWARS.xlsx,CANON,89,Deception,TV (Animated),2012-01-20 00:00:00,Deception,tv,209701,tv,9/11: Ten Years of Deception,2012-01-01,0.5806,review
STARWARS.xlsx,CANON,90,Friends and Enemies,TV (Animated),2012-01-27 00:00:00,Friends and Enemies,tv,,tv,,,0.0,no_match
STARWARS.xlsx,CANON,91,The Box,TV (Animated),2012-02-03 00:00:00,The Box,tv,252537,tv,The Best Ten Nakamori Akina Premium BOX,2012-03-28,0.4494,review
STARWARS.xlsx,CANON,92,Crisis on Naboo,TV (Animated),2012-02-10 00:00:00,Crisis on Naboo,tv,,tv,,,0.0,no_match
STARWARS.xlsx,CANON,93,Massacre,TV (Animated),2012-02-24 00:00:00,Massacre,tv,,tv,,,0.0,no_match
STARWARS.xlsx,CANON,94,Bounty,TV (Animated),2012-03-02 00:00:00,Bounty,tv,45650,tv,Bounty Wars,2012-07-08,0.7383,matched
STARWARS.xlsx,CANON,95,Brothers,TV (Animated),2012-03-09 00:00:00,Brothers,tv,45209,tv,Space Brothers,2012-03-31,0.7565,matched
STARWARS.xlsx,CANON,96,Revenge,TV (Animated),2012-03-16 00:00:00,Revenge,tv,50741,tv,The Revenge Of A Broken Word,2012-04-18,0.5188,review
STARWARS.xlsx,CANON,97,Revival,TV (Animated),2012-09-29 00:00:00,Revival,tv,,tv,,,0.0,no_match
STARWARS.xlsx,CANON,98,A War on Two Fronts,TV (Animated),2012-10-06 00:00:00,A War on Two Fronts,tv,,tv,,,0.0,no_match
STARWARS.xlsx,CANON,99,Front Runners,TV (Animated),2012-10-13 00:00:00,Front Runners,tv,,tv,,,0.0,no_match
STARWARS.xlsx,CANON,100,The Soft War,TV (Animated),2012-10-20 00:00:00,The Soft War,tv,,tv,,,0.0,no_match
STARWARS.xlsx,CANON,101,Tipping Points,TV (Animated),2012-10-27 00:00:00,Tipping Points,tv,,tv,,,0.0,no_match
STARWARS.xlsx,CANON,102,The Gathering,TV (Animated),2012-11-03 00:00:00,The Gathering,tv,,tv,,,0.0,no_match
STARWARS.xlsx,CANON,103,A Test of Strength,TV (Animated),2012-11-10 00:00:00,A Test of Strength,tv,,tv,,,0.0,no_match
STARWARS.xlsx,CANON,104,Bound for Rescue,TV (Animated),2012-11-17 00:00:00,Bound for Rescue,tv,,tv,,,0.0,no_match
STARWARS.xlsx,CANON,105,A Necessary Bond,TV (Animated),2012-11-24 00:00:00,A Necessary Bond,tv,,tv,,,0.0,no_match
STARWARS.xlsx,CANON,106,Secret Weapons,TV (Animated),2012-12-01 00:00:00,Secret Weapons,tv,55482,tv,Top Secret Weapons Revealed,2012-08-14,0.7218,matched
STARWARS.xlsx,CANON,107,A Sunny Day in the Void,TV (Animated),2012-12-08 00:00:00,A Sunny Day in the Void,tv,,tv,,,0.0,no_match
STARWARS.xlsx,CANON,108,Missing in Action,TV (Animated),2013-01-05 00:00:00,Missing in Action,tv,,tv,,,0.0,no_match
STARWARS.xlsx,CANON,109,Point of No Return,TV (Animated),2013-01-12 00:00:00,Point of No Return,tv,,tv,,,0.0,no_match
STARWARS.xlsx,CANON,110,Eminence,TV (Animated),2013-01-19 00:00:00,Eminence,tv,,tv,,,0.0,no_match
STARWARS.xlsx,CANON,111,Shades of Reason,TV (Animated),2013-01-26 00:00:00,Shades of Reason,tv,,tv,,,0.0,no_match
STARWARS.xlsx,CANON,112,The Lawless,TV (Animated),2013-02-02 00:00:00,The Lawless,tv,,tv,,,0.0,no_match
STARWARS.xlsx,CANON,113,Sabotage,TV (Animated),2013-02-09 00:00:00,Sabotage,tv,250199,tv,Sabotage,2013-04-07,0.9503,matched
STARWARS.xlsx,CANON,114,The Jedi Who Knew Too Much,TV (Animated),2013-02-16 00:00:00,The Jedi Who Knew Too Much,tv,,tv,,,0.0,no_match
STARWARS.xlsx,CANON,115,To Catch a Jedi,TV (Animated),2013-02-23 00:00:00,To Catch a Jedi,tv,,tv,,,0.0,no_match
STARWARS.xlsx,CANON,116,The Wrong Jedi,TV (Animated),2013-03-02 00:00:00,The Wrong Jedi,tv,,tv,,,0.0,no_match
STARWARS.xlsx,CANON,117,The Unknown,TV (Animated),2014-03-07 00:00:00,The Unknown,tv,,tv,,,0.0,no_match
STARWARS.xlsx,CANON,118,Conspiracy,TV (Animated),2014-03-07 00:00:00,Conspiracy,tv,107009,tv,Conspiracy against freedom,2014-05-27,0.6301,matched
STARWARS.xlsx,CANON,119,Fugitive,TV (Animated),2014-03-07 00:00:00,Fugitive,tv,98473,tv,Fugitives,2014-08-04,0.908,matched
STARWARS.xlsx,CANON,120,Orders,TV (Animated),2014-03-07 00:00:00,Orders,tv,,tv,,,0.0,no_match
STARWARS.xlsx,CANON,121,An Old Friend,TV (Animated),2014-03-07 00:00:00,An Old Friend,tv,,tv,,,0.0,no_match
STARWARS.xlsx,CANON,122,The Rise of Clovis,TV (Animated),2014-03-07 00:00:00,The Rise of Clovis,tv,,tv,,,0.0,no_match
STARWARS.xlsx,CANON,123,Crisis at the Heart,TV (Animated),2014-03-07 00:00:00,Crisis at the Heart,tv,,tv,,,0.0,no_match
STARWARS.xlsx,CANON,124,The Disappeared Part I,TV (Animated),2014-03-07 00:00:00,The Disappeared Part I,tv,,tv,,,0.0,no_match
STARWARS.xlsx,CANON,125,The Disappeared Part II,TV (Animated),2014-03-07 00:00:00,The Disappeared Part II,tv,,tv,,,0.0,no_match
STARWARS.xlsx,CANON,126,The Lost One,TV (Animated),2014-03-07 00:00:00,The Lost One,tv,209293,tv,Defiance: The Lost Ones,2014-04-02,0.724,matched
STARWARS.xlsx,CANON,127,Voices,TV (Animated),2014-03-07 00:00:00,Voices,tv,,tv,,,0.0,no_match
STARWARS.xlsx,CANON,128,Destiny,TV (Animated),2014-03-07 00:00:00,Destiny,tv,221555,tv,My Destiny,2014-06-30,0.8234,matched
STARWARS.xlsx,CANON,129,Sacrifice,TV (Animated),2014-03-07 00:00:00,Sacrifice,tv,63296,tv,D-Day Sacrifice,2014-06-04,0.7705,matched
STARWARS.xlsx,CANON,130,Blade Squadron,Short Story (Insider),2014-04-22 00:00:00,Blade Squadron,movie,,movie,,,0.0,no_match
STARWARS.xlsx,CANON,131,Darth Maul: Son of Dathomir,Comic (Dark Horse),2014-05-21 00:00:00,Darth Maul: Son of Dathomir,movie,,movie,,,0.0,no_match
STARWARS.xlsx,CANON,132,Darth Maul: Son of Dathomir,Comic (Dark Horse),2014-06-18 00:00:00,Darth Maul: Son of Dathomir,movie,,movie,,,0.0,no_match
STARWARS.xlsx,CANON,133,Darth Maul: Son of Dathomir,Comic (Dark Horse),2014-07-16 00:00:00,Darth Maul: Son of Dathomir,movie,,movie,,,0.0,no_match
STARWARS.xlsx,CANON,134,One Thousand Levels Down,Short Story (Insider),2014-07-22 00:00:00,One Thousand Levels Down,movie,,movie,,,0.0,no_match
STARWARS.xlsx,CANON,135,Chopper Saves the Day,Book (Junior),2014-08-05 00:00:00,Chopper Saves the Day,movie,,movie,,,0.0,no_match
STARWARS.xlsx,CANON,136,Ezra and the Pilot,Book (Junior),2014-08-05 00:00:00,Ezra and the Pilot,movie,,movie,,,0.0,no_match
STARWARS.xlsx,CANON,137,Ezra's Gamble,Novel (Middle-Grade),2014-08-05 00:00:00,Ezra's Gamble,movie,,movie,,,0.0,no_match
STARWARS.xlsx,CANON,138,Zeb to the Rescue,Book (Junior),2014-08-05 00:00:00,Zeb to the Rescue,movie,,movie,,,0.0,no_match
STARWARS.xlsx,CANON,139,The Machine in the Ghost,Short (Junior),2014-08-11 00:00:00,The Machine in the Ghost,movie,,movie,,,0.0,no_match
STARWARS.xlsx,CANON,140,Art Attack,Short (Junior),2014-08-18 00:00:00,Art Attack,movie,,movie,,,0.0,no_match
STARWARS.xlsx,CANON,141,Darth Maul: Son of Dathomir,Comic (Dark Horse),2014-08-20 00:00:00,Darth Maul: Son of Dathomir,movie,,movie,,,0.0,no_match
STARWARS.xlsx,CANON,142,Entanglement,Short (Junior),2014-08-25 00:00:00,Entanglement,movie,,movie,,,0.0,no_match
STARWARS.xlsx,CANON,143,The Machine in the Ghost,Short Story (Junior),2014-09-01 00:00:00,The Machine in the Ghost,movie,,movie,,,0.0,no_match
STARWARS.xlsx,CANON,144,Her Smile,Short Story (Junior),2014-09-01 00:00:00,Her Smile,movie,,movie,,,0.0,no_match
STARWARS.xlsx,CANON,145,Entanglement,Short Story (Junior),2014-09-01 00:00:00,Entanglement,movie,,movie,,,0.0,no_match
STARWARS.xlsx,CANON,146,Property of Ezra Bridger,Short (Junior),2014-09-01 00:00:00,Property of Ezra Bridger,movie,,movie,,,0.0,no_match
STARWARS.xlsx,CANON,147,A New Dawn,Novel,2014-09-02 00:00:00,A New Dawn,movie,,movie,,,0.0,no_match
STARWARS.xlsx,CANON,148,Escape From Darth Vader,Book (Junior),2014-09-16 00:00:00,Escape From Darth Vader,movie,,movie,,,0.0,no_match
STARWARS.xlsx,CANON,149,A Death on Utapau,TV (Animated),2014-09-25 00:00:00,A Death on Utapau,tv,,tv,,,0.0,no_match
STARWARS.xlsx,CANON,150,In Search of the Crystal,TV (Animated),2014-09-25 00:00:00,In Search of the Crystal,tv,,tv,,,0.0,no_match
STARWARS.xlsx,CANON,151,Crystal Crisis,TV (Animated),2014-09-25 00:00:00,Crystal Crisis,tv,,tv,,,0.0,no_match
STARWARS.xlsx,CANON,152,The Big Bang,TV (Animated),2014-09-25 00:00:00,The Big Bang,tv,,tv,,,0.0,no_match
STARWARS.xlsx,CANON,153,Spark of Rebellion Pt 1,TV (Animated),2014-10-03 00:00:00,Spark of Rebellion Pt 1,tv,,tv,,,0.0,no_match
STARWARS.xlsx,CANON,154,Spark of Rebellion Pt 2,TV (Animated),2014-10-03 00:00:00,Spark of Rebellion Pt 2,tv,,tv,,,0.0,no_match
STARWARS.xlsx,CANON,155,Droids in Distress,TV (Animated),2014-10-13 00:00:00,Droids in Distress,tv,,tv,,,0.0,no_match
STARWARS.xlsx,CANON,156,Fighter Flight,TV (Animated),2014-10-20 00:00:00,Fighter Flight,tv,,tv,,,0.0,no_match
STARWARS.xlsx,CANON,157,Ezra's Wookiee Rescue,Book (Junior),2014-10-21 00:00:00,Ezra's Wookiee Rescue,movie,,movie,,,0.0,no_match
STARWARS.xlsx,CANON,158,Servants of the Empire: Edge of the Galaxy,Novel (Middle-Grade),2014-10-21 00:00:00,Servants of the Empire: Edge of the Galaxy,movie,,movie,,,0.0,no_match
STARWARS.xlsx,CANON,159,The Rebellion Begins,Book (Junior),2014-10-21 00:00:00,The Rebellion Begins,movie,,movie,,,0.0,no_match
STARWARS.xlsx,CANON,160,Rise of the Old Masters,TV (Animated),2014-10-27 00:00:00,Rise of the Old Masters,tv,,tv,,,0.0,no_match
STARWARS.xlsx,CANON,161,Breaking Ranks,TV (Animated),2014-11-03 00:00:00,Breaking Ranks,tv,,tv,,,0.0,no_match
STARWARS.xlsx,CANON,162,Droids in Distress,Novel (Middle-Grade),2014-11-06 00:00:00,Droids in Distress,movie,,movie,,,0.0,no_match
STARWARS.xlsx,CANON,163,Out of Darkness,TV (Animated),2014-11-10 00:00:00,Out of Darkness,tv,,tv,,,0.0,no_match
STARWARS.xlsx,CANON,164,Empire Day,TV (Animated),2014-11-17 00:00:00,Empire Day,tv,,tv,,,0.0,no_match
STARWARS.xlsx,CANON,165,Gathering Forces,TV (Animated),2014-11-24 00:00:00,Gathering Forces,tv,,tv,,,0.0,no_match
STARWARS.xlsx,CANON,166,The End of History,Short Story (Insider),2014-12-09 00:00:00,The End of History,movie,186975,movie,"Norte, the End of History",2014-03-11,0.8333,matched
STARWARS.xlsx,CANON,167,The Inquisitor's Trap,Book (Junior),2014-12-09 00:00:00,The Inquisitor's Trap,movie,,movie,,,0.0,no_match
STARWARS.xlsx,CANON,168,Art Attack,Book (Junior),2014-12-22 00:00:00,Art Attack,movie,,movie,,,0.0,no_match
STARWARS.xlsx,CANON,169,Entanglement,Book (Junior),2014-12-22 00:00:00,Entanglement,movie,,movie,,,0.0,no_match
STARWARS.xlsx,CANON,170,Property of Ezra Bridger,Book (Junior),2014-12-22 00:00:00,Property of Ezra Bridger,movie,,movie,,,0.0,no_match
STARWARS.xlsx,CANON,171,Path of the Jedi,TV (Animated),2015-01-05 00:00:00,Path of the Jedi,tv,,tv,,,0.0,no_match
STARWARS.xlsx,CANON,172,Sabine's Art Attack,Book (Junior),2015-01-06 00:00:00,Sabine's Art Attack,movie,,movie,,,0.0,no_match
STARWARS.xlsx,CANON,173,Star Wars (2015),Comic (Marvel),2015-01-14 00:00:00,Star Wars (2015),movie,,movie,,,0.0,no_match
STARWARS.xlsx,CANON,174,Idiot's Array,TV (Animated),2015-01-19 00:00:00,Idiot's Array,tv,,tv,,,0.0,no_match
STARWARS.xlsx,CANON,175,Ring Race,Comic Story (Magazine),2015-01-28 00:00:00,Ring Race,movie,,movie,,,0.0,no_match
STARWARS.xlsx,CANON,176,Vision of Hope,TV (Animated),2015-02-02 00:00:00,Vision of Hope,tv,,tv,,,0.0,no_match
STARWARS.xlsx,CANON,177,Star Wars (2015),Comic (Marvel),2015-02-04 00:00:00,Star Wars (2015),movie,,movie,,,0.0,no_match
STARWARS.xlsx,CANON,178,Call to Action,TV (Animated),2015-02-09 00:00:00,Call to Action,tv,,tv,,,0.0,no_match
STARWARS.xlsx,CANON,179,A New Hope Read-Along Storybook and CD,Book (Junior),2015-02-10 00:00:00,A New Hope Read-Along Storybook and CD,movie,,movie,,,0.0,no_match
STARWARS.xlsx,CANON,180,Darth Vader (2015),Comic (Marvel),2015-02-11 00:00:00,Darth Vader (2015),movie,,movie,,,0.0,no_match
STARWARS.xlsx,CANON,181,Rebel Resolve,TV (Animated),2015-02-23 00:00:00,Rebel Resolve,tv,,tv,,,0.0,no_match
STARWARS.xlsx,CANON,182,Darth Vader (2015),Comic (Marvel),2015-02-25 00:00:00,Darth Vader (2015),movie,,movie,,,0.0,no_match
STARWARS.xlsx,CANON,183,Learning Patience,Comic Story (Magazine),2015-02-25 00:00:00,Learning Patience,movie,,movie,,,0.0,no_match
STARWARS.xlsx,CANON,184,Fire across the Galaxy,TV (Animated),2015-03-02 00:00:00,Fire across the Galaxy,tv,,tv,,,0.0,no_match
STARWARS.xlsx,CANON,185,Heir to the Jedi,Novel,2015-03-03 00:00:00,Heir to the Jedi,movie,,movie,,,0.0,no_match
STARWARS.xlsx,CANON,186,Servants of the Empire: Rebel in the Ranks,Novel (Middle-Grade),2015-03-03 00:00:00,Servants of the Empire: Rebel in the Ranks,movie,,movie,,,0.0,no_match
STARWARS.xlsx,CANON,187,Princess Leia,Comic (Marvel),2015-03-04 00:00:00,Princess Leia,movie,,movie,,,0.0,no_match
STARWARS.xlsx,CANON,188,Last Call at the Zero Angle,Short Story (Insider),2015-03-10 00:00:00,Last Call at the Zero Angle,movie,,movie,,,0.0,no_match
STARWARS.xlsx,CANON,189,The Empire Strikes Back Read-Along Storybook,Book (Junior),2015-03-10 00:00:00,The Empire Strikes Back Read-Along Storybook,movie,,movie,,,0.0,no_match
STARWARS.xlsx,CANON,190,Star Wars (2015),Comic (Marvel),2015-03-11 00:00:00,Star Wars (2015),movie,,movie,,,0.0,no_match
STARWARS.xlsx,CANON,191,Ezra's Duel with Danger,Novel (Middle-Grade),2015-03-17 00:00:00,Ezra's Duel with Danger,movie,,movie,,,0.0,no_match
STARWARS.xlsx,CANON,192,Princess Leia,Comic (Marvel),2015-03-18 00:00:00,Princess Leia,movie,,movie,,,0.0,no_match
STARWARS.xlsx,CANON,193,Darth Vader (2015),Comic (Marvel),2015-03-25 00:00:00,Darth Vader (2015),movie,,movie,,,0.0,no_match
STARWARS.xlsx,CANON,194,The Fake Jedi,Comic Story (Magazine),2015-03-25 00:00:00,The Fake Jedi,movie,,movie,,,0.0,no_match
STARWARS.xlsx,CANON,195,Hera's Phantom Flight,Book (Junior),2015-03-31 00:00:00,Hera's Phantom Flight,movie,,movie,,,0.0,no_match
STARWARS.xlsx,CANON,196,Kanan,Comic (Marvel),2015-04-01 00:00:00,Kanan,movie,7443,movie,Chicken Run,2000-06-23,0.2733,review
STARWARS.xlsx,CANON,197,Return of the Jedi Read-Along Storybook,Book (Junior),2015-04-07 00:00:00,Return of the Jedi Read-Along Storybook,movie,,movie,,,0.0,no_match
STARWARS.xlsx,CANON,198,Use the Force!,Book (Junior),2015-04-07 00:00:00,Use the Force!,movie,,movie,,,0.0,no_match
STARWARS.xlsx,CANON,199,Darth Vader (2015),Comic (Marvel),2015-04-08 00:00:00,Darth Vader (2015),movie,,movie,,,0.0,no_match
STARWARS.xlsx,CANON,200,Orientation,Short Story (Insider),2015-04-21 00:00:00,Orientation,movie,,movie,,,0.0,no_match
STARWARS.xlsx,CANON,201,Star Wars (2015),Comic (Marvel),2015-04-22 00:00:00,Star Wars (2015),movie,,movie,,,0.0,no_match
STARWARS.xlsx,CANON,202,Kallus' Hunt,Comic Story (Magazine),2015-04-22 00:00:00,Kallus' Hunt,movie,,movie,,,0.0,no_match
STARWARS.xlsx,CANON,203,Lords of the Sith,Novel,2015-04-28 00:00:00,Lords of the Sith,movie,,movie,,,0.0,no_match
STARWARS.xlsx,CANON,204,Rescue From Jabba's Palace,Book (Junior),2015-04-28 00:00:00,Rescue From Jabba's Palace,movie,,movie,,,0.0,no_match
STARWARS.xlsx,CANON,205,Princess Leia,Comic (Marvel),2015-04-29 00:00:00,Princess Leia,movie,,movie,,,0.0,no_match
STARWARS.xlsx,CANON,206,Always Bet on Chopper,Book (Junior),2015-05-05 00:00:00,Always Bet on Chopper,movie,,movie,,,0.0,no_match
STARWARS.xlsx,CANON,207,Kanan,Comic (Marvel),2015-05-06 00:00:00,Kanan,movie,7443,movie,Chicken Run,2000-06-23,0.2733,review
STARWARS.xlsx,CANON,208,Darth Vader (2015),Comic (Marvel),2015-05-13 00:00:00,Darth Vader (2015),movie,,movie,,,0.0,no_match
STARWARS.xlsx,CANON,209,Star Wars (2015),Comic (Marvel),2015-05-20 00:00:00,Star Wars (2015),movie,,movie,,,0.0,no_match
STARWARS.xlsx,CANON,210,Return of the Slavers,Comic Story (Magazine),2015-05-20 00:00:00,Return of the Slavers,movie,,movie,,,0.0,no_match
STARWARS.xlsx,CANON,211,Princess Leia,Comic (Marvel),2015-06-03 00:00:00,Princess Leia,movie,,movie,,,0.0,no_match
STARWARS.xlsx,CANON,212,Darth Vader (2015),Comic (Marvel),2015-06-03 00:00:00,Darth Vader (2015),movie,,movie,,,0.0,no_match
STARWARS.xlsx,CANON,213,Star Wars (2015),Comic (Marvel),2015-06-03 00:00:00,Star Wars (2015),movie,,movie,,,0.0,no_match
STARWARS.xlsx,CANON,214,Battle to the End,Novel (Middle-Grade),2015-06-04 00:00:00,Battle to the End,movie,,movie,,,0.0,no_match
STARWARS.xlsx,CANON,215,Rebel Bluff,Short Story (Insider),2015-06-09 00:00:00,Rebel Bluff,movie,,movie,,,0.0,no_match
STARWARS.xlsx,CANON,216,Kanan,Comic (Marvel),2015-06-10 00:00:00,Kanan,movie,7443,movie,Chicken Run,2000-06-23,0.2733,review
STARWARS.xlsx,CANON,217,Eyes on the Prize,Comic Story (Magazine),2015-06-17 00:00:00,Eyes on the Prize,movie,,movie,,,0.0,no_match
STARWARS.xlsx,CANON,218,The Seige of Lothal Part 1,TV (Animated),2015-06-20 00:00:00,The Seige of Lothal Part 1,tv,,tv,,,0.0,no_match
STARWARS.xlsx,CANON,219,The Siege of Lothal Part 2,TV (Animated),2015-06-20 00:00:00,The Siege of Lothal Part 2,tv,,tv,,,0.0,no_match
STARWARS.xlsx,CANON,220,Princess Leia,Comic (Marvel),2015-07-01 00:00:00,Princess Leia,movie,,movie,,,0.0,no_match
STARWARS.xlsx,CANON,221,Darth Vader (2015),Comic (Marvel),2015-07-01 00:00:00,Darth Vader (2015),movie,,movie,,,0.0,no_match
STARWARS.xlsx,CANON,222,Dark Disciple,Novel,2015-07-07 00:00:00,Dark Disciple,movie,,movie,,,0.0,no_match
STARWARS.xlsx,CANON,223,Servants of the Empire: Imperial Justice,Novel (Middle-Grade),2015-07-07 00:00:00,Servants of the Empire: Imperial Justice,movie,,movie,,,0.0,no_match
STARWARS.xlsx,CANON,224,Lando,Comic (Marvel),2015-07-08 00:00:00,Lando,movie,,movie,,,0.0,no_match
STARWARS.xlsx,CANON,225,Sabotaged Supplies,Comic Story (Magazine),2015-07-15 00:00:00,Sabotaged Supplies,movie,,movie,,,0.0,no_match
STARWARS.xlsx,CANON,226,Do or Do Not,Short Story (Junior),2015-07-20 00:00:00,Do or Do Not,movie,,movie,,,0.0,no_match
STARWARS.xlsx,CANON,227,Rescue From Jabba's Palace,Short Story (Junior),2015-07-20 00:00:00,Rescue From Jabba's Palace,movie,,movie,,,0.0,no_match
STARWARS.xlsx,CANON,228,The Ewoks Join the Fight,Short Story (Junior),2015-07-20 00:00:00,The Ewoks Join the Fight,movie,,movie,,,0.0,no_match
STARWARS.xlsx,CANON,229,Kindred Spirits,Short Story (Insider),2015-07-21 00:00:00,Kindred Spirits,movie,,movie,,,0.0,no_match
STARWARS.xlsx,CANON,230,Kanan,Comic (Marvel),2015-07-22 00:00:00,Kanan,movie,7443,movie,Chicken Run,2000-06-23,0.2733,review
STARWARS.xlsx,CANON,231,The Phantom Menace Little Golden Book,Book (Junior),2015-07-28 00:00:00,The Phantom Menace Little Golden Book,movie,,movie,,,0.0,no_match
STARWARS.xlsx,CANON,232,Attack of the Clones Little Golden Book,Book (Junior),2015-07-28 00:00:00,Attack of the Clones Little Golden Book,movie,,movie,,,0.0,no_match
STARWARS.xlsx,CANON,233,Revenge of the Sith Little Golden Book,Book (Junior),2015-07-28 00:00:00,Revenge of the Sith Little Golden Book,movie,,movie,,,0.0,no_match
STARWARS.xlsx,CANON,234,A New Hope Little Golden Book,Book (Junior),2015-07-28 00:00:00,A New Hope Little Golden Book,movie,,movie,,,0.0,no_match
STARWARS.xlsx,CANON,235,The Empire Strikes Back Little Golden Book,Book (Junior),2015-07-28 00:00:00,The Empire Strikes Back Little Golden Book,movie,,movie,,,0.0,no_match
STARWARS.xlsx,CANON,236,Return of the Jedi Little Golden Book,Book (Junior),2015-07-28 00:00:00,Return of the Jedi Little Golden Book,movie,,movie,,,0.0,no_match
STARWARS.xlsx,CANON,237,Star Wars (2015),Comic (Marvel),2015-07-29 00:00:00,Star Wars (2015),movie,,movie,,,0.0,no_match
STARWARS.xlsx,CANON,238,The Heist,Short Story (Junior),2015-07-30 00:00:00,The Heist,movie,328769,movie,The Heist,2015-03-03,0.9502,matched
STARWARS.xlsx,CANON,239,The Newcomer,Short Story (Junior),2015-07-30 00:00:00,The Newcomer,movie,386465,movie,Newcomer,2015-10-30,0.8063,matched
STARWARS.xlsx,CANON,240,The Trap,Short Story (Junior),2015-07-30 00:00:00,The Trap,movie,492111,movie,The Trap,2015-12-18,0.9503,matched
STARWARS.xlsx,CANON,241,The Escape,Short Story (Junior),2015-07-30 00:00:00,The Escape,movie,918195,movie,The Escape,2015-07-15,0.9506,matched
STARWARS.xlsx,CANON,242,The Rescue,Short Story (Junior),2015-07-30 00:00:00,The Rescue,movie,323901,movie,The Last Rescue,2015-04-21,0.8063,matched
STARWARS.xlsx,CANON,243,Ewoks Join the Fight,Book (Junior),2015-08-04 00:00:00,Ewoks Join the Fight,movie,,movie,,,0.0,no_match
STARWARS.xlsx,CANON,244,Kanan's Jedi Training,Book (Junior),2015-08-04 00:00:00,Kanan's Jedi Training,movie,,movie,,,0.0,no_match
STARWARS.xlsx,CANON,245,Darth Vader (2015),Comic (Marvel),2015-08-05 00:00:00,Darth Vader (2015),movie,,movie,,,0.0,no_match
STARWARS.xlsx,CANON,246,Lando,Comic (Marvel),2015-08-12 00:00:00,Lando,movie,,movie,,,0.0,no_match
STARWARS.xlsx,CANON,247,Ezra's Vision,Comic Story (Magazine),2015-08-12 00:00:00,Ezra's Vision,movie,,movie,,,0.0,no_match
STARWARS.xlsx,CANON,248,Kanan,Comic (Marvel),2015-08-19 00:00:00,Kanan,movie,7443,movie,Chicken Run,2000-06-23,0.2733,review
STARWARS.xlsx,CANON,249,Star Wars (2015),Comic (Marvel),2015-08-19 00:00:00,Star Wars (2015),movie,,movie,,,0.0,no_match
STARWARS.xlsx,CANON,250,Lando,Comic (Marvel),2015-08-26 00:00:00,Lando,movie,,movie,,,0.0,no_match
STARWARS.xlsx,CANON,251,Escape from Darth Vader,Short Story (Junior),2015-09-01 00:00:00,Escape from Darth Vader,movie,,movie,,,0.0,no_match
STARWARS.xlsx,CANON,252,The Hero's Journey Begins,Short Story (Junior),2015-09-01 00:00:00,The Hero's Journey Begins,movie,,movie,,,0.0,no_match
STARWARS.xlsx,CANON,253,A Bad Feeling About This,Short Story (Junior),2015-09-01 00:00:00,A Bad Feeling About This,movie,371533,movie,I Have a Bad Feeling About This,2015-12-15,0.8585,matched
STARWARS.xlsx,CANON,254,The Rescue of Princess Leia,Short Story (Junior),2015-09-01 00:00:00,The Rescue of Princess Leia,movie,,movie,,,0.0,no_match
STARWARS.xlsx,CANON,255,Escape from the Death Star,Short Story (Junior),2015-09-01 00:00:00,Escape from the Death Star,movie,,movie,,,0.0,no_match
STARWARS.xlsx,CANON,256,The Battle of Yavin,Short Story (Junior),2015-09-01 00:00:00,The Battle of Yavin,movie,,movie,,,0.0,no_match
STARWARS.xlsx,CANON,257,Survival on Hoth,Short Story (Junior),2015-09-01 00:00:00,Survival on Hoth,movie,,movie,,,0.0,no_match
STARWARS.xlsx,CANON,258,AT-AT Attack!,Short Story (Junior),2015-09-01 00:00:00,AT-AT Attack!,movie,415392,movie,LOUD and BLiSS - Live at TIP Festival  Groove Attack,2015-03-07,0.4516,review
STARWARS.xlsx,CANON,259,An Unusual Hiding Place,Short Story (Junior),2015-09-01 00:00:00,An Unusual Hiding Place,movie,,movie,,,0.0,no_match
STARWARS.xlsx,CANON,260,Size Matters Not,Short Story (Junior),2015-09-01 00:00:00,Size Matters Not,movie,,movie,,,0.0,no_match
STARWARS.xlsx,CANON,261,Betrayal at Bespin,Short Story (Junior),2015-09-01 00:00:00,Betrayal at Bespin,movie,,movie,,,0.0,no_match
STARWARS.xlsx,CANON,262,The Revelation,Short Story (Junior),2015-09-01 00:00:00,The Revelation,movie,581333,movie,The Order of Revelation: 1-5,2015-01-01,0.7101,matched
STARWARS.xlsx,CANON,263,Rescue From Jabba's Palace,Short Story (Junior),2015-09-01 00:00:00,Rescue From Jabba's Palace,movie,,movie,,,0.0,no_match
STARWARS.xlsx,CANON,264,Return to Dagobah,Short Story (Junior),2015-09-01 00:00:00,Return to Dagobah,movie,,movie,,,0.0,no_match
STARWARS.xlsx,CANON,265,Flight and Fight!,Short Story (Junior),2015-09-01 00:00:00,Flight and Fight!,movie,,movie,,,0.0,no_match
STARWARS.xlsx,CANON,266,Leia and the Ewoks,Short Story (Junior),2015-09-01 00:00:00,Leia and the Ewoks,movie,,movie,,,0.0,no_match
STARWARS.xlsx,CANON,267,The Final Duel,Short Story (Junior),2015-09-01 00:00:00,The Final Duel,movie,,movie,,,0.0,no_match
STARWARS.xlsx,CANON,268,The Battle for Endor,Short Story (Junior),2015-09-01 00:00:00,The Battle for Endor,movie,,movie,,,0.0,no_match
STARWARS.xlsx,CANON,269,Aftermath,Novel,2015-09-04 00:00:00,Aftermath,movie,188839,movie,Aftermath,2014-07-18,0.912,matched
STARWARS.xlsx,CANON,270,Lost Stars,Novel (Young Adult),2015-09-04 00:00:00,Lost Stars,movie,,movie,,,0.0,no_match
STARWARS.xlsx,CANON,271,Moving Target: A Princess Leia Adventure,Novel (Middle-Grade),2015-09-04 00:00:00,Moving Target: A Princess Leia Adventure,movie,,movie,,,0.0,no_match
STARWARS.xlsx,CANON,272,Smuggler's Run: A Han Solo & Chewbacca Adventure,Novel (Middle-Grade),2015-09-04 00:00:00,Smuggler's Run: A Han Solo & Chewbacca Adventure,movie,,movie,,,0.0,no_match
STARWARS.xlsx,CANON,273,The Weapon of a Jedi: A Luke Skywalker Adventure,Novel (Middle-Grade),2015-09-04 00:00:00,The Weapon of a Jedi: A Luke Skywalker Adventure,movie,,movie,,,0.0,no_match
STARWARS.xlsx,CANON,274,Blade Squadron: Zero Hour,Short Story (Insider),2015-09-08 00:00:00,Blade Squadron: Zero Hour,movie,,movie,,,0.0,no_match
STARWARS.xlsx,CANON,275,Shattered Empire,Comic (Marvel),2015-09-09 00:00:00,Shattered Empire,movie,,movie,,,0.0,no_match
STARWARS.xlsx,CANON,276,Darth Vader (2015),Comic (Marvel),2015-09-09 00:00:00,Darth Vader (2015),movie,,movie,,,0.0,no_match
STARWARS.xlsx,CANON,277,Senate Perspective,Comic Story (Magazine),2015-09-09 00:00:00,Senate Perspective,movie,,movie,,,0.0,no_match
STARWARS.xlsx,CANON,278,Lando,Comic (Marvel),2015-09-16 00:00:00,Lando,movie,,movie,,,0.0,no_match
STARWARS.xlsx,CANON,279,Star Wars (2015),Comic (Marvel),2015-09-16 00:00:00,Star Wars (2015),movie,,movie,,,0.0,no_match
STARWARS.xlsx,CANON,280,"A New Hope: The Princess, the Scoundrel, and the Farm Boy",Novel (Middle-Grade),2015-09-22 00:00:00,"A New Hope: The Princess, the Scoundrel, and the Farm Boy",movie,,movie,,,0.0,no_match
STARWARS.xlsx,CANON,281,The Empire Strikes Back: So You Want to Be a Jedi?,Novel (Middle-Grade),2015-09-22 00:00:00,The Empire Strikes Back: So You Want to Be a Jedi?,movie,,movie,,,0.0,no_match
STARWARS.xlsx,CANON,282,Return of the Jedi: Beware the Power of the Dark Side!,Novel (Middle-Grade),2015-09-22 00:00:00,Return of the Jedi: Beware the Power of the Dark Side!,movie,,movie,,,0.0,no_match
STARWARS.xlsx,CANON,283,Kanan,Comic (Marvel),2015-09-23 00:00:00,Kanan,movie,7443,movie,Chicken Run,2000-06-23,0.2733,review
STARWARS.xlsx,CANON,284,Mercy Mission,Short Story,2015-10-06 00:00:00,Mercy Mission,movie,,movie,,,0.0,no_match
STARWARS.xlsx,CANON,285,Bottleneck,Short Story,2015-10-06 00:00:00,Bottleneck,movie,,movie,,,0.0,no_match
STARWARS.xlsx,CANON,286,The Levers of Power,Short Story,2015-10-06 00:00:00,The Levers of Power,movie,,movie,,,0.0,no_match
STARWARS.xlsx,CANON,287,Servants of the Empire: The Secret Academy,Novel (Middle-Grade),2015-10-06 00:00:00,Servants of the Empire: The Secret Academy,movie,,movie,,,0.0,no_match
STARWARS.xlsx,CANON,288,Shattered Empire,Comic (Marvel),2015-10-07 00:00:00,Shattered Empire,movie,,movie,,,0.0,no_match
STARWARS.xlsx,CANON,289,Lando,Comic (Marvel),2015-10-07 00:00:00,Lando,movie,,movie,,,0.0,no_match
STARWARS.xlsx,CANON,290,Darth Vader (2015),Comic (Marvel),2015-10-07 00:00:00,Darth Vader (2015),movie,,movie,,,0.0,no_match
STARWARS.xlsx,CANON,291,Star Wars (2015),Comic (Marvel),2015-10-07 00:00:00,Star Wars (2015),movie,,movie,,,0.0,no_match
STARWARS.xlsx,CANON,292,Becoming Hunted,Comic Story (Magazine),2015-10-07 00:00:00,Becoming Hunted,movie,,movie,,,0.0,no_match
STARWARS.xlsx,CANON,293,Chewbacca,Comic (Marvel),2015-10-14 00:00:00,Chewbacca,movie,,movie,,,0.0,no_match
STARWARS.xlsx,CANON,294,Shattered Empire,Comic (Marvel),2015-10-14 00:00:00,Shattered Empire,movie,,movie,,,0.0,no_match
STARWARS.xlsx,CANON,295,The Lost Commanders,TV (Animated),2015-10-14 00:00:00,The Lost Commanders,tv,,tv,,,0.0,no_match
STARWARS.xlsx,CANON,296,Shattered Empire,Comic (Marvel),2015-10-21 00:00:00,Shattered Empire,movie,,movie,,,0.0,no_match
STARWARS.xlsx,CANON,297,Darth Vader (2015),Comic (Marvel),2015-10-21 00:00:00,Darth Vader (2015),movie,,movie,,,0.0,no_match
STARWARS.xlsx,CANON,298,Relics of the Old Republic,TV (Animated),2015-10-21 00:00:00,Relics of the Old Republic,tv,,tv,,,0.0,no_match
STARWARS.xlsx,CANON,299,Chewbacca,Comic (Marvel),2015-10-28 00:00:00,Chewbacca,movie,,movie,,,0.0,no_match
STARWARS.xlsx,CANON,300,Kanan,Comic (Marvel),2015-10-28 00:00:00,Kanan,movie,7443,movie,Chicken Run,2000-06-23,0.2733,review
STARWARS.xlsx,CANON,301,Always Two There Are,TV (Animated),2015-10-28 00:00:00,Always Two There Are,tv,,tv,,,0.0,no_match
STARWARS.xlsx,CANON,302,AT-AT Attack!,Book (Junior),2015-11-03 00:00:00,AT-AT Attack!,movie,415392,movie,LOUD and BLiSS - Live at TIP Festival  Groove Attack,2015-03-07,0.4516,review
STARWARS.xlsx,CANON,303,Battlefront: Twilight Company,Novel,2015-11-03 00:00:00,Battlefront: Twilight Company,movie,,movie,,,0.0,no_match
STARWARS.xlsx,CANON,304,Star Wars (2015),Comic (Marvel),2015-11-04 00:00:00,Star Wars (2015),movie,,movie,,,0.0,no_match
STARWARS.xlsx,CANON,305,Assessment,Comic Story (Magazine),2015-11-04 00:00:00,Assessment,movie,,movie,,,0.0,no_match
STARWARS.xlsx,CANON,306,Brothers of the Broken Horn,TV (Animated),2015-11-04 00:00:00,Brothers of the Broken Horn,tv,,tv,,,0.0,no_match
STARWARS.xlsx,CANON,307,Tarkin,Novel,2015-11-04 00:00:00,Tarkin,movie,,movie,,,0.0,no_match
STARWARS.xlsx,CANON,308,Inbrief,Short Story (Insider),2015-11-10 00:00:00,Inbrief,movie,,movie,,,0.0,no_match
STARWARS.xlsx,CANON,309,Chewbacca,Comic (Marvel),2015-11-11 00:00:00,Chewbacca,movie,,movie,,,0.0,no_match
STARWARS.xlsx,CANON,310,Darth Vader (2015),Comic (Marvel),2015-11-11 00:00:00,Darth Vader (2015),movie,,movie,,,0.0,no_match
STARWARS.xlsx,CANON,311,Wings of the Master,TV (Animated),2015-11-11 00:00:00,Wings of the Master,tv,,tv,,,0.0,no_match
STARWARS.xlsx,CANON,312,Vader Down,Comic (Marvel),2015-11-18 00:00:00,Vader Down,movie,,movie,,,0.0,no_match
STARWARS.xlsx,CANON,313,Kanan,Comic (Marvel),2015-11-18 00:00:00,Kanan,movie,7443,movie,Chicken Run,2000-06-23,0.2733,review
STARWARS.xlsx,CANON,314,Star Wars (2015),Comic (Marvel),2015-11-18 00:00:00,Star Wars (2015),movie,,movie,,,0.0,no_match
STARWARS.xlsx,CANON,315,Blood Sisters,TV (Animated),2015-11-18 00:00:00,Blood Sisters,tv,,tv,,,0.0,no_match
STARWARS.xlsx,CANON,316,The Perfect Weapon,Short Story,2015-11-24 00:00:00,The Perfect Weapon,movie,,movie,,,0.0,no_match
STARWARS.xlsx,CANON,317,Chewbacca,Comic (Marvel),2015-11-25 00:00:00,Chewbacca,movie,,movie,,,0.0,no_match
STARWARS.xlsx,CANON,318,(VADER DOWN 2),Comic (Marvel),2015-11-25 00:00:00,(VADER DOWN 2),movie,,movie,,,0.0,no_match
STARWARS.xlsx,CANON,319,Stealth Strike,TV (Animated),2015-11-25 00:00:00,Stealth Strike,tv,,tv,,,0.0,no_match
STARWARS.xlsx,CANON,320,The Future of the Force,TV (Animated),2015-11-25 00:00:00,The Future of the Force,tv,,tv,,,0.0,no_match
STARWARS.xlsx,CANON,321,High Noon on Jakku,Short Story,2015-12-01 00:00:00,High Noon on Jakku,movie,,movie,,,0.0,no_match
STARWARS.xlsx,CANON,322,A Recipe for Death,Short Story,2015-12-01 00:00:00,A Recipe for Death,movie,,movie,,,0.0,no_match
STARWARS.xlsx,CANON,323,All Creatures Great and Small,Short Story,2015-12-01 00:00:00,All Creatures Great and Small,movie,,movie,,,0.0,no_match
STARWARS.xlsx,CANON,324,The Face of Evil,Short Story,2015-12-01 00:00:00,The Face of Evil,movie,340746,movie,The Chronicles of Evil,2015-05-14,0.7609,matched
STARWARS.xlsx,CANON,325,True Love,Short Story,2015-12-01 00:00:00,True Love,movie,336777,movie,True Love Ways,2014-05-20,0.7554,matched
STARWARS.xlsx,CANON,326,The Crimson Corsair and the Lost Treasure of Count Dooku,Short Story,2015-12-01 00:00:00,The Crimson Corsair and the Lost Treasure of Count Dooku,movie,,movie,,,0.0,no_match
STARWARS.xlsx,CANON,327,Ocean Rescue,Comic Story (Magazine),2015-12-02 00:00:00,Ocean Rescue,movie,,movie,,,0.0,no_match
STARWARS.xlsx,CANON,328,(VADER DOWN 3),Comic (Marvel),2015-12-02 00:00:00,(VADER DOWN 3),movie,,movie,,,0.0,no_match
STARWARS.xlsx,CANON,329,Star Wars Annual (2015),Comic (Marvel),2015-12-09 00:00:00,Star Wars Annual (2015),movie,,movie,,,0.0,no_match
STARWARS.xlsx,CANON,330,Legacy,TV (Animated),2015-12-12 00:00:00,Legacy,tv,227002,tv,The Legacy of the Kings,2015-05-20,0.528,review
STARWARS.xlsx,CANON,331,Darth Vader Annual (2015),Comic (Marvel),2015-12-16 00:00:00,Darth Vader Annual (2015),movie,,movie,,,0.0,no_match
STARWARS.xlsx,CANON,332,Kanan,Comic (Marvel),2015-12-16 00:00:00,Kanan,movie,7443,movie,Chicken Run,2000-06-23,0.2733,review
STARWARS.xlsx,CANON,333,Race to the Finish Line,Short Story (Junior),2015-12-18 00:00:00,Race to the Finish Line,movie,,movie,,,0.0,no_match
STARWARS.xlsx,CANON,334,Yoda and the Count,Short Story (Junior),2015-12-18 00:00:00,Yoda and the Count,movie,,movie,,,0.0,no_match
STARWARS.xlsx,CANON,335,The Last Adventure,Short Story (Junior),2015-12-18 00:00:00,The Last Adventure,movie,,movie,,,0.0,no_match
STARWARS.xlsx,CANON,336,Escape from Darth Vader,Short Story (Junior),2015-12-18 00:00:00,Escape from Darth Vader,movie,,movie,,,0.0,no_match
STARWARS.xlsx,CANON,337,Destroy the Death Star!,Short Story (Junior),2015-12-18 00:00:00,Destroy the Death Star!,movie,,movie,,,0.0,no_match
STARWARS.xlsx,CANON,338,The Battle of Hoth,Short Story (Junior),2015-12-18 00:00:00,The Battle of Hoth,movie,,movie,,,0.0,no_match
STARWARS.xlsx,CANON,339,"A Jedi, You Must Become",Short Story (Junior),2015-12-18 00:00:00,"A Jedi, You Must Become",movie,,movie,,,0.0,no_match
STARWARS.xlsx,CANON,340,Rescue From Jabba's Palace,Short Story (Junior),2015-12-18 00:00:00,Rescue From Jabba's Palace,movie,,movie,,,0.0,no_match
STARWARS.xlsx,CANON,341,The Ewoks Join the Fight,Short Story (Junior),2015-12-18 00:00:00,The Ewoks Join the Fight,movie,,movie,,,0.0,no_match
STARWARS.xlsx,CANON,342,A Friend for Rey,Short Story (Junior),2015-12-18 00:00:00,A Friend for Rey,movie,,movie,,,0.0,no_match
STARWARS.xlsx,CANON,343,Rathtars on the Loose!,Short Story (Junior),2015-12-18 00:00:00,Rathtars on the Loose!,movie,,movie,,,0.0,no_match
STARWARS.xlsx,CANON,344,Before the Awakening,Novel (Middle-Grade),2015-12-18 00:00:00,Before the Awakening,movie,,movie,,,0.0,no_match
STARWARS.xlsx,CANON,345,Finn & Rey Escape!,Book (Junior),2015-12-18 00:00:00,Finn & Rey Escape!,movie,,movie,,,0.0,no_match
STARWARS.xlsx,CANON,346,Finn & the First Order,Book (Junior),2015-12-18 00:00:00,Finn & the First Order,movie,,movie,,,0.0,no_match
STARWARS.xlsx,CANON,347,Han & Chewie Return!,Book (Junior),2015-12-18 00:00:00,Han & Chewie Return!,movie,,movie,,,0.0,no_match
STARWARS.xlsx,CANON,348,Rey Meets BB-8,Book (Junior),2015-12-18 00:00:00,Rey Meets BB-8,movie,,movie,,,0.0,no_match
STARWARS.xlsx,CANON,349,Star Wars Episode VII: The Force Awakens,Film,2015-12-18 00:00:00,Star Wars Episode VII: The Force Awakens,movie,140607,movie,Star Wars: The Force Awakens,2015-12-15,0.8289,matched
STARWARS.xlsx,CANON,350,The Force Awakens Novelization,Novel,2015-12-18 00:00:00,The Force Awakens Novelization,movie,,movie,,,0.0,no_match
STARWARS.xlsx,CANON,351,The Force Awakens: A Junior Novel,Novel (Middle-Grade),2015-12-18 00:00:00,The Force Awakens: A Junior Novel,movie,,movie,,,0.0,no_match
STARWARS.xlsx,CANON,352,Bait,Short Story (Insider),2015-12-22 00:00:00,Bait,movie,1016343,movie,Bait,2015-09-18,0.9503,matched
STARWARS.xlsx,CANON,353,(VADER DOWN 4),Comic (Marvel),2015-12-23 00:00:00,(VADER DOWN 4),movie,,movie,,,0.0,no_match
STARWARS.xlsx,CANON,354,Chewbacca,Comic (Marvel),2015-12-30 00:00:00,Chewbacca,movie,,movie,,,0.0,no_match
STARWARS.xlsx,CANON,355,Secrets of Sienar,Comic Story (Magazine),2015-12-30 00:00:00,Secrets of Sienar,movie,,movie,,,0.0,no_match
STARWARS.xlsx,CANON,356,Obi-Wan & Anakin,Comic (Marvel),2016-01-06 00:00:00,Obi-Wan & Anakin,movie,,movie,,,0.0,no_match
STARWARS.xlsx,CANON,357,(VADER DOWN 5),Comic (Marvel),2016-01-06 00:00:00,(VADER DOWN 5),movie,,movie,,,0.0,no_match
STARWARS.xlsx,CANON,358,(VADER DOWN 6),Comic (Marvel),2016-01-06 00:00:00,(VADER DOWN 6),movie,,movie,,,0.0,no_match
STARWARS.xlsx,CANON,359,Star Wars (2015),Comic (Marvel),2016-01-20 00:00:00,Star Wars (2015),movie,,movie,,,0.0,no_match
STARWARS.xlsx,CANON,360,A Princess on Lothal,TV (Animated),2016-01-20 00:00:00,A Princess on Lothal,tv,,tv,,,0.0,no_match
STARWARS.xlsx,CANON,361,Kanan,Comic (Marvel),2016-01-27 00:00:00,Kanan,movie,,movie,,,0.0,no_match
STARWARS.xlsx,CANON,362,No Sympathy,Comic Story (Magazine),2016-01-27 00:00:00,No Sympathy,movie,,movie,,,0.0,no_match
STARWARS.xlsx,CANON,363,The Protector of Concord Dawn,TV (Animated),2016-01-27 00:00:00,The Protector of Concord Dawn,tv,,tv,,,0.0,no_match
STARWARS.xlsx,CANON,364,Death Star Battle,Book (Junior),2016-02-02 00:00:00,Death Star Battle,movie,,movie,,,0.0,no_match
STARWARS.xlsx,CANON,365,Rolling With BB-8,Book (Junior),2016-02-02 00:00:00,Rolling With BB-8,movie,,movie,,,0.0,no_match
STARWARS.xlsx,CANON,366,Obi-Wan & Anakin,Comic (Marvel),2016-02-03 00:00:00,Obi-Wan & Anakin,movie,,movie,,,0.0,no_match
STARWARS.xlsx,CANON,367,Legends of the Lasat,TV (Animated),2016-02-03 00:00:00,Legends of the Lasat,tv,,tv,,,0.0,no_match
STARWARS.xlsx,CANON,368,Darth Vader (2015),Comic (Marvel),2016-02-10 00:00:00,Darth Vader (2015),movie,,movie,,,0.0,no_match
STARWARS.xlsx,CANON,369,The Call,TV (Animated),2016-02-10 00:00:00,The Call,tv,100374,tv,Davina McCall: Life at the Extreme,2016-02-29,0.3674,review
STARWARS.xlsx,CANON,370,Rey's Story,Novel (Middle-Grade),2016-02-16 00:00:00,Rey's Story,movie,,movie,,,0.0,no_match
STARWARS.xlsx,CANON,371,Star Wars (2015),Comic (Marvel),2016-02-17 00:00:00,Star Wars (2015),movie,,movie,,,0.0,no_match
STARWARS.xlsx,CANON,372,Homecoming,TV (Animated),2016-02-17 00:00:00,Homecoming,tv,,tv,,,0.0,no_match
STARWARS.xlsx,CANON,373,Kanan,Comic (Marvel),2016-02-24 00:00:00,Kanan,movie,,movie,,,0.0,no_match
STARWARS.xlsx,CANON,374,A Day's Duty,Comic Story (Magazine),2016-02-24 00:00:00,A Day's Duty,movie,,movie,,,0.0,no_match
STARWARS.xlsx,CANON,375,The Honorable Ones,TV (Animated),2016-02-24 00:00:00,The Honorable Ones,tv,,tv,,,0.0,no_match
STARWARS.xlsx,CANON,376,Adventures in Wild Space: The Escape,Novel (Middle-Grade),2016-02-25 00:00:00,Adventures in Wild Space: The Escape,movie,,movie,,,0.0,no_match
STARWARS.xlsx,CANON,377,Adventures in Wild Space: The Nest,Novel (Middle-Grade),2016-02-25 00:00:00,Adventures in Wild Space: The Nest,movie,,movie,,,0.0,no_match
STARWARS.xlsx,CANON,378,Adventures in Wild Space: The Snare,Novel (Middle-Grade),2016-02-25 00:00:00,Adventures in Wild Space: The Snare,movie,,movie,,,0.0,no_match
STARWARS.xlsx,CANON,379,Darth Vader (2015),Comic (Marvel),2016-03-02 00:00:00,Darth Vader (2015),movie,,movie,,,0.0,no_match
STARWARS.xlsx,CANON,380,Shroud of Darkness,TV (Animated),2016-03-02 00:00:00,Shroud of Darkness,tv,,tv,,,0.0,no_match
STARWARS.xlsx,CANON,381,Kanan,Comic (Marvel),2016-03-16 00:00:00,Kanan,movie,,movie,,,0.0,no_match
STARWARS.xlsx,CANON,382,The Forgotten Droid,TV (Animated),2016-03-16 00:00:00,The Forgotten Droid,tv,,tv,,,0.0,no_match
STARWARS.xlsx,CANON,383,Obi-Wan & Anakin,Comic (Marvel),2016-03-23 00:00:00,Obi-Wan & Anakin,movie,,movie,,,0.0,no_match
STARWARS.xlsx,CANON,384,Ice Breaking,Comic Story (Magazine),2016-03-23 00:00:00,Ice Breaking,movie,,movie,,,0.0,no_match
STARWARS.xlsx,CANON,385,Star Wars (2015),Comic (Marvel),2016-03-23 00:00:00,Star Wars (2015),movie,,movie,,,0.0,no_match
STARWARS.xlsx,CANON,386,The Mystery of Chopper Base,TV (Animated),2016-03-23 00:00:00,The Mystery of Chopper Base,tv,,tv,,,0.0,no_match
STARWARS.xlsx,CANON,387,Darth Vader (2015),Comic (Marvel),2016-03-30 00:00:00,Darth Vader (2015),movie,,movie,,,0.0,no_match
STARWARS.xlsx,CANON,388,Twilight of the Apprentice Part 1,TV (Animated),2016-03-30 00:00:00,Twilight of the Apprentice Part 1,tv,,tv,,,0.0,no_match
STARWARS.xlsx,CANON,389,Twilight of the Apprentice Part 2,TV (Animated),2016-03-30 00:00:00,Twilight of the Apprentice Part 2,tv,,tv,,,0.0,no_match
STARWARS.xlsx,CANON,390,The Force Awakens Read-Along Storybook and CD,Book (Junior),2016-04-05 00:00:00,The Force Awakens Read-Along Storybook and CD,movie,,movie,,,0.0,no_match
STARWARS.xlsx,CANON,391,The Force Awakens Storybook,Book (Junior),2016-04-05 00:00:00,The Force Awakens Storybook,movie,,movie,,,0.0,no_match
STARWARS.xlsx,CANON,392,SaBBotage,Comic Story (Marvel),2016-04-06 00:00:00,SaBBotage,movie,,movie,,,0.0,no_match
STARWARS.xlsx,CANON,393,Poe Dameron,Comic (Marvel),2016-04-06 00:00:00,Poe Dameron,movie,,movie,,,0.0,no_match
STARWARS.xlsx,CANON,394,Bounty Hunt,Book (Junior),2016-04-07 00:00:00,Bounty Hunt,movie,388764,movie,Bounty Hunters,2016-07-01,0.8641,matched
STARWARS.xlsx,CANON,395,The Force Awakens Little Golden Book,Book (Junior),2016-04-12 00:00:00,The Force Awakens Little Golden Book,movie,,movie,,,0.0,no_match
STARWARS.xlsx,CANON,396,Star Wars Special: C-3PO,Comic (Marvel),2016-04-13 00:00:00,Star Wars Special: C-3PO,movie,,movie,,,0.0,no_match
STARWARS.xlsx,CANON,397,Darth Vader (2015),Comic (Marvel),2016-04-13 00:00:00,Darth Vader (2015),movie,,movie,,,0.0,no_match
STARWARS.xlsx,CANON,398,Obi-Wan & Anakin,Comic (Marvel),2016-04-20 00:00:00,Obi-Wan & Anakin,movie,,movie,,,0.0,no_match
STARWARS.xlsx,CANON,399,Vulnerable Areas,Comic Story (Magazine),2016-04-20 00:00:00,Vulnerable Areas,movie,,movie,,,0.0,no_match
STARWARS.xlsx,CANON,400,Star Wars (2015),Comic (Marvel),2016-04-27 00:00:00,Star Wars (2015),movie,,movie,,,0.0,no_match
STARWARS.xlsx,CANON,401,Scorched,Short Story (Insider),2016-05-03 00:00:00,Scorched,movie,433183,movie,scorched earth,2016-12-28,0.7537,matched
STARWARS.xlsx,CANON,402,Bloodline,Novel,2016-05-03 00:00:00,Bloodline,movie,339530,movie,Tremors 5: Bloodlines,2015-10-06,0.6246,matched
STARWARS.xlsx,CANON,403,Poe Dameron,Comic (Marvel),2016-05-04 00:00:00,Poe Dameron,movie,,movie,,,0.0,no_match
STARWARS.xlsx,CANON,404,Darth Vader (2015),Comic (Marvel),2016-05-11 00:00:00,Darth Vader (2015),movie,,movie,,,0.0,no_match
STARWARS.xlsx,CANON,405,The Misadventures of Triple-Zero and Beetee,Comic Story (Marvel),2016-05-11 00:00:00,The Misadventures of Triple-Zero and Beetee,movie,,movie,,,0.0,no_match
STARWARS.xlsx,CANON,406,Academy Cadets,Comic Story (Magazine),2016-05-18 00:00:00,Academy Cadets,movie,,movie,,,0.0,no_match
STARWARS.xlsx,CANON,407,Obi-Wan & Anakin,Comic (Marvel),2016-05-25 00:00:00,Obi-Wan & Anakin,movie,,movie,,,0.0,no_match
STARWARS.xlsx,CANON,408,Star Wars (2015),Comic (Marvel),2016-05-25 00:00:00,Star Wars (2015),movie,,movie,,,0.0,no_match
STARWARS.xlsx,CANON,409,TK-462,Short Story (Insider),2016-06-07 00:00:00,TK-462,movie,,movie,,,0.0,no_match
STARWARS.xlsx,CANON,410,Poe Dameron,Comic (Marvel),2016-06-08 00:00:00,Poe Dameron,movie,,movie,,,0.0,no_match
STARWARS.xlsx,CANON,411,Escaping the Scrap Pile,Comic Story (Magazine),2016-06-08 00:00:00,Escaping the Scrap Pile,movie,,movie,,,0.0,no_match
STARWARS.xlsx,CANON,412,Darth Vader (2015),Comic (Marvel),2016-06-08 00:00:00,Darth Vader (2015),movie,,movie,,,0.0,no_match
STARWARS.xlsx,CANON,413,Finn and Poe Team Up!,Book (Junior),2016-06-14 00:00:00,Finn and Poe Team Up!,movie,,movie,,,0.0,no_match
STARWARS.xlsx,CANON,414,Han Solo,Comic (Marvel),2016-06-15 00:00:00,Han Solo,movie,,movie,,,0.0,no_match
STARWARS.xlsx,CANON,415,Star Wars (2015),Comic (Marvel),2016-06-15 00:00:00,Star Wars (2015),movie,,movie,,,0.0,no_match
STARWARS.xlsx,CANON,416,The Force Awakens (Adaptation),Comic (Marvel),2016-06-22 00:00:00,The Force Awakens (Adaptation),movie,,movie,,,0.0,no_match
STARWARS.xlsx,CANON,417,Darth Vader (2015),Comic (Marvel),2016-06-29 00:00:00,Darth Vader (2015),movie,,movie,,,0.0,no_match
STARWARS.xlsx,CANON,418,Adventures in Wild Space: The Dark,Novel (Middle-Grade),2016-06-30 00:00:00,Adventures in Wild Space: The Dark,movie,,movie,,,0.0,no_match
STARWARS.xlsx,CANON,419,Adventures in Wild Space: The Steal,Novel (Middle-Grade),2016-06-30 00:00:00,Adventures in Wild Space: The Steal,movie,,movie,,,0.0,no_match
STARWARS.xlsx,CANON,420,Han Solo,Comic (Marvel),2016-07-06 00:00:00,Han Solo,movie,,movie,,,0.0,no_match
STARWARS.xlsx,CANON,421,Poe Dameron,Comic (Marvel),2016-07-06 00:00:00,Poe Dameron,movie,,movie,,,0.0,no_match
STARWARS.xlsx,CANON,422,The Gangsters of Galzez,Comic Story (Magazine),2016-07-06 00:00:00,The Gangsters of Galzez,movie,,movie,,,0.0,no_match
STARWARS.xlsx,CANON,423,Aftermath: Life Debt,Novel,2016-07-12 00:00:00,Aftermath: Life Debt,movie,,movie,,,0.0,no_match
STARWARS.xlsx,CANON,424,Star Wars (2015),Comic (Marvel),2016-07-20 00:00:00,Star Wars (2015),movie,,movie,,,0.0,no_match
STARWARS.xlsx,CANON,425,Darth Vader (2015),Comic (Marvel),2016-07-20 00:00:00,Darth Vader (2015),movie,,movie,,,0.0,no_match
STARWARS.xlsx,CANON,426,The Force Awakens (Adaptation),Comic (Marvel),2016-07-27 00:00:00,The Force Awakens (Adaptation),movie,,movie,,,0.0,no_match
STARWARS.xlsx,CANON,427,Puffer Problems,Comic Story (Magazine),2016-08-03 00:00:00,Puffer Problems,movie,,movie,,,0.0,no_match
STARWARS.xlsx,CANON,428,Darth Vader (2015),Comic (Marvel),2016-08-10 00:00:00,Darth Vader (2015),movie,,movie,,,0.0,no_match
STARWARS.xlsx,CANON,429,Poe Dameron,Comic (Marvel),2016-08-17 00:00:00,Poe Dameron,movie,,movie,,,0.0,no_match
STARWARS.xlsx,CANON,430,The Force Awakens (Adaptation),Comic (Marvel),2016-08-24 00:00:00,The Force Awakens (Adaptation),movie,,movie,,,0.0,no_match
STARWARS.xlsx,CANON,431,Star Wars (2015),Comic (Marvel),2016-08-24 00:00:00,Star Wars (2015),movie,,movie,,,0.0,no_match
STARWARS.xlsx,CANON,432,Han Solo,Comic (Marvel),2016-08-31 00:00:00,Han Solo,movie,,movie,,,0.0,no_match
STARWARS.xlsx,CANON,433,The Thune Cargo,Comic Story (Magazine),2016-08-31 00:00:00,The Thune Cargo,movie,,movie,,,0.0,no_match
STARWARS.xlsx,CANON,434,Poe Dameron,Comic (Marvel),2016-09-07 00:00:00,Poe Dameron,movie,,movie,,,0.0,no_match
STARWARS.xlsx,CANON,435,Blade Squadron: Kuat,Short Story (Insider),2016-09-07 00:00:00,Blade Squadron: Kuat,movie,,movie,,,0.0,no_match
STARWARS.xlsx,CANON,436,Finn's Story,Novel (Middle-Grade),2016-09-13 00:00:00,Finn's Story,movie,,movie,,,0.0,no_match
STARWARS.xlsx,CANON,437,The Force Awakens (Adaptation),Comic (Marvel),2016-09-14 00:00:00,The Force Awakens (Adaptation),movie,,movie,,,0.0,no_match
STARWARS.xlsx,CANON,438,Steps Into Shadow Part 1,TV (Animated),2016-09-24 00:00:00,Steps Into Shadow Part 1,tv,,tv,,,0.0,no_match
STARWARS.xlsx,CANON,439,Steps Into Shadow Part 2,TV (Animated),2016-09-24 00:00:00,Steps Into Shadow Part 2,tv,,tv,,,0.0,no_match
STARWARS.xlsx,CANON,440,Star Wars (2015),Comic (Marvel),2016-09-28 00:00:00,Star Wars (2015),movie,,movie,,,0.0,no_match
STARWARS.xlsx,CANON,441,Always Bet on Chop,Comic Story (Magazine),2016-09-28 00:00:00,Always Bet on Chop,movie,,movie,,,0.0,no_match
STARWARS.xlsx,CANON,442,The Holocrons of Fate,TV (Animated),2016-10-01 00:00:00,The Holocrons of Fate,tv,,tv,,,0.0,no_match
STARWARS.xlsx,CANON,443,The Antilles Extraction,TV (Animated),2016-10-08 00:00:00,The Antilles Extraction,tv,,tv,,,0.0,no_match
STARWARS.xlsx,CANON,444,Ahsoka,Novel (Young Adult),2016-10-11 00:00:00,Ahsoka,movie,,movie,,,0.0,no_match
STARWARS.xlsx,CANON,445,Han Solo,Comic (Marvel),2016-10-12 00:00:00,Han Solo,movie,,movie,,,0.0,no_match
STARWARS.xlsx,CANON,446,The Force Awakens (Adaptation),Comic (Marvel),2016-10-12 00:00:00,The Force Awakens (Adaptation),movie,,movie,,,0.0,no_match
STARWARS.xlsx,CANON,447,Coda,Comic Story (Marvel),2016-10-12 00:00:00,Coda,movie,47542,movie,Peter-No-Tail,1981-12-25,0.1697,review
STARWARS.xlsx,CANON,448,Darth Vader (2015),Comic (Marvel),2016-10-12 00:00:00,Darth Vader (2015),movie,,movie,,,0.0,no_match
STARWARS.xlsx,CANON,449,Hera's Heroes,TV (Animated),2016-10-15 00:00:00,Hera's Heroes,tv,,tv,,,0.0,no_match
STARWARS.xlsx,CANON,450,The Last Battle,TV (Animated),2016-10-22 00:00:00,The Last Battle,tv,,tv,,,0.0,no_match
STARWARS.xlsx,CANON,451,Turning Point,Short Story (Insider),2016-10-25 00:00:00,Turning Point,movie,974356,movie,TNA Turning Point 2016,2016-08-25,0.765,matched
STARWARS.xlsx,CANON,452,BB-8 Finds a Friend,Book (Junior),2016-10-25 00:00:00,BB-8 Finds a Friend,movie,,movie,,,0.0,no_match
STARWARS.xlsx,CANON,453,Poe Dameron,Comic (Marvel),2016-10-26 00:00:00,Poe Dameron,movie,,movie,,,0.0,no_match
STARWARS.xlsx,CANON,454,Star Wars (2015),Comic (Marvel),2016-10-26 00:00:00,Star Wars (2015),movie,,movie,,,0.0,no_match
STARWARS.xlsx,CANON,455,The Second Chance,Comic Story (Magazine),2016-10-26 00:00:00,The Second Chance,movie,,movie,,,0.0,no_match
STARWARS.xlsx,CANON,456,Trapped in the Death Star,Book (Junior),2016-11-01 00:00:00,Trapped in the Death Star,movie,,movie,,,0.0,no_match
STARWARS.xlsx,CANON,457,Imperial Supercommandos,TV (Animated),2016-11-05 00:00:00,Imperial Supercommandos,tv,,tv,,,0.0,no_match
STARWARS.xlsx,CANON,458,The Force Awakens (Adaptation),Comic (Marvel),2016-11-09 00:00:00,The Force Awakens (Adaptation),movie,,movie,,,0.0,no_match
STARWARS.xlsx,CANON,459,Poe Dameron,Comic (Marvel),2016-11-09 00:00:00,Poe Dameron,movie,,movie,,,0.0,no_match
STARWARS.xlsx,CANON,460,Catalyst,Novel,2016-11-15 00:00:00,Catalyst,movie,,movie,,,0.0,no_match
STARWARS.xlsx,CANON,461,Iron Squadron,TV (Animated),2016-11-19 00:00:00,Iron Squadron,tv,,tv,,,0.0,no_match
STARWARS.xlsx,CANON,462,Han Solo,Comic (Marvel),2016-11-23 00:00:00,Han Solo,movie,,movie,,,0.0,no_match
STARWARS.xlsx,CANON,463,Droid Dilemma,Comic Story (Marvel),2016-11-23 00:00:00,Droid Dilemma,movie,,movie,,,0.0,no_match
STARWARS.xlsx,CANON,464,Star Wars (2015),Comic (Marvel),2016-11-23 00:00:00,Star Wars (2015),movie,,movie,,,0.0,no_match
STARWARS.xlsx,CANON,465,The Ballad of 264,Comic Story (Magazine),2016-11-23 00:00:00,The Ballad of 264,movie,,movie,,,0.0,no_match
STARWARS.xlsx,CANON,466,The Wynkahthu Job,TV (Animated),2016-11-26 00:00:00,The Wynkahthu Job,tv,,tv,,,0.0,no_match
STARWARS.xlsx,CANON,467,Star Wars Annual (2015),Comic (Marvel),2016-11-30 00:00:00,Star Wars Annual (2015),movie,,movie,,,0.0,no_match
STARWARS.xlsx,CANON,468,An Inside Man,TV (Animated),2016-12-03 00:00:00,An Inside Man,tv,,tv,,,0.0,no_match
STARWARS.xlsx,CANON,469,Doctor Aphra (2016),Comic (Marvel),2016-12-07 00:00:00,Doctor Aphra (2016),movie,,movie,,,0.0,no_match
STARWARS.xlsx,CANON,470,Visions and Voices,TV (Animated),2016-12-10 00:00:00,Visions and Voices,tv,,tv,,,0.0,no_match
STARWARS.xlsx,CANON,471,Poe Dameron,Comic (Marvel),2016-12-14 00:00:00,Poe Dameron,movie,,movie,,,0.0,no_match
STARWARS.xlsx,CANON,472,The Voice of the Empire,Short Story (Insider),2016-12-16 00:00:00,The Voice of the Empire,movie,,movie,,,0.0,no_match
STARWARS.xlsx,CANON,473,Rogue One: A Junior Novel,Novel (Middle-Grade),2016-12-16 00:00:00,Rogue One: A Junior Novel,movie,,movie,,,0.0,no_match
STARWARS.xlsx,CANON,474,Rogue One: A Star Wars Story,Film,2016-12-16 00:00:00,Rogue One: A Star Wars Story,movie,330459,movie,Rogue One: A Star Wars Story,2016-12-14,0.9543,matched
STARWARS.xlsx,CANON,475,Rogue One: A Star Wars Story Novelization,Novel,2016-12-16 00:00:00,Rogue One: A Star Wars Story Novelization,movie,,movie,,,0.0,no_match
STARWARS.xlsx,CANON,476,Rogue One: Secret Mission,Book (Junior),2016-12-16 00:00:00,Rogue One: Secret Mission,movie,,movie,,,0.0,no_match
STARWARS.xlsx,CANON,477,Doctor Aphra (2016),Comic (Marvel),2016-12-21 00:00:00,Doctor Aphra (2016),movie,,movie,,,0.0,no_match
STARWARS.xlsx,CANON,478,The Line of Duty,Comic Story (Magazine),2016-12-21 00:00:00,The Line of Duty,movie,,movie,,,0.0,no_match
STARWARS.xlsx,CANON,479,Star Wars (2015),Comic (Marvel),2016-12-28 00:00:00,Star Wars (2015),movie,,movie,,,0.0,no_match
STARWARS.xlsx,CANON,480,Rey to the Rescue!,Book (Junior),2017-01-03 00:00:00,Rey to the Rescue!,movie,,movie,,,0.0,no_match
STARWARS.xlsx,CANON,481,The Phantom Menace Read-Along Storybook,Book (Junior),2017-01-03 00:00:00,The Phantom Menace Read-Along Storybook,movie,,movie,,,0.0,no_match
STARWARS.xlsx,CANON,482,Ghosts of Geonosis Part 1,TV (Animated),2017-01-07 00:00:00,Ghosts of Geonosis Part 1,tv,,tv,,,0.0,no_match
STARWARS.xlsx,CANON,483,Ghosts of Geonosis Part 2,TV (Animated),2017-01-07 00:00:00,Ghosts of Geonosis Part 2,tv,,tv,,,0.0,no_match
STARWARS.xlsx,CANON,484,Poe Dameron,Comic (Marvel),2017-01-11 00:00:00,Poe Dameron,movie,,movie,,,0.0,no_match
STARWARS.xlsx,CANON,485,Warhead,TV (Animated),2017-01-14 00:00:00,Warhead,tv,,tv,,,0.0,no_match
STARWARS.xlsx,CANON,486,The Fight in the Forest,Book (Junior),2017-01-17 00:00:00,The Fight in the Forest,movie,,movie,,,0.0,no_match
STARWARS.xlsx,CANON,487,Doctor Aphra (2016),Comic (Marvel),2017-01-18 00:00:00,Doctor Aphra (2016),movie,,movie,,,0.0,no_match
STARWARS.xlsx,CANON,488,A Time to Survive,Comic Story (Magazine),2017-01-18 00:00:00,A Time to Survive,movie,,movie,,,0.0,no_match
STARWARS.xlsx,CANON,489,Trials of the Darksaber,TV (Animated),2017-01-21 00:00:00,Trials of the Darksaber,tv,,tv,,,0.0,no_match
STARWARS.xlsx,CANON,490,Star Wars (2015),Comic (Marvel),2017-01-25 00:00:00,Star Wars (2015),movie,,movie,,,0.0,no_match
STARWARS.xlsx,CANON,491,Darth Maul,Comic (Marvel),2017-02-01 00:00:00,Darth Maul,movie,,movie,,,0.0,no_match
STARWARS.xlsx,CANON,492,Probe Droid Problem,Comic Story (Marvel),2017-02-01 00:00:00,Probe Droid Problem,movie,,movie,,,0.0,no_match
STARWARS.xlsx,CANON,493,Star Wars (2015),Comic (Marvel),2017-02-01 00:00:00,Star Wars (2015),movie,,movie,,,0.0,no_match
STARWARS.xlsx,CANON,494,Attack of the Clones Read-Along Storybook,Book (Junior),2017-02-07 00:00:00,Attack of the Clones Read-Along Storybook,movie,,movie,,,0.0,no_match
STARWARS.xlsx,CANON,495,Doctor Aphra (2016),Comic (Marvel),2017-02-08 00:00:00,Doctor Aphra (2016),movie,,movie,,,0.0,no_match
STARWARS.xlsx,CANON,496,Poe Dameron,Comic (Marvel),2017-02-15 00:00:00,Poe Dameron,movie,,movie,,,0.0,no_match
STARWARS.xlsx,CANON,497,Too Late to Change,Comic Story (Magazine),2017-02-15 00:00:00,Too Late to Change,movie,,movie,,,0.0,no_match
STARWARS.xlsx,CANON,498,Legacy of Mandalore,TV (Animated),2017-02-18 00:00:00,Legacy of Mandalore,tv,,tv,,,0.0,no_match
STARWARS.xlsx,CANON,499,Aftermath: Empire's End,Novel,2017-02-21 00:00:00,Aftermath: Empire's End,movie,,movie,,,0.0,no_match
STARWARS.xlsx,CANON,500,Through Imperial Eyes,TV (Animated),2017-02-25 00:00:00,Through Imperial Eyes,tv,,tv,,,0.0,no_match
STARWARS.xlsx,CANON,501,Star Wars (2015),Comic (Marvel),2017-03-01 00:00:00,Star Wars (2015),movie,,movie,,,0.0,no_match
STARWARS.xlsx,CANON,502,Secret Cargo,TV (Animated),2017-03-04 00:00:00,Secret Cargo,tv,,tv,,,0.0,no_match
STARWARS.xlsx,CANON,503,Join the Resistance,Novel (Middle-Grade),2017-03-07 00:00:00,Join the Resistance,movie,,movie,,,0.0,no_match
STARWARS.xlsx,CANON,504,Revenge of the Sith Read-Along Storybook,Book (Junior),2017-03-07 00:00:00,Revenge of the Sith Read-Along Storybook,movie,,movie,,,0.0,no_match
STARWARS.xlsx,CANON,505,Doctor Aphra (2016),Comic (Marvel),2017-03-08 00:00:00,Doctor Aphra (2016),movie,,movie,,,0.0,no_match
STARWARS.xlsx,CANON,506,Adventures in Wild Space: The Cold,Novel (Middle-Grade),2017-03-09 00:00:00,Adventures in Wild Space: The Cold,movie,,movie,,,0.0,no_match
STARWARS.xlsx,CANON,507,Double Agent Droid,TV (Animated),2017-03-11 00:00:00,Double Agent Droid,tv,,tv,,,0.0,no_match
STARWARS.xlsx,CANON,508,Poe Dameron,Comic (Marvel),2017-03-15 00:00:00,Poe Dameron,movie,,movie,,,0.0,no_match
STARWARS.xlsx,CANON,509,The Size of the Fight,Comic Story (Magazine),2017-03-15 00:00:00,The Size of the Fight,movie,,movie,,,0.0,no_match
STARWARS.xlsx,CANON,510,Twin Suns,TV (Animated),2017-03-18 00:00:00,Twin Suns,tv,,tv,,,0.0,no_match
STARWARS.xlsx,CANON,511,Darth Maul,Comic (Marvel),2017-03-22 00:00:00,Darth Maul,movie,,movie,,,0.0,no_match
STARWARS.xlsx,CANON,512,Zero Hour Part 1,TV (Animated),2017-03-25 00:00:00,Zero Hour Part 1,tv,,tv,,,0.0,no_match
STARWARS.xlsx,CANON,513,Zero Hour Part 2,TV (Animated),2017-03-25 00:00:00,Zero Hour Part 2,tv,,tv,,,0.0,no_match
STARWARS.xlsx,CANON,514,Rogue One (Adaptation),Comic (Marvel),2017-04-05 00:00:00,Rogue One (Adaptation),movie,,movie,,,0.0,no_match
STARWARS.xlsx,CANON,515,Star Wars (2015),Comic (Marvel),2017-04-05 00:00:00,Star Wars (2015),movie,,movie,,,0.0,no_match
STARWARS.xlsx,CANON,516,Blade Squadron: Jakku,Short Story (Insider),2017-04-11 00:00:00,Blade Squadron: Jakku,movie,,movie,,,0.0,no_match
STARWARS.xlsx,CANON,517,A New Hope Big Golden book,Book (Junior),2017-04-11 00:00:00,A New Hope Big Golden book,movie,,movie,,,0.0,no_match
STARWARS.xlsx,CANON,518,Thrawn,Novel,2017-04-11 00:00:00,Thrawn,movie,,movie,,,0.0,no_match
STARWARS.xlsx,CANON,519,Doctor Aphra (2016),Comic (Marvel),2017-04-12 00:00:00,Doctor Aphra (2016),movie,,movie,,,0.0,no_match
STARWARS.xlsx,CANON,520,The Wrong Crowd,Comic Story (Magazine),2017-04-12 00:00:00,The Wrong Crowd,movie,,movie,,,0.0,no_match
STARWARS.xlsx,CANON,521,Poe Dameron,Comic (Marvel),2017-04-19 00:00:00,Poe Dameron,movie,,movie,,,0.0,no_match
STARWARS.xlsx,CANON,522,Darth Maul,Comic (Marvel),2017-04-26 00:00:00,Darth Maul,movie,,movie,,,0.0,no_match
STARWARS.xlsx,CANON,523,Guardians of the Whills,Novel (Middle-Grade),2017-05-02 00:00:00,Guardians of the Whills,movie,,movie,,,0.0,no_match
STARWARS.xlsx,CANON,524,Rebel Rising,Novel (Young Adult),2017-05-02 00:00:00,Rebel Rising,movie,,movie,,,0.0,no_match
STARWARS.xlsx,CANON,525,Trouble on Tatooine,Book (Junior),2017-05-02 00:00:00,Trouble on Tatooine,movie,,movie,,,0.0,no_match
STARWARS.xlsx,CANON,526,Rogue One (Adaptation),Comic (Marvel),2017-05-03 00:00:00,Rogue One (Adaptation),movie,,movie,,,0.0,no_match
STARWARS.xlsx,CANON,527,Poe Dameron,Comic (Marvel),2017-05-03 00:00:00,Poe Dameron,movie,,movie,,,0.0,no_match
STARWARS.xlsx,CANON,528,A New Hope Junior Novelization,Novel (Middle-Grade),2017-05-04 00:00:00,A New Hope Junior Novelization,movie,,movie,,,0.0,no_match
STARWARS.xlsx,CANON,529,The Empire Strikes Back Junior Novelization,Novel (Middle-Grade),2017-05-04 00:00:00,The Empire Strikes Back Junior Novelization,movie,,movie,,,0.0,no_match
STARWARS.xlsx,CANON,530,Return of the Jedi Junior Novelization,Novel (Middle-Grade),2017-05-04 00:00:00,Return of the Jedi Junior Novelization,movie,,movie,,,0.0,no_match
STARWARS.xlsx,CANON,531,Adventures in Wild Space: The Rescue,Novel (Middle-Grade),2017-05-04 00:00:00,Adventures in Wild Space: The Rescue,movie,,movie,,,0.0,no_match
STARWARS.xlsx,CANON,532,Off the Rails,Comic Story (Magazine),2017-05-10 00:00:00,Off the Rails,movie,464684,movie,Off the Rails,2017-07-05,0.9502,matched
STARWARS.xlsx,CANON,533,The Screaming Citadel,Comic (Marvel),2017-05-10 00:00:00,The Screaming Citadel,movie,,movie,,,0.0,no_match
STARWARS.xlsx,CANON,534,Poe Dameron,Comic (Marvel),2017-05-17 00:00:00,Poe Dameron,movie,,movie,,,0.0,no_match
STARWARS.xlsx,CANON,535,Star Wars (2015),Comic (Marvel),2017-05-17 00:00:00,Star Wars (2015),movie,,movie,,,0.0,no_match
STARWARS.xlsx,CANON,536,The Rise of a Hero,Book (Junior),2017-05-30 00:00:00,The Rise of a Hero,movie,,movie,,,0.0,no_match
STARWARS.xlsx,CANON,537,Doctor Aphra (2016),Comic (Marvel),2017-05-31 00:00:00,Doctor Aphra (2016),movie,,movie,,,0.0,no_match
STARWARS.xlsx,CANON,538,Darth Vader: Dark Lord of the Sith,Comic (Marvel),2017-06-07 00:00:00,Darth Vader: Dark Lord of the Sith,movie,,movie,,,0.0,no_match
STARWARS.xlsx,CANON,539,No Good Deed,Comic Story (Marvel),2017-06-07 00:00:00,No Good Deed,movie,558144,movie,Deadpool: No Good Deed,2017-03-03,0.7389,matched
STARWARS.xlsx,CANON,540,Rogue One (Adaptation),Comic (Marvel),2017-06-07 00:00:00,Rogue One (Adaptation),movie,,movie,,,0.0,no_match
STARWARS.xlsx,CANON,541,To Thy Heart Be True,Comic Story (Magazine),2017-06-07 00:00:00,To Thy Heart Be True,movie,,movie,,,0.0,no_match
STARWARS.xlsx,CANON,542,Star Wars (2015),Comic (Marvel),2017-06-14 00:00:00,Star Wars (2015),movie,,movie,,,0.0,no_match
STARWARS.xlsx,CANON,543,Poe Dameron Annual,Comic (Marvel),2017-06-21 00:00:00,Poe Dameron Annual,movie,,movie,,,0.0,no_match
STARWARS.xlsx,CANON,544,Darth Vader: Dark Lord of the Sith,Comic (Marvel),2017-06-21 00:00:00,Darth Vader: Dark Lord of the Sith,movie,,movie,,,0.0,no_match
STARWARS.xlsx,CANON,545,Darth Maul,Comic (Marvel),2017-06-21 00:00:00,Darth Maul,movie,,movie,,,0.0,no_match
STARWARS.xlsx,CANON,546,Doctor Aphra (2016),Comic (Marvel),2017-06-28 00:00:00,Doctor Aphra (2016),movie,,movie,,,0.0,no_match
STARWARS.xlsx,CANON,547,Poe Dameron,Comic (Marvel),2017-06-28 00:00:00,Poe Dameron,movie,,movie,,,0.0,no_match
STARWARS.xlsx,CANON,548,Sands of Jakku,Short (Junior),2017-07-03 00:00:00,Sands of Jakku,movie,,movie,,,0.0,no_match
STARWARS.xlsx,CANON,549,BB-8 Bandits,Short (Junior),2017-07-04 00:00:00,BB-8 Bandits,movie,,movie,,,0.0,no_match
STARWARS.xlsx,CANON,550,Rogue One (Adaptation),Comic (Marvel),2017-07-05 00:00:00,Rogue One (Adaptation),movie,,movie,,,0.0,no_match
STARWARS.xlsx,CANON,551,Star Wars (2015),Comic (Marvel),2017-07-05 00:00:00,Star Wars (2015),movie,,movie,,,0.0,no_match
STARWARS.xlsx,CANON,552,Sons of the Sky,Comic Story (Magazine),2017-07-05 00:00:00,Sons of the Sky,movie,,movie,,,0.0,no_match
STARWARS.xlsx,CANON,553,Ewok Escape,Short (Junior),2017-07-05 00:00:00,Ewok Escape,movie,,movie,,,0.0,no_match
STARWARS.xlsx,CANON,554,The Padawan Path,Short (Junior),2017-07-06 00:00:00,The Padawan Path,movie,,movie,,,0.0,no_match
STARWARS.xlsx,CANON,555,Beasts of Echo Base,Short (Junior),2017-07-07 00:00:00,Beasts of Echo Base,movie,,movie,,,0.0,no_match
STARWARS.xlsx,CANON,556,The Imposter Inside,Short (Junior),2017-07-08 00:00:00,The Imposter Inside,movie,,movie,,,0.0,no_match
STARWARS.xlsx,CANON,557,The Stranger,Short (Junior),2017-07-09 00:00:00,The Stranger,movie,808424,movie,The Stranger,2017-08-05,0.9502,matched
STARWARS.xlsx,CANON,558,Bounty of Trouble,Short (Junior),2017-07-09 00:00:00,Bounty of Trouble,movie,,movie,,,0.0,no_match
STARWARS.xlsx,CANON,559,Captured on Cloud City,Book (Junior),2017-07-11 00:00:00,Captured on Cloud City,movie,,movie,,,0.0,no_match
STARWARS.xlsx,CANON,560,Star Wars Adventures Ashcan,Comic (IDW),2017-07-12 00:00:00,Star Wars Adventures Ashcan,movie,,movie,,,0.0,no_match
STARWARS.xlsx,CANON,561,Darth Vader: Dark Lord of the Sith,Comic (Marvel),2017-07-12 00:00:00,Darth Vader: Dark Lord of the Sith,movie,,movie,,,0.0,no_match
STARWARS.xlsx,CANON,562,Doctor Aphra (2016),Comic (Marvel),2017-07-12 00:00:00,Doctor Aphra (2016),movie,,movie,,,0.0,no_match
STARWARS.xlsx,CANON,563,Darth Maul,Comic (Marvel),2017-07-19 00:00:00,Darth Maul,movie,,movie,,,0.0,no_match
STARWARS.xlsx,CANON,564,Poe Dameron,Comic (Marvel),2017-07-19 00:00:00,Poe Dameron,movie,,movie,,,0.0,no_match
STARWARS.xlsx,CANON,565,Battlefront II: Inferno Squad,Novel,2017-07-25 00:00:00,Battlefront II: Inferno Squad,movie,,movie,,,0.0,no_match
STARWARS.xlsx,CANON,566,Doctor Aphra (2016),Comic (Marvel),2017-07-26 00:00:00,Doctor Aphra (2016),movie,,movie,,,0.0,no_match
STARWARS.xlsx,CANON,567,Darth Vader: Dark Lord of the Sith,Comic (Marvel),2017-08-02 00:00:00,Darth Vader: Dark Lord of the Sith,movie,,movie,,,0.0,no_match
STARWARS.xlsx,CANON,568,Rogue One (Adaptation),Comic (Marvel),2017-08-02 00:00:00,Rogue One (Adaptation),movie,,movie,,,0.0,no_match
STARWARS.xlsx,CANON,569,Final Round,Comic Story (Magazine),2017-08-02 00:00:00,Final Round,movie,594869,movie,RIZIN 9,2017-12-31,0.4701,review
STARWARS.xlsx,CANON,570,Doctor Aphra (2016),Comic (Marvel),2017-08-09 00:00:00,Doctor Aphra (2016),movie,,movie,,,0.0,no_match
STARWARS.xlsx,CANON,571,Poe Dameron,Comic (Marvel),2017-08-16 00:00:00,Poe Dameron,movie,,movie,,,0.0,no_match
STARWARS.xlsx,CANON,572,Star Wars (2015),Comic (Marvel),2017-08-16 00:00:00,Star Wars (2015),movie,,movie,,,0.0,no_match
STARWARS.xlsx,CANON,573,Doctor Aphra Annual,Comic (Marvel),2017-08-23 00:00:00,Doctor Aphra Annual,movie,,movie,,,0.0,no_match
STARWARS.xlsx,CANON,574,The Force Awakens Graphic Novel Adaptation,Graphic Novel,2017-08-29 00:00:00,The Force Awakens Graphic Novel Adaptation,movie,,movie,,,0.0,no_match
STARWARS.xlsx,CANON,575,Jedi of the Republic: Mace Windu,Comic (Marvel),2017-08-30 00:00:00,Jedi of the Republic: Mace Windu,movie,,movie,,,0.0,no_match
STARWARS.xlsx,CANON,576,Star Wars (2015),Comic (Marvel),2017-08-30 00:00:00,Star Wars (2015),movie,,movie,,,0.0,no_match
STARWARS.xlsx,CANON,577,A Youth Unpromising,Comic Story (Magazine),2017-08-30 00:00:00,A Youth Unpromising,movie,,movie,,,0.0,no_match
STARWARS.xlsx,CANON,578,BB-8 on the Run,Book (Junior),2017-09-01 00:00:00,BB-8 on the Run,movie,,movie,,,0.0,no_match
STARWARS.xlsx,CANON,579,Leia: Princess of Alderaan,Novel (Young Adult),2017-09-01 00:00:00,Leia: Princess of Alderaan,movie,,movie,,,0.0,no_match
STARWARS.xlsx,CANON,580,Phasma,Novel,2017-09-01 00:00:00,Phasma,movie,,movie,,,0.0,no_match
STARWARS.xlsx,CANON,581,Captain Phasma,Comic (Marvel),2017-09-06 00:00:00,Captain Phasma,movie,,movie,,,0.0,no_match
STARWARS.xlsx,CANON,582,"Better the Devil You Know, Part I",Comic Story (IDW),2017-09-06 00:00:00,"Better the Devil You Know, Part I",movie,,movie,,,0.0,no_match
STARWARS.xlsx,CANON,583,"Tales from Wild Space: Stop, Thief!",Comic Story (IDW),2017-09-06 00:00:00,"Tales from Wild Space: Stop, Thief!",movie,,movie,,,0.0,no_match
STARWARS.xlsx,CANON,584,Darth Vader: Dark Lord of the Sith,Comic (Marvel),2017-09-06 00:00:00,Darth Vader: Dark Lord of the Sith,movie,,movie,,,0.0,no_match
STARWARS.xlsx,CANON,585,Rogue One (Adaptation),Comic (Marvel),2017-09-06 00:00:00,Rogue One (Adaptation),movie,,movie,,,0.0,no_match
STARWARS.xlsx,CANON,586,Doctor Aphra (2016),Comic (Marvel),2017-09-13 00:00:00,Doctor Aphra (2016),movie,,movie,,,0.0,no_match
STARWARS.xlsx,CANON,587,Star Wars (2015),Comic (Marvel),2017-09-13 00:00:00,Star Wars (2015),movie,,movie,,,0.0,no_match
STARWARS.xlsx,CANON,588,Captain Phasma,Comic (Marvel),2017-09-20 00:00:00,Captain Phasma,movie,,movie,,,0.0,no_match
STARWARS.xlsx,CANON,589,"Better the Devil You Know, Part II",Comic Story (IDW),2017-09-20 00:00:00,"Better the Devil You Know, Part II",movie,,movie,,,0.0,no_match
STARWARS.xlsx,CANON,590,Tales from Wild Space: The Flat Mountain of Yavin,Comic Story (IDW),2017-09-20 00:00:00,Tales from Wild Space: The Flat Mountain of Yavin,movie,,movie,,,0.0,no_match
STARWARS.xlsx,CANON,591,Star Wars Annual (2015),Comic (Marvel),2017-09-20 00:00:00,Star Wars Annual (2015),movie,,movie,,,0.0,no_match
STARWARS.xlsx,CANON,592,Poe Dameron,Comic (Marvel),2017-09-20 00:00:00,Poe Dameron,movie,,movie,,,0.0,no_match
STARWARS.xlsx,CANON,593,Short Negotiations,Short Story (Junior),2017-09-26 00:00:00,Short Negotiations,movie,,movie,,,0.0,no_match
STARWARS.xlsx,CANON,594,Escaping Naboo,Short Story (Junior),2017-09-26 00:00:00,Escaping Naboo,movie,,movie,,,0.0,no_match
STARWARS.xlsx,CANON,595,The Path of a Podracer,Short Story (Junior),2017-09-26 00:00:00,The Path of a Podracer,movie,,movie,,,0.0,no_match
STARWARS.xlsx,CANON,596,A Different Path,Short Story (Junior),2017-09-26 00:00:00,A Different Path,movie,,movie,,,0.0,no_match
STARWARS.xlsx,CANON,597,Droid Attack!,Short Story (Junior),2017-09-26 00:00:00,Droid Attack!,movie,,movie,,,0.0,no_match
STARWARS.xlsx,CANON,598,The Final Fight,Short Story (Junior),2017-09-26 00:00:00,The Final Fight,movie,182127,movie,Ip Man: The Final Fight,2013-03-22,0.6452,matched
STARWARS.xlsx,CANON,599,Ambushed!,Short Story (Junior),2017-09-26 00:00:00,Ambushed!,movie,,movie,,,0.0,no_match
STARWARS.xlsx,CANON,600,The Secret Army,Short Story (Junior),2017-09-26 00:00:00,The Secret Army,movie,,movie,,,0.0,no_match
STARWARS.xlsx,CANON,601,Anakin's Vow,Short Story (Junior),2017-09-26 00:00:00,Anakin's Vow,movie,,movie,,,0.0,no_match
STARWARS.xlsx,CANON,602,A Deadly Plot,Short Story (Junior),2017-09-26 00:00:00,A Deadly Plot,movie,,movie,,,0.0,no_match
STARWARS.xlsx,CANON,603,Into the Arena,Short Story (Junior),2017-09-26 00:00:00,Into the Arena,movie,,movie,,,0.0,no_match
STARWARS.xlsx,CANON,604,The Brink of War,Short Story (Junior),2017-09-26 00:00:00,The Brink of War,movie,,movie,,,0.0,no_match
STARWARS.xlsx,CANON,605,The Duel With Dooku,Short Story (Junior),2017-09-26 00:00:00,The Duel With Dooku,movie,,movie,,,0.0,no_match
STARWARS.xlsx,CANON,606,The Cyborg and the Jedi,Short Story (Junior),2017-09-26 00:00:00,The Cyborg and the Jedi,movie,,movie,,,0.0,no_match
STARWARS.xlsx,CANON,607,Driven to the Dark Side,Short Story (Junior),2017-09-26 00:00:00,Driven to the Dark Side,movie,,movie,,,0.0,no_match
STARWARS.xlsx,CANON,608,Empire Ascendant,Short Story (Junior),2017-09-26 00:00:00,Empire Ascendant,movie,,movie,,,0.0,no_match
STARWARS.xlsx,CANON,609,The Rule of Two,Short Story (Junior),2017-09-26 00:00:00,The Rule of Two,movie,,movie,,,0.0,no_match
STARWARS.xlsx,CANON,610,Darth Vader Rises,Short Story (Junior),2017-09-26 00:00:00,Darth Vader Rises,movie,,movie,,,0.0,no_match
STARWARS.xlsx,CANON,611,Jedi of the Republic: Mace Windu,Comic (Marvel),2017-09-27 00:00:00,Jedi of the Republic: Mace Windu,movie,,movie,,,0.0,no_match
STARWARS.xlsx,CANON,612,Tracker Trouble,Short (Junior),2017-10-01 00:00:00,Tracker Trouble,movie,,movie,,,0.0,no_match
STARWARS.xlsx,CANON,613,"Teach You, I will",Short (Junior),2017-10-01 00:00:00,"Teach You, I will",movie,,movie,,,0.0,no_match
STARWARS.xlsx,CANON,614,The Starfighter Stunt,Short (Junior),2017-10-01 00:00:00,The Starfighter Stunt,movie,,movie,,,0.0,no_match
STARWARS.xlsx,CANON,615,Newest Recruit,Short (Junior),2017-10-01 00:00:00,Newest Recruit,movie,,movie,,,0.0,no_match
STARWARS.xlsx,CANON,616,Raymus,Short Story,2017-10-03 00:00:00,Raymus,movie,,movie,,,0.0,no_match
STARWARS.xlsx,CANON,617,The Bucket,Short Story,2017-10-03 00:00:00,The Bucket,movie,1077783,movie,Before I Kick the Bucket,2017-02-22,0.6536,matched
STARWARS.xlsx,CANON,618,The Sith of Datawork,Short Story,2017-10-03 00:00:00,The Sith of Datawork,movie,,movie,,,0.0,no_match
STARWARS.xlsx,CANON,619,Stories in the Sand,Short Story,2017-10-03 00:00:00,Stories in the Sand,movie,,movie,,,0.0,no_match
STARWARS.xlsx,CANON,620,Reirin,Short Story,2017-10-03 00:00:00,Reirin,movie,,movie,,,0.0,no_match
STARWARS.xlsx,CANON,621,The Red One,Short Story,2017-10-03 00:00:00,The Red One,movie,,movie,,,0.0,no_match
STARWARS.xlsx,CANON,622,Rites,Short Story,2017-10-03 00:00:00,Rites,movie,810025,movie,Civil Rites,2017-09-10,0.6803,matched
STARWARS.xlsx,CANON,623,Master and Apprentice,Short Story,2017-10-03 00:00:00,Master and Apprentice,movie,,movie,,,0.0,no_match
STARWARS.xlsx,CANON,624,Beru Whitesun Lars,Short Story,2017-10-03 00:00:00,Beru Whitesun Lars,movie,,movie,,,0.0,no_match
STARWARS.xlsx,CANON,625,The Luckless Rodian,Short Story,2017-10-03 00:00:00,The Luckless Rodian,movie,,movie,,,0.0,no_match
STARWARS.xlsx,CANON,626,Not For Nothing,Short Story,2017-10-03 00:00:00,Not For Nothing,movie,,movie,,,0.0,no_match
STARWARS.xlsx,CANON,627,We Don't Serve Their Kind Here,Short Story,2017-10-03 00:00:00,We Don't Serve Their Kind Here,movie,,movie,,,0.0,no_match
STARWARS.xlsx,CANON,628,The Kloo Horn Cantina Caper,Short Story,2017-10-03 00:00:00,The Kloo Horn Cantina Caper,movie,,movie,,,0.0,no_match
STARWARS.xlsx,CANON,629,Added Muscle,Short Story,2017-10-03 00:00:00,Added Muscle,movie,,movie,,,0.0,no_match
STARWARS.xlsx,CANON,630,You Owe Me a Ride,Short Story,2017-10-03 00:00:00,You Owe Me a Ride,movie,,movie,,,0.0,no_match
STARWARS.xlsx,CANON,631,The Secrets of Long Snoot,Short Story,2017-10-03 00:00:00,The Secrets of Long Snoot,movie,,movie,,,0.0,no_match
STARWARS.xlsx,CANON,632,Born in the Storm,Short Story,2017-10-03 00:00:00,Born in the Storm,movie,,movie,,,0.0,no_match
STARWARS.xlsx,CANON,633,Laina,Short Story,2017-10-03 00:00:00,Laina,movie,,movie,,,0.0,no_match
STARWARS.xlsx,CANON,634,Fully Operational,Short Story,2017-10-03 00:00:00,Fully Operational,movie,,movie,,,0.0,no_match
STARWARS.xlsx,CANON,635,An Incident Report,Short Story,2017-10-03 00:00:00,An Incident Report,movie,,movie,,,0.0,no_match
STARWARS.xlsx,CANON,636,Change of Heart,Short Story,2017-10-03 00:00:00,Change of Heart,movie,511624,movie,A Change of Heart,2017-03-10,0.9054,matched
STARWARS.xlsx,CANON,637,Eclipse,Short Story,2017-10-03 00:00:00,Eclipse,movie,439825,movie,Eclipse,2017-02-05,0.9506,matched
STARWARS.xlsx,CANON,638,Verge of Greatness,Short Story,2017-10-03 00:00:00,Verge of Greatness,movie,,movie,,,0.0,no_match
STARWARS.xlsx,CANON,639,Far Too Remote,Short Story,2017-10-03 00:00:00,Far Too Remote,movie,,movie,,,0.0,no_match
STARWARS.xlsx,CANON,640,The Trigger,Short Story,2017-10-03 00:00:00,The Trigger,movie,,movie,,,0.0,no_match
STARWARS.xlsx,CANON,641,Of MSE-6 and Men,Short Story,2017-10-03 00:00:00,Of MSE-6 and Men,movie,,movie,,,0.0,no_match
STARWARS.xlsx,CANON,642,Bump,Short Story,2017-10-03 00:00:00,Bump,movie,716809,movie,Bumper,2017-02-09,0.8062,matched
STARWARS.xlsx,CANON,643,End of Watch,Short Story,2017-10-03 00:00:00,End of Watch,movie,,movie,,,0.0,no_match
STARWARS.xlsx,CANON,644,The Baptist,Short Story,2017-10-03 00:00:00,The Baptist,movie,,movie,,,0.0,no_match
STARWARS.xlsx,CANON,645,Time of Death,Short Story,2017-10-03 00:00:00,Time of Death,movie,469679,movie,Eagles of Death Metal - I Love You All The Time: Live At The Olympia in Paris,2017-08-04,0.3901,review
STARWARS.xlsx,CANON,646,There is Another,Short Story,2017-10-03 00:00:00,There is Another,movie,,movie,,,0.0,no_match
STARWARS.xlsx,CANON,647,Palpatine,Short Story,2017-10-03 00:00:00,Palpatine,movie,,movie,,,0.0,no_match
STARWARS.xlsx,CANON,648,Sparks,Short Story,2017-10-03 00:00:00,Sparks,movie,876014,movie,Sparks,2017-09-01,0.9501,matched
STARWARS.xlsx,CANON,649,Duty Roster,Short Story,2017-10-03 00:00:00,Duty Roster,movie,,movie,,,0.0,no_match
STARWARS.xlsx,CANON,650,Desert Son,Short Story,2017-10-03 00:00:00,Desert Son,movie,310119,movie,Last Days in the Desert,2016-05-13,0.4542,review
STARWARS.xlsx,CANON,651,Grounded,Short Story,2017-10-03 00:00:00,Grounded,movie,,movie,,,0.0,no_match
STARWARS.xlsx,CANON,652,Contingency Plan,Short Story,2017-10-03 00:00:00,Contingency Plan,movie,,movie,,,0.0,no_match
STARWARS.xlsx,CANON,653,The Angle,Short Story,2017-10-03 00:00:00,The Angle,movie,419140,movie,The Blind Spot,2017-01-25,0.5433,review
STARWARS.xlsx,CANON,654,By Whatever Sun,Short Story,2017-10-03 00:00:00,By Whatever Sun,movie,,movie,,,0.0,no_match
STARWARS.xlsx,CANON,655,Whills,Short Story,2017-10-03 00:00:00,Whills,movie,,movie,,,0.0,no_match
STARWARS.xlsx,CANON,656,Join the Resistance: Escape from Vodran,Novel (Middle-Grade),2017-10-03 00:00:00,Join the Resistance: Escape from Vodran,movie,,movie,,,0.0,no_match
STARWARS.xlsx,CANON,657,Captain Phasma,Comic (Marvel),2017-10-04 00:00:00,Captain Phasma,movie,,movie,,,0.0,no_match
STARWARS.xlsx,CANON,658,Darth Vader: Dark Lord of the Sith,Comic (Marvel),2017-10-04 00:00:00,Darth Vader: Dark Lord of the Sith,movie,,movie,,,0.0,no_match
STARWARS.xlsx,CANON,659,The Sand Will Provide,Comic Story (Marvel),2017-10-04 00:00:00,The Sand Will Provide,movie,,movie,,,0.0,no_match
STARWARS.xlsx,CANON,660,Star Wars (2015),Comic (Marvel),2017-10-04 00:00:00,Star Wars (2015),movie,,movie,,,0.0,no_match
STARWARS.xlsx,CANON,661,The Legends of Luke Skywalker,Novel (Middle-Grade),2017-10-05 00:00:00,The Legends of Luke Skywalker,movie,,movie,,,0.0,no_match
STARWARS.xlsx,CANON,662,Doctor Aphra (2016),Comic (Marvel),2017-10-11 00:00:00,Doctor Aphra (2016),movie,,movie,,,0.0,no_match
STARWARS.xlsx,CANON,663,Heroes of Mandalore Part 1,TV (Animated),2017-10-16 00:00:00,Heroes of Mandalore Part 1,tv,,tv,,,0.0,no_match
STARWARS.xlsx,CANON,664,Heroes of Mandalore Part 2,TV (Animated),2017-10-16 00:00:00,Heroes of Mandalore Part 2,tv,,tv,,,0.0,no_match
STARWARS.xlsx,CANON,665,Pest Control,Comic Story (IDW),2017-10-18 00:00:00,Pest Control,movie,,movie,,,0.0,no_match
STARWARS.xlsx,CANON,666,Tales from Wild Space: Adventures in Wookiee-Sitting,Comic Story (IDW),2017-10-18 00:00:00,Tales from Wild Space: Adventures in Wookiee-Sitting,movie,,movie,,,0.0,no_match
STARWARS.xlsx,CANON,667,Captain Phasma,Comic (Marvel),2017-10-18 00:00:00,Captain Phasma,movie,,movie,,,0.0,no_match
STARWARS.xlsx,CANON,668,Poe Dameron,Comic (Marvel),2017-10-18 00:00:00,Poe Dameron,movie,,movie,,,0.0,no_match
STARWARS.xlsx,CANON,669,In the Name of the Rebellion Part 1,TV (Animated),2017-10-23 00:00:00,In the Name of the Rebellion Part 1,tv,,tv,,,0.0,no_match
STARWARS.xlsx,CANON,670,In the Name of the Rebellion Part 2,TV (Animated),2017-10-23 00:00:00,In the Name of the Rebellion Part 2,tv,,tv,,,0.0,no_match
STARWARS.xlsx,CANON,671,Jedi of the Republic: Mace Windu,Comic (Marvel),2017-10-25 00:00:00,Jedi of the Republic: Mace Windu,movie,,movie,,,0.0,no_match
STARWARS.xlsx,CANON,672,Fifth and Final,Comic Story (Magazine),2017-10-25 00:00:00,Fifth and Final,movie,,movie,,,0.0,no_match
STARWARS.xlsx,CANON,673,Accidental Allies,Short (Junior),2017-10-29 00:00:00,Accidental Allies,movie,,movie,,,0.0,no_match
STARWARS.xlsx,CANON,674,An Imperial Feast,Short (Junior),2017-10-29 00:00:00,An Imperial Feast,movie,,movie,,,0.0,no_match
STARWARS.xlsx,CANON,675,The Happabore Hazard,Short (Junior),2017-10-29 00:00:00,The Happabore Hazard,movie,,movie,,,0.0,no_match
STARWARS.xlsx,CANON,676,Crash Course,Short (Junior),2017-10-29 00:00:00,Crash Course,movie,,movie,,,0.0,no_match
STARWARS.xlsx,CANON,677,The Occupation,TV (Animated),2017-10-30 00:00:00,The Occupation,tv,,tv,,,0.0,no_match
STARWARS.xlsx,CANON,678,Flight of the Defender,TV (Animated),2017-10-30 00:00:00,Flight of the Defender,tv,,tv,,,0.0,no_match
STARWARS.xlsx,CANON,679,Darth Vader: Dark Lord of the Sith,Comic (Marvel),2017-11-01 00:00:00,Darth Vader: Dark Lord of the Sith,movie,,movie,,,0.0,no_match
STARWARS.xlsx,CANON,680,Kindred,TV (Animated),2017-11-06 00:00:00,Kindred,tv,,tv,,,0.0,no_match
STARWARS.xlsx,CANON,681,Crawler Commandeers,TV (Animated),2017-11-06 00:00:00,Crawler Commandeers,tv,,tv,,,0.0,no_match
STARWARS.xlsx,CANON,682,Star Wars (2015),Comic (Marvel),2017-11-08 00:00:00,Star Wars (2015),movie,,movie,,,0.0,no_match
STARWARS.xlsx,CANON,683,Rebel Assault,TV (Animated),2017-11-13 00:00:00,Rebel Assault,tv,,tv,,,0.0,no_match
STARWARS.xlsx,CANON,684,Darth Vader: Dark Lord of the Sith,Comic (Marvel),2017-11-15 00:00:00,Darth Vader: Dark Lord of the Sith,movie,,movie,,,0.0,no_match
STARWARS.xlsx,CANON,685,Doctor Aphra (2016),Comic (Marvel),2017-11-15 00:00:00,Doctor Aphra (2016),movie,,movie,,,0.0,no_match
STARWARS.xlsx,CANON,686,The Battle of Endor,Video Game,2017-11-17 00:00:00,The Battle of Endor,movie,,movie,,,0.0,no_match
STARWARS.xlsx,CANON,687,The Battle of Jakku,Video Game,2017-11-17 00:00:00,The Battle of Jakku,movie,,movie,,,0.0,no_match
STARWARS.xlsx,CANON,688,Until Ashes,Video Game,2017-11-17 00:00:00,Until Ashes,movie,,movie,,,0.0,no_match
STARWARS.xlsx,CANON,689,Discoveries,Video Game,2017-11-17 00:00:00,Discoveries,movie,521107,movie,Unexpected Discoveries,2017-11-16,0.7101,matched
STARWARS.xlsx,CANON,690,The Dauntless,Video Game,2017-11-17 00:00:00,The Dauntless,movie,,movie,,,0.0,no_match
STARWARS.xlsx,CANON,691,The Observatory,Video Game,2017-11-17 00:00:00,The Observatory,movie,,movie,,,0.0,no_match
STARWARS.xlsx,CANON,692,The Storm,Video Game,2017-11-17 00:00:00,The Storm,movie,462916,movie,The Storm,2017-06-21,0.9501,matched
STARWARS.xlsx,CANON,693,The Outcasts,Video Game,2017-11-17 00:00:00,The Outcasts,movie,306943,movie,The Outcasts,2017-04-14,0.9506,matched
STARWARS.xlsx,CANON,694,Royalty,Video Game,2017-11-17 00:00:00,Royalty,movie,,movie,,,0.0,no_match
STARWARS.xlsx,CANON,695,General Distress,Video Game,2017-11-17 00:00:00,General Distress,movie,,movie,,,0.0,no_match
STARWARS.xlsx,CANON,696,Under Covered Skies,Video Game,2017-11-17 00:00:00,Under Covered Skies,movie,,movie,,,0.0,no_match
STARWARS.xlsx,CANON,697,Cache Grab,Video Game,2017-11-17 00:00:00,Cache Grab,movie,,movie,,,0.0,no_match
STARWARS.xlsx,CANON,698,Star Wars (2015),Comic (Marvel),2017-11-22 00:00:00,Star Wars (2015),movie,,movie,,,0.0,no_match
STARWARS.xlsx,CANON,699,Jedi of the Republic: Mace Windu,Comic (Marvel),2017-11-29 00:00:00,Jedi of the Republic: Mace Windu,movie,,movie,,,0.0,no_match
STARWARS.xlsx,CANON,700,The Trouble at Tibrin,Comic Story (IDW),2017-11-29 00:00:00,The Trouble at Tibrin,movie,,movie,,,0.0,no_match
STARWARS.xlsx,CANON,701,Tales from Wild Space: Mattis Makes a Stand,Comic Story (IDW),2017-11-29 00:00:00,Tales from Wild Space: Mattis Makes a Stand,movie,,movie,,,0.0,no_match
STARWARS.xlsx,CANON,702,Poe Dameron,Comic (Marvel),2017-11-29 00:00:00,Poe Dameron,movie,,movie,,,0.0,no_match
STARWARS.xlsx,CANON,703,Rules of the Game,Short Story,2017-12-05 00:00:00,Rules of the Game,movie,776,movie,The Rules of the Game,1939-07-09,0.645,matched
STARWARS.xlsx,CANON,704,"Hear Nothing, See Nothing, Say Nothing",Short Story,2017-12-05 00:00:00,"Hear Nothing, See Nothing, Say Nothing",movie,,movie,,,0.0,no_match
STARWARS.xlsx,CANON,705,The Wine in Dreams,Short Story,2017-12-05 00:00:00,The Wine in Dreams,movie,,movie,,,0.0,no_match
STARWARS.xlsx,CANON,706,The Ride,Short Story,2017-12-05 00:00:00,The Ride,movie,453278,movie,The Rider,2018-03-28,0.87,matched
STARWARS.xlsx,CANON,707,Darth Vader: Dark Lord of the Sith,Comic (Marvel),2017-12-06 00:00:00,Darth Vader: Dark Lord of the Sith,movie,,movie,,,0.0,no_match
STARWARS.xlsx,CANON,708,Rogue One Graphic Novel,Graphic Novel,2017-12-12 00:00:00,Rogue One Graphic Novel,movie,,movie,,,0.0,no_match
STARWARS.xlsx,CANON,709,Star Wars (2015),Comic (Marvel),2017-12-13 00:00:00,Star Wars (2015),movie,,movie,,,0.0,no_match
STARWARS.xlsx,CANON,710,Until Ashes,Video Game,2017-12-13 00:00:00,Until Ashes,movie,,movie,,,0.0,no_match
STARWARS.xlsx,CANON,711,Ashes of the Empire,Video Game,2017-12-13 00:00:00,Ashes of the Empire,movie,,movie,,,0.0,no_match
STARWARS.xlsx,CANON,712,Inferno,Video Game,2017-12-13 00:00:00,Inferno,movie,207932,movie,Inferno,2016-10-13,0.914,matched
STARWARS.xlsx,CANON,713,Short Negotiations,Short Story (Junior),2017-12-15 00:00:00,Short Negotiations,movie,,movie,,,0.0,no_match
STARWARS.xlsx,CANON,714,Adventure in the Arena,Short Story (Junior),2017-12-15 00:00:00,Adventure in the Arena,movie,,movie,,,0.0,no_match
STARWARS.xlsx,CANON,715,The Duel for Peace,Short Story (Junior),2017-12-15 00:00:00,The Duel for Peace,movie,,movie,,,0.0,no_match
STARWARS.xlsx,CANON,716,A Journey Begins,Short Story (Junior),2017-12-15 00:00:00,A Journey Begins,movie,,movie,,,0.0,no_match
STARWARS.xlsx,CANON,717,Trapped in the Death Star,Short Story (Junior),2017-12-15 00:00:00,Trapped in the Death Star,movie,,movie,,,0.0,no_match
STARWARS.xlsx,CANON,718,Clash at Cloud City,Short Story (Junior),2017-12-15 00:00:00,Clash at Cloud City,movie,,movie,,,0.0,no_match
STARWARS.xlsx,CANON,719,Death Star Battle,Short Story (Junior),2017-12-15 00:00:00,Death Star Battle,movie,,movie,,,0.0,no_match
STARWARS.xlsx,CANON,720,Finn and Poe Team Up!,Short Story (Junior),2017-12-15 00:00:00,Finn and Poe Team Up!,movie,,movie,,,0.0,no_match
STARWARS.xlsx,CANON,721,Mission to Maz,Short Story (Junior),2017-12-15 00:00:00,Mission to Maz,movie,,movie,,,0.0,no_match
STARWARS.xlsx,CANON,722,The Fight in the Forest,Short Story (Junior),2017-12-15 00:00:00,The Fight in the Forest,movie,,movie,,,0.0,no_match
STARWARS.xlsx,CANON,723,Poe's Plan,Short Story (Junior),2017-12-15 00:00:00,Poe's Plan,movie,,movie,,,0.0,no_match
STARWARS.xlsx,CANON,724,Captured in Canto Bight,Short Story (Junior),2017-12-15 00:00:00,Captured in Canto Bight,movie,,movie,,,0.0,no_match
STARWARS.xlsx,CANON,725,Chewie and the Porgs,Book (Junior),2017-12-15 00:00:00,Chewie and the Porgs,movie,,movie,,,0.0,no_match
STARWARS.xlsx,CANON,726,Rey's Journey,Book (Junior),2017-12-15 00:00:00,Rey's Journey,movie,,movie,,,0.0,no_match
STARWARS.xlsx,CANON,727,Rose and Finn's Secret Mission,Book (Junior),2017-12-15 00:00:00,Rose and Finn's Secret Mission,movie,,movie,,,0.0,no_match
STARWARS.xlsx,CANON,728,Star Wars Episode VIII: The Last Jedi,Film,2017-12-15 00:00:00,Star Wars Episode VIII: The Last Jedi,movie,181808,movie,Star Wars: The Last Jedi,2017-12-13,0.8034,matched
STARWARS.xlsx,CANON,729,The Last Jedi: Cobalt Squadron,Novel (Middle-Grade),2017-12-15 00:00:00,The Last Jedi: Cobalt Squadron,movie,,movie,,,0.0,no_match
STARWARS.xlsx,CANON,730,The Ghost Ship,Comic Story (IDW),2017-12-20 00:00:00,The Ghost Ship,movie,452909,movie,In the Wake of Ghost Ship,2017-04-19,0.7471,matched
STARWARS.xlsx,CANON,731,Destroyer Down,Comic Story (IDW),2017-12-20 00:00:00,Destroyer Down,movie,,movie,,,0.0,no_match
STARWARS.xlsx,CANON,732,Doctor Aphra (2016),Comic (Marvel),2017-12-20 00:00:00,Doctor Aphra (2016),movie,,movie,,,0.0,no_match
STARWARS.xlsx,CANON,733,Poe Dameron,Comic (Marvel),2017-12-20 00:00:00,Poe Dameron,movie,,movie,,,0.0,no_match
STARWARS.xlsx,CANON,734,Never Far Behind,Comic Story (Magazine),2017-12-20 00:00:00,Never Far Behind,movie,,movie,,,0.0,no_match
STARWARS.xlsx,CANON,735,Jedi of the Republic: Mace Windu,Comic (Marvel),2017-12-27 00:00:00,Jedi of the Republic: Mace Windu,movie,,movie,,,0.0,no_match
STARWARS.xlsx,CANON,736,"The Trouble at Tibrin, Part II",Comic Story (IDW),2017-12-27 00:00:00,"The Trouble at Tibrin, Part II",movie,,movie,,,0.0,no_match
STARWARS.xlsx,CANON,737,Tales from Wild Space: The Best Pet,Comic Story (IDW),2017-12-27 00:00:00,Tales from Wild Space: The Best Pet,movie,,movie,,,0.0,no_match
STARWARS.xlsx,CANON,738,The Storms of Crait,Comic (Marvel),2017-12-27 00:00:00,The Storms of Crait,movie,,movie,,,0.0,no_match
STARWARS.xlsx,CANON,739,Forces of Destiny: The Leia Chronicles,Book (Junior),2018-01-02 00:00:00,Forces of Destiny: The Leia Chronicles,movie,,movie,,,0.0,no_match
STARWARS.xlsx,CANON,740,Star Wars (2015),Comic (Marvel),2018-01-03 00:00:00,Star Wars (2015),movie,,movie,,,0.0,no_match
STARWARS.xlsx,CANON,741,Forces of Destiny - Leia,Comic (IDW),2018-01-03 00:00:00,Forces of Destiny - Leia,movie,,movie,,,0.0,no_match
STARWARS.xlsx,CANON,742,Darth Vader: Dark Lord of the Sith,Comic (Marvel),2018-01-10 00:00:00,Darth Vader: Dark Lord of the Sith,movie,,movie,,,0.0,no_match
STARWARS.xlsx,CANON,743,Forces of Destiny - Rey,Comic (IDW),2018-01-10 00:00:00,Forces of Destiny - Rey,movie,,movie,,,0.0,no_match
STARWARS.xlsx,CANON,744,Rose Knows,Comic Story (IDW),2018-01-17 00:00:00,Rose Knows,movie,,movie,,,0.0,no_match
STARWARS.xlsx,CANON,745,Tales from Wild Space: Podracer's Rescue,Comic Story (IDW),2018-01-17 00:00:00,Tales from Wild Space: Podracer's Rescue,movie,,movie,,,0.0,no_match
STARWARS.xlsx,CANON,746,Star Wars (2015),Comic (Marvel),2018-01-17 00:00:00,Star Wars (2015),movie,,movie,,,0.0,no_match
STARWARS.xlsx,CANON,747,Forces of Destiny: Hera,Comic (IDW),2018-01-17 00:00:00,Forces of Destiny: Hera,movie,,movie,,,0.0,no_match
STARWARS.xlsx,CANON,748,Poe Dameron,Comic (Marvel),2018-01-24 00:00:00,Poe Dameron,movie,,movie,,,0.0,no_match
STARWARS.xlsx,CANON,749,Forces of Destiny - Ahsoka & Padmé,Comic (IDW),2018-01-24 00:00:00,Forces of Destiny - Ahsoka & Padmé,movie,,movie,,,0.0,no_match
STARWARS.xlsx,CANON,750,DJ: Most Wanted,Comic (Marvel),2018-01-31 00:00:00,DJ: Most Wanted,movie,,movie,,,0.0,no_match
STARWARS.xlsx,CANON,751,Doctor Aphra (2016),Comic (Marvel),2018-01-31 00:00:00,Doctor Aphra (2016),movie,,movie,,,0.0,no_match
STARWARS.xlsx,CANON,752,Forces of Destiny - Rose & Paige,Comic (IDW),2018-01-31 00:00:00,Forces of Destiny - Rose & Paige,movie,,movie,,,0.0,no_match
STARWARS.xlsx,CANON,753,Star Wars (2015),Comic (Marvel),2018-02-07 00:00:00,Star Wars (2015),movie,,movie,,,0.0,no_match
STARWARS.xlsx,CANON,754,Thrawn (Adaptation),Comic (Marvel),2018-02-14 00:00:00,Thrawn (Adaptation),movie,,movie,,,0.0,no_match
STARWARS.xlsx,CANON,755,Darth Vader: Dark Lord of the Sith,Comic (Marvel),2018-02-14 00:00:00,Darth Vader: Dark Lord of the Sith,movie,,movie,,,0.0,no_match
STARWARS.xlsx,CANON,756,Poe Dameron,Comic (Marvel),2018-02-14 00:00:00,Poe Dameron,movie,,movie,,,0.0,no_match
STARWARS.xlsx,CANON,757,Jedi Night,TV (Animated),2018-02-19 00:00:00,Jedi Night,tv,,tv,,,0.0,no_match
STARWARS.xlsx,CANON,758,Dume,TV (Animated),2018-02-19 00:00:00,Dume,tv,,tv,,,0.0,no_match
STARWARS.xlsx,CANON,759,Doctor Aphra (2016),Comic (Marvel),2018-02-21 00:00:00,Doctor Aphra (2016),movie,,movie,,,0.0,no_match
STARWARS.xlsx,CANON,760,Wolves and a Door,TV (Animated),2018-02-26 00:00:00,Wolves and a Door,tv,,tv,,,0.0,no_match
STARWARS.xlsx,CANON,761,A World Between Worlds,TV (Animated),2018-02-26 00:00:00,A World Between Worlds,tv,,tv,,,0.0,no_match
STARWARS.xlsx,CANON,762,Darth Vader: Dark Lord of the Sith,Comic (Marvel),2018-02-28 00:00:00,Darth Vader: Dark Lord of the Sith,movie,,movie,,,0.0,no_match
STARWARS.xlsx,CANON,763,A Fool's Hope,TV (Animated),2018-03-05 00:00:00,A Fool's Hope,tv,,tv,,,0.0,no_match
STARWARS.xlsx,CANON,764,Family Reunion - and Farewell,TV (Animated),2018-03-05 00:00:00,Family Reunion - and Farewell,tv,,tv,,,0.0,no_match
STARWARS.xlsx,CANON,765,Forces of Destiny: The Rey Chronicles,Book (Junior),2018-03-06 00:00:00,Forces of Destiny: The Rey Chronicles,movie,,movie,,,0.0,no_match
STARWARS.xlsx,CANON,766,The Last Jedi Read-Along Storybook and CD,Book (Junior),2018-03-06 00:00:00,The Last Jedi Read-Along Storybook and CD,movie,,movie,,,0.0,no_match
STARWARS.xlsx,CANON,767,The Last Jedi Storybook,Book (Junior),2018-03-06 00:00:00,The Last Jedi Storybook,movie,,movie,,,0.0,no_match
STARWARS.xlsx,CANON,768,The Last Jedi: A Junior Novel,Novel (Middle-Grade),2018-03-06 00:00:00,The Last Jedi: A Junior Novel,movie,,movie,,,0.0,no_match
STARWARS.xlsx,CANON,769,The Last Jedi: Expanded Edition,Novel,2018-03-06 00:00:00,The Last Jedi: Expanded Edition,movie,,movie,,,0.0,no_match
STARWARS.xlsx,CANON,770,"Endangered, Part 1",Comic Story (IDW),2018-03-07 00:00:00,"Endangered, Part 1",movie,,movie,,,0.0,no_match
STARWARS.xlsx,CANON,771,Tales from Wild Space: Look Before You Leap,Comic Story (IDW),2018-03-07 00:00:00,Tales from Wild Space: Look Before You Leap,movie,,movie,,,0.0,no_match
STARWARS.xlsx,CANON,772,Star Wars (2015),Comic (Marvel),2018-03-07 00:00:00,Star Wars (2015),movie,,movie,,,0.0,no_match
STARWARS.xlsx,CANON,773,Thrawn (Adaptation),Comic (Marvel),2018-03-14 00:00:00,Thrawn (Adaptation),movie,,movie,,,0.0,no_match
STARWARS.xlsx,CANON,774,Darth Vader: Dark Lord of the Sith,Comic (Marvel),2018-03-14 00:00:00,Darth Vader: Dark Lord of the Sith,movie,,movie,,,0.0,no_match
STARWARS.xlsx,CANON,775,Unexpected Company,Short (Junior),2018-03-19 00:00:00,Unexpected Company,movie,,movie,,,0.0,no_match
STARWARS.xlsx,CANON,776,Hasty Departure,Short (Junior),2018-03-19 00:00:00,Hasty Departure,movie,,movie,,,0.0,no_match
STARWARS.xlsx,CANON,777,Shuttle Shock,Short (Junior),2018-03-19 00:00:00,Shuttle Shock,movie,,movie,,,0.0,no_match
STARWARS.xlsx,CANON,778,Jyn's Trade,Short (Junior),2018-03-19 00:00:00,Jyn's Trade,movie,,movie,,,0.0,no_match
STARWARS.xlsx,CANON,779,Run Rey Run,Short (Junior),2018-03-19 00:00:00,Run Rey Run,movie,,movie,,,0.0,no_match
STARWARS.xlsx,CANON,780,Bounty Hunted,Short (Junior),2018-03-19 00:00:00,Bounty Hunted,movie,,movie,,,0.0,no_match
STARWARS.xlsx,CANON,781,The Path Ahead,Short (Junior),2018-03-19 00:00:00,The Path Ahead,movie,,movie,,,0.0,no_match
STARWARS.xlsx,CANON,782,Porg Problems,Short (Junior),2018-03-19 00:00:00,Porg Problems,movie,,movie,,,0.0,no_match
STARWARS.xlsx,CANON,783,Poe Dameron,Comic (Marvel),2018-03-21 00:00:00,Poe Dameron,movie,,movie,,,0.0,no_match
STARWARS.xlsx,CANON,784,Star Wars (2015),Comic (Marvel),2018-03-21 00:00:00,Star Wars (2015),movie,,movie,,,0.0,no_match
STARWARS.xlsx,CANON,785,"Endangered, Part 2",Comic Story (IDW),2018-03-28 00:00:00,"Endangered, Part 2",movie,,movie,,,0.0,no_match
STARWARS.xlsx,CANON,786,Tales from Wild Space: Gonk!,Comic Story (IDW),2018-03-28 00:00:00,Tales from Wild Space: Gonk!,movie,,movie,,,0.0,no_match
STARWARS.xlsx,CANON,787,Doctor Aphra (2016),Comic (Marvel),2018-03-28 00:00:00,Doctor Aphra (2016),movie,,movie,,,0.0,no_match
STARWARS.xlsx,CANON,788,Star Wars (2015),Comic (Marvel),2018-04-04 00:00:00,Star Wars (2015),movie,,movie,,,0.0,no_match
STARWARS.xlsx,CANON,789,Thrawn (Adaptation),Comic (Marvel),2018-04-11 00:00:00,Thrawn (Adaptation),movie,,movie,,,0.0,no_match
STARWARS.xlsx,CANON,790,Darth Vader: Dark Lord of the Sith,Comic (Marvel),2018-04-11 00:00:00,Darth Vader: Dark Lord of the Sith,movie,,movie,,,0.0,no_match
STARWARS.xlsx,CANON,791,Choose Your Destiny: A Han & Chewie Adventure,Novel (Middle-Grade),2018-04-17 00:00:00,Choose Your Destiny: A Han & Chewie Adventure,movie,,movie,,,0.0,no_match
STARWARS.xlsx,CANON,792,Last Shot,Novel,2018-04-17 00:00:00,Last Shot,movie,,movie,,,0.0,no_match
STARWARS.xlsx,CANON,793,The Lost Eggs of Livorno,Comic Story (IDW),2018-04-18 00:00:00,The Lost Eggs of Livorno,movie,,movie,,,0.0,no_match
STARWARS.xlsx,CANON,794,Mind Your Manners,Comic Story (IDW),2018-04-18 00:00:00,Mind Your Manners,movie,,movie,,,0.0,no_match
STARWARS.xlsx,CANON,795,Trouble Again,Comic Story (IDW),2018-04-18 00:00:00,Trouble Again,movie,,movie,,,0.0,no_match
STARWARS.xlsx,CANON,796,Tales from Wild Space: IG-88 vs. the Gatto Gang,Comic Story (IDW),2018-04-18 00:00:00,Tales from Wild Space: IG-88 vs. the Gatto Gang,movie,,movie,,,0.0,no_match
STARWARS.xlsx,CANON,797,Poe Dameron,Comic (Marvel),2018-04-18 00:00:00,Poe Dameron,movie,,movie,,,0.0,no_match
STARWARS.xlsx,CANON,798,Darth Vader: Dark Lord of the Sith,Comic (Marvel),2018-04-25 00:00:00,Darth Vader: Dark Lord of the Sith,movie,,movie,,,0.0,no_match
STARWARS.xlsx,CANON,799,Doctor Aphra (2016),Comic (Marvel),2018-04-25 00:00:00,Doctor Aphra (2016),movie,,movie,,,0.0,no_match
STARWARS.xlsx,CANON,800,Star Wars (2015),Comic (Marvel),2018-05-02 00:00:00,Star Wars (2015),movie,,movie,,,0.0,no_match
STARWARS.xlsx,CANON,801,Chopper and Friends,Short (Junior),2018-05-04 00:00:00,Chopper and Friends,movie,,movie,,,0.0,no_match
STARWARS.xlsx,CANON,802,Monster Misunderstanding,Short (Junior),2018-05-04 00:00:00,Monster Misunderstanding,movie,,movie,,,0.0,no_match
STARWARS.xlsx,CANON,803,Art History,Short (Junior),2018-05-04 00:00:00,Art History,movie,568996,movie,Looking for Modern Art: Rethinking Art History,2018-11-16,0.508,review
STARWARS.xlsx,CANON,804,Triplecross,Short (Junior),2018-05-04 00:00:00,Triplecross,movie,,movie,,,0.0,no_match
STARWARS.xlsx,CANON,805,Porgs!,Short (Junior),2018-05-04 00:00:00,Porgs!,movie,693441,movie,The Last Jedi: Meet the Porgs,2018-03-27,0.4359,review
STARWARS.xlsx,CANON,806,Perilous Pursuit,Short (Junior),2018-05-04 00:00:00,Perilous Pursuit,movie,,movie,,,0.0,no_match
STARWARS.xlsx,CANON,807,Traps and Tribulations,Short (Junior),2018-05-04 00:00:00,Traps and Tribulations,movie,,movie,,,0.0,no_match
STARWARS.xlsx,CANON,808,A Disarming Lesson,Short (Junior),2018-05-04 00:00:00,A Disarming Lesson,movie,,movie,,,0.0,no_match
STARWARS.xlsx,CANON,809,Star Wars Adventures FCBD 2018,Comic (IDW),2018-05-05 00:00:00,Star Wars Adventures FCBD 2018,movie,,movie,,,0.0,no_match
STARWARS.xlsx,CANON,810,The Last Jedi (Adaptation),Comic (Marvel),2018-05-09 00:00:00,The Last Jedi (Adaptation),movie,,movie,,,0.0,no_match
STARWARS.xlsx,CANON,811,Thrawn (Adaptation),Comic (Marvel),2018-05-09 00:00:00,Thrawn (Adaptation),movie,,movie,,,0.0,no_match
STARWARS.xlsx,CANON,812,"Powered Down, Part 1",Comic Story (IDW),2018-05-09 00:00:00,"Powered Down, Part 1",movie,,movie,,,0.0,no_match
STARWARS.xlsx,CANON,813,"Tales from Wild Space: Family Affair, Part 1",Comic Story (IDW),2018-05-09 00:00:00,"Tales from Wild Space: Family Affair, Part 1",movie,,movie,,,0.0,no_match
STARWARS.xlsx,CANON,814,Darth Vader: Dark Lord of the Sith,Comic (Marvel),2018-05-09 00:00:00,Darth Vader: Dark Lord of the Sith,movie,,movie,,,0.0,no_match
STARWARS.xlsx,CANON,815,Poe Dameron,Comic (Marvel),2018-05-16 00:00:00,Poe Dameron,movie,,movie,,,0.0,no_match
STARWARS.xlsx,CANON,816,The Last Jedi (Adaptation),Comic (Marvel),2018-05-23 00:00:00,The Last Jedi (Adaptation),movie,,movie,,,0.0,no_match
STARWARS.xlsx,CANON,817,Star Wars Annual (2015),Comic (Marvel),2018-05-23 00:00:00,Star Wars Annual (2015),movie,,movie,,,0.0,no_match
STARWARS.xlsx,CANON,818,Doctor Aphra (2016),Comic (Marvel),2018-05-23 00:00:00,Doctor Aphra (2016),movie,,movie,,,0.0,no_match
STARWARS.xlsx,CANON,819,Star Wars (2015),Comic (Marvel),2018-05-23 00:00:00,Star Wars (2015),movie,,movie,,,0.0,no_match
STARWARS.xlsx,CANON,820,Most Wanted,Novel (Young Adult),2018-05-25 00:00:00,Most Wanted,movie,507728,movie,GujjuBhai: Most Wanted,2018-01-17,0.7102,matched
STARWARS.xlsx,CANON,821,Solo: A Star Wars Story,Film,2018-05-25 00:00:00,Solo: A Star Wars Story,movie,348350,movie,Solo: A Star Wars Story,2018-05-15,0.9529,matched
STARWARS.xlsx,CANON,822,Solo: A Star Wars Story: Meet the Crew,Book (Junior),2018-05-25 00:00:00,Solo: A Star Wars Story: Meet the Crew,movie,,movie,,,0.0,no_match
STARWARS.xlsx,CANON,823,The Mighty Chewbacca in the Forest of Fear!,Novel (Middle-Grade),2018-05-25 00:00:00,The Mighty Chewbacca in the Forest of Fear!,movie,,movie,,,0.0,no_match
STARWARS.xlsx,CANON,824,Lando: Double or Nothing,Comic (Marvel),2018-05-30 00:00:00,Lando: Double or Nothing,movie,,movie,,,0.0,no_match
STARWARS.xlsx,CANON,825,The Last Jedi (Adaptation),Comic (Marvel),2018-06-06 00:00:00,The Last Jedi (Adaptation),movie,,movie,,,0.0,no_match
STARWARS.xlsx,CANON,826,"Powered Down, Part 2",Comic Story (IDW),2018-06-06 00:00:00,"Powered Down, Part 2",movie,,movie,,,0.0,no_match
STARWARS.xlsx,CANON,827,"Tales from Wild Space: Family Affair, Part 2",Comic Story (IDW),2018-06-06 00:00:00,"Tales from Wild Space: Family Affair, Part 2",movie,,movie,,,0.0,no_match
STARWARS.xlsx,CANON,828,Star Wars (2015),Comic (Marvel),2018-06-06 00:00:00,Star Wars (2015),movie,,movie,,,0.0,no_match
STARWARS.xlsx,CANON,829,Thrawn (Adaptation),Comic (Marvel),2018-06-13 00:00:00,Thrawn (Adaptation),movie,,movie,,,0.0,no_match
STARWARS.xlsx,CANON,830,Darth Vader: Dark Lord of the Sith,Comic (Marvel),2018-06-13 00:00:00,Darth Vader: Dark Lord of the Sith,movie,,movie,,,0.0,no_match
STARWARS.xlsx,CANON,831,Poe Dameron,Comic (Marvel),2018-06-20 00:00:00,Poe Dameron,movie,,movie,,,0.0,no_match
STARWARS.xlsx,CANON,832,Lando: Double or Nothing,Comic (Marvel),2018-06-27 00:00:00,Lando: Double or Nothing,movie,,movie,,,0.0,no_match
STARWARS.xlsx,CANON,833,Doctor Aphra (2016),Comic (Marvel),2018-06-27 00:00:00,Doctor Aphra (2016),movie,,movie,,,0.0,no_match
STARWARS.xlsx,CANON,834,The Last Jedi (Adaptation),Comic (Marvel),2018-07-04 00:00:00,The Last Jedi (Adaptation),movie,,movie,,,0.0,no_match
STARWARS.xlsx,CANON,835,Shu-Torun Lives,Comic Story (Marvel),2018-07-04 00:00:00,Shu-Torun Lives,movie,,movie,,,0.0,no_match
STARWARS.xlsx,CANON,836,Star Wars (2015),Comic (Marvel),2018-07-04 00:00:00,Star Wars (2015),movie,,movie,,,0.0,no_match
STARWARS.xlsx,CANON,837,The Last Jedi Little Golden Book,Book (Junior),2018-07-10 00:00:00,The Last Jedi Little Golden Book,movie,,movie,,,0.0,no_match
STARWARS.xlsx,CANON,838,Thrawn (Adaptation),Comic (Marvel),2018-07-11 00:00:00,Thrawn (Adaptation),movie,,movie,,,0.0,no_match
STARWARS.xlsx,CANON,839,Darth Vader: Dark Lord of the Sith,Comic (Marvel),2018-07-11 00:00:00,Darth Vader: Dark Lord of the Sith,movie,,movie,,,0.0,no_match
STARWARS.xlsx,CANON,840,Darth Vader Annual 2017,Comic (Marvel),2018-07-18 00:00:00,Darth Vader Annual 2017,movie,,movie,,,0.0,no_match
STARWARS.xlsx,CANON,841,Poe Dameron,Comic (Marvel),2018-07-18 00:00:00,Poe Dameron,movie,,movie,,,0.0,no_match
STARWARS.xlsx,CANON,842,Star Wars (2015),Comic (Marvel),2018-07-18 00:00:00,Star Wars (2015),movie,,movie,,,0.0,no_match
STARWARS.xlsx,CANON,843,Thrawn: Alliances,Novel,2018-07-24 00:00:00,Thrawn: Alliances,movie,,movie,,,0.0,no_match
STARWARS.xlsx,CANON,844,Lando: Double or Nothing,Comic (Marvel),2018-07-25 00:00:00,Lando: Double or Nothing,movie,,movie,,,0.0,no_match
STARWARS.xlsx,CANON,845,"Intermission, Part 1",Comic Story (IDW),2018-07-25 00:00:00,"Intermission, Part 1",movie,,movie,,,0.0,no_match
STARWARS.xlsx,CANON,846,Tales from Wild Space: A Small Push,Comic Story (IDW),2018-07-25 00:00:00,Tales from Wild Space: A Small Push,movie,,movie,,,0.0,no_match
STARWARS.xlsx,CANON,847,Doctor Aphra (2016),Comic (Marvel),2018-07-25 00:00:00,Doctor Aphra (2016),movie,,movie,,,0.0,no_match
STARWARS.xlsx,CANON,848,Join the Resistance: Attack on Starkiller Base,Novel (Middle-Grade),2018-07-31 00:00:00,Join the Resistance: Attack on Starkiller Base,movie,,movie,,,0.0,no_match
STARWARS.xlsx,CANON,849,The Last Jedi (Adaptation),Comic (Marvel),2018-08-01 00:00:00,The Last Jedi (Adaptation),movie,,movie,,,0.0,no_match
STARWARS.xlsx,CANON,850,Star Wars (2015),Comic (Marvel),2018-08-01 00:00:00,Star Wars (2015),movie,,movie,,,0.0,no_match
STARWARS.xlsx,CANON,851,Darth Vader: Dark Lord of the Sith,Comic (Marvel),2018-08-08 00:00:00,Darth Vader: Dark Lord of the Sith,movie,,movie,,,0.0,no_match
STARWARS.xlsx,CANON,852,Poe Dameron,Comic (Marvel),2018-08-15 00:00:00,Poe Dameron,movie,,movie,,,0.0,no_match
STARWARS.xlsx,CANON,853,Beckett,Comic (Marvel),2018-08-15 00:00:00,Beckett,movie,1048151,movie,Beckett by Brook,2018-03-18,0.6684,matched
STARWARS.xlsx,CANON,854,Darth Vader: Dark Lord of the Sith,Comic (Marvel),2018-08-22 00:00:00,Darth Vader: Dark Lord of the Sith,movie,,movie,,,0.0,no_match
STARWARS.xlsx,CANON,855,Doctor Aphra (2016),Comic (Marvel),2018-08-22 00:00:00,Doctor Aphra (2016),movie,,movie,,,0.0,no_match
STARWARS.xlsx,CANON,856,Poe Dameron Annual,Comic (Marvel),2018-08-29 00:00:00,Poe Dameron Annual,movie,,movie,,,0.0,no_match
STARWARS.xlsx,CANON,857,Lando: Double or Nothing,Comic (Marvel),2018-08-29 00:00:00,Lando: Double or Nothing,movie,,movie,,,0.0,no_match
STARWARS.xlsx,CANON,858,"Intermission, Part 2",Comic Story (IDW),2018-08-29 00:00:00,"Intermission, Part 2",movie,,movie,,,0.0,no_match
STARWARS.xlsx,CANON,859,Tales from Wild Space: The Blue Brothers,Comic Story (IDW),2018-08-29 00:00:00,Tales from Wild Space: The Blue Brothers,movie,,movie,,,0.0,no_match
STARWARS.xlsx,CANON,860,Solo: A Star Wars Story Read Along Storybook,Book (Junior),2018-09-04 00:00:00,Solo: A Star Wars Story Read Along Storybook,movie,,movie,,,0.0,no_match
STARWARS.xlsx,CANON,861,Solo: A Star Wars Story: Expanded Edition,Novel,2018-09-04 00:00:00,Solo: A Star Wars Story: Expanded Edition,movie,,movie,,,0.0,no_match
STARWARS.xlsx,CANON,862,Doctor Aphra Annual,Comic (Marvel),2018-09-05 00:00:00,Doctor Aphra Annual,movie,,movie,,,0.0,no_match
STARWARS.xlsx,CANON,863,Star Wars (2015),Comic (Marvel),2018-09-05 00:00:00,Star Wars (2015),movie,,movie,,,0.0,no_match
STARWARS.xlsx,CANON,864,Solo: A Star Wars Story: A Junior Novel,Novel (Young Adult),2018-09-06 00:00:00,Solo: A Star Wars Story: A Junior Novel,movie,,movie,,,0.0,no_match
STARWARS.xlsx,CANON,865,The Last Jedi (Adaptation),Comic (Marvel),2018-09-12 00:00:00,The Last Jedi (Adaptation),movie,,movie,,,0.0,no_match
STARWARS.xlsx,CANON,866,Darth Vader: Dark Lord of the Sith,Comic (Marvel),2018-09-12 00:00:00,Darth Vader: Dark Lord of the Sith,movie,,movie,,,0.0,no_match
STARWARS.xlsx,CANON,867,A New Hope Graphic Novel Adaptation,Graphic Novel,2018-09-18 00:00:00,A New Hope Graphic Novel Adaptation,movie,,movie,,,0.0,no_match
STARWARS.xlsx,CANON,868,Lando: Double or Nothing,Comic (Marvel),2018-09-19 00:00:00,Lando: Double or Nothing,movie,,movie,,,0.0,no_match
STARWARS.xlsx,CANON,869,Star Wars (2015),Comic (Marvel),2018-09-19 00:00:00,Star Wars (2015),movie,,movie,,,0.0,no_match
STARWARS.xlsx,CANON,870,The Last Jedi Graphic Novel Adaptation,Graphic Novel,2018-09-25 00:00:00,The Last Jedi Graphic Novel Adaptation,movie,,movie,,,0.0,no_match
STARWARS.xlsx,CANON,871,Chewie's Day Off,Comic Story (IDW),2018-09-26 00:00:00,Chewie's Day Off,movie,,movie,,,0.0,no_match
STARWARS.xlsx,CANON,872,"Flight of the Falcon, Part 1: Spy Games",Comic Story (IDW),2018-09-26 00:00:00,"Flight of the Falcon, Part 1: Spy Games",movie,,movie,,,0.0,no_match
STARWARS.xlsx,CANON,873,Doctor Aphra (2016),Comic (Marvel),2018-09-26 00:00:00,Doctor Aphra (2016),movie,,movie,,,0.0,no_match
STARWARS.xlsx,CANON,874,Poe Dameron,Comic (Marvel),2018-09-26 00:00:00,Poe Dameron,movie,,movie,,,0.0,no_match
STARWARS.xlsx,CANON,875,Darth Maul and the Rathtars,Short Story (Junior),2018-10-02 00:00:00,Darth Maul and the Rathtars,movie,,movie,,,0.0,no_match
STARWARS.xlsx,CANON,876,Size Matters Not,Short Story (Junior),2018-10-02 00:00:00,Size Matters Not,movie,,movie,,,0.0,no_match
STARWARS.xlsx,CANON,877,A Jedi's Control,Short Story (Junior),2018-10-02 00:00:00,A Jedi's Control,movie,,movie,,,0.0,no_match
STARWARS.xlsx,CANON,878,Darth Vader and the Weapon of a Sith,Short Story (Junior),2018-10-02 00:00:00,Darth Vader and the Weapon of a Sith,movie,,movie,,,0.0,no_match
STARWARS.xlsx,CANON,879,Leia Charts Her Own Course,Short Story (Junior),2018-10-02 00:00:00,Leia Charts Her Own Course,movie,,movie,,,0.0,no_match
STARWARS.xlsx,CANON,880,Chewie and the Courageous Kid,Short Story (Junior),2018-10-02 00:00:00,Chewie and the Courageous Kid,movie,,movie,,,0.0,no_match
STARWARS.xlsx,CANON,881,Luke and the Lost Jedi Temple,Short Story (Junior),2018-10-02 00:00:00,Luke and the Lost Jedi Temple,movie,,movie,,,0.0,no_match
STARWARS.xlsx,CANON,882,Han and the Rebel Rescue,Short Story (Junior),2018-10-02 00:00:00,Han and the Rebel Rescue,movie,,movie,,,0.0,no_match
STARWARS.xlsx,CANON,883,The Rebellion's Biggest Heist,Short Story (Junior),2018-10-02 00:00:00,The Rebellion's Biggest Heist,movie,,movie,,,0.0,no_match
STARWARS.xlsx,CANON,884,R2-D2 and the Renegade Rescue,Short Story (Junior),2018-10-02 00:00:00,R2-D2 and the Renegade Rescue,movie,,movie,,,0.0,no_match
STARWARS.xlsx,CANON,885,Lando's Big Score,Short Story (Junior),2018-10-02 00:00:00,Lando's Big Score,movie,,movie,,,0.0,no_match
STARWARS.xlsx,CANON,886,Leia and the Great Island Escape,Short Story (Junior),2018-10-02 00:00:00,Leia and the Great Island Escape,movie,,movie,,,0.0,no_match
STARWARS.xlsx,CANON,887,Poe and the Missing Ship,Short Story (Junior),2018-10-02 00:00:00,Poe and the Missing Ship,movie,,movie,,,0.0,no_match
STARWARS.xlsx,CANON,888,C-3PO's New Arm,Short Story (Junior),2018-10-02 00:00:00,C-3PO's New Arm,movie,,movie,,,0.0,no_match
STARWARS.xlsx,CANON,889,Rey's First Flight,Short Story (Junior),2018-10-02 00:00:00,Rey's First Flight,movie,,movie,,,0.0,no_match
STARWARS.xlsx,CANON,890,Stormtrooper in Training,Short Story (Junior),2018-10-02 00:00:00,Stormtrooper in Training,movie,,movie,,,0.0,no_match
STARWARS.xlsx,CANON,891,Captain Phasma's Escape from Starkiller Base,Short Story (Junior),2018-10-02 00:00:00,Captain Phasma's Escape from Starkiller Base,movie,,movie,,,0.0,no_match
STARWARS.xlsx,CANON,892,Rose and Paige Fight for the Resistance,Short Story (Junior),2018-10-02 00:00:00,Rose and Paige Fight for the Resistance,movie,,movie,,,0.0,no_match
STARWARS.xlsx,CANON,893,Choose Your Destiny: A Luke & Leia Adventure,Novel (Middle-Grade),2018-10-02 00:00:00,Choose Your Destiny: A Luke & Leia Adventure,movie,,movie,,,0.0,no_match
STARWARS.xlsx,CANON,894,Lando's Luck,Novel (Middle-Grade),2018-10-02 00:00:00,Lando's Luck,movie,,movie,,,0.0,no_match
STARWARS.xlsx,CANON,895,Star Wars Adventures: Tales from Vader's Castle,Comic (IDW),2018-10-03 00:00:00,Star Wars Adventures: Tales from Vader's Castle,movie,,movie,,,0.0,no_match
STARWARS.xlsx,CANON,896,Star Wars (2015),Comic (Marvel),2018-10-03 00:00:00,Star Wars (2015),movie,,movie,,,0.0,no_match
STARWARS.xlsx,CANON,897,The Recruit Part 1,TV (Animated),2018-10-07 00:00:00,The Recruit Part 1,tv,,tv,,,0.0,no_match
STARWARS.xlsx,CANON,898,The Recruit Part 2,TV (Animated),2018-10-07 00:00:00,The Recruit Part 2,tv,,tv,,,0.0,no_match
STARWARS.xlsx,CANON,899,Solo (Adaptation),Comic (Marvel),2018-10-10 00:00:00,Solo (Adaptation),movie,,movie,,,0.0,no_match
STARWARS.xlsx,CANON,900,Star Wars Adventures: Tales from Vader's Castle,Comic (IDW),2018-10-10 00:00:00,Star Wars Adventures: Tales from Vader's Castle,movie,,movie,,,0.0,no_match
STARWARS.xlsx,CANON,901,The Triple Dark,TV (Animated),2018-10-14 00:00:00,The Triple Dark,tv,,tv,,,0.0,no_match
STARWARS.xlsx,CANON,902,Star Wars Adventures: Tales from Vader's Castle,Comic (IDW),2018-10-17 00:00:00,Star Wars Adventures: Tales from Vader's Castle,movie,,movie,,,0.0,no_match
STARWARS.xlsx,CANON,903,Darth Vader: Dark Lord of the Sith,Comic (Marvel),2018-10-17 00:00:00,Darth Vader: Dark Lord of the Sith,movie,,movie,,,0.0,no_match
STARWARS.xlsx,CANON,904,Fuel for the Fire,TV (Animated),2018-10-21 00:00:00,Fuel for the Fire,tv,,tv,,,0.0,no_match
STARWARS.xlsx,CANON,905,Star Wars Adventures: Tales from Vader's Castle,Comic (IDW),2018-10-24 00:00:00,Star Wars Adventures: Tales from Vader's Castle,movie,,movie,,,0.0,no_match
STARWARS.xlsx,CANON,906,Doctor Aphra (2016),Comic (Marvel),2018-10-24 00:00:00,Doctor Aphra (2016),movie,,movie,,,0.0,no_match
STARWARS.xlsx,CANON,907,The High Tower,TV (Animated),2018-10-28 00:00:00,The High Tower,tv,,tv,,,0.0,no_match
STARWARS.xlsx,CANON,908,Star Wars Adventures: Tales from Vader's Castle,Comic (IDW),2018-10-31 00:00:00,Star Wars Adventures: Tales from Vader's Castle,movie,,movie,,,0.0,no_match
STARWARS.xlsx,CANON,909,An Unlikely Friendship,Comic Story (IDW),2018-10-31 00:00:00,An Unlikely Friendship,movie,,movie,,,0.0,no_match
STARWARS.xlsx,CANON,910,"Flight of the Falcon, Part 2: The Planet of Misfit Droids",Comic Story (IDW),2018-10-31 00:00:00,"Flight of the Falcon, Part 2: The Planet of Misfit Droids",movie,,movie,,,0.0,no_match
STARWARS.xlsx,CANON,911,The Children from Tehar,TV (Animated),2018-11-04 00:00:00,The Children from Tehar,tv,,tv,,,0.0,no_match
STARWARS.xlsx,CANON,912,Han Solo: Imperial Cadet,Comic (Marvel),2018-11-07 00:00:00,Han Solo: Imperial Cadet,movie,,movie,,,0.0,no_match
STARWARS.xlsx,CANON,913,Star Wars (2015),Comic (Marvel),2018-11-07 00:00:00,Star Wars (2015),movie,,movie,,,0.0,no_match
STARWARS.xlsx,CANON,914,Signal from Sector Six,TV (Animated),2018-11-11 00:00:00,Signal from Sector Six,tv,,tv,,,0.0,no_match
STARWARS.xlsx,CANON,915,Darth Vader: Dark Lord of the Sith,Comic (Marvel),2018-11-14 00:00:00,Darth Vader: Dark Lord of the Sith,movie,,movie,,,0.0,no_match
STARWARS.xlsx,CANON,916,Doctor Aphra (2016),Comic (Marvel),2018-11-14 00:00:00,Doctor Aphra (2016),movie,,movie,,,0.0,no_match
STARWARS.xlsx,CANON,917,Synara's Score,TV (Animated),2018-11-18 00:00:00,Synara's Score,tv,,tv,,,0.0,no_match
STARWARS.xlsx,CANON,918,Solo (Adaptation),Comic (Marvel),2018-11-21 00:00:00,Solo (Adaptation),movie,,movie,,,0.0,no_match
STARWARS.xlsx,CANON,919,Star Wars (2015),Comic (Marvel),2018-11-21 00:00:00,Star Wars (2015),movie,,movie,,,0.0,no_match
STARWARS.xlsx,CANON,920,The Platform Classic,TV (Animated),2018-11-25 00:00:00,The Platform Classic,tv,,tv,,,0.0,no_match
STARWARS.xlsx,CANON,921,Darth Vader: Dark Lord of the Sith,Comic (Marvel),2018-11-28 00:00:00,Darth Vader: Dark Lord of the Sith,movie,,movie,,,0.0,no_match
STARWARS.xlsx,CANON,922,Luke Skywalker - The Journey Begins,Short (Junior),2018-11-30 00:00:00,Luke Skywalker - The Journey Begins,movie,,movie,,,0.0,no_match
STARWARS.xlsx,CANON,923,Darth Vader - Power of the Dark Side,Short (Junior),2018-11-30 00:00:00,Darth Vader - Power of the Dark Side,movie,,movie,,,0.0,no_match
STARWARS.xlsx,CANON,924,Luke vs. the Wampa - Cavern Escape,Short (Junior),2018-11-30 00:00:00,Luke vs. the Wampa - Cavern Escape,movie,,movie,,,0.0,no_match
STARWARS.xlsx,CANON,925,R2-D2 - A Loyal Droid,Short (Junior),2018-11-30 00:00:00,R2-D2 - A Loyal Droid,movie,,movie,,,0.0,no_match
STARWARS.xlsx,CANON,926,Chewbacca - The Trusty Co-Pilot,Short (Junior),2018-11-30 00:00:00,Chewbacca - The Trusty Co-Pilot,movie,,movie,,,0.0,no_match
STARWARS.xlsx,CANON,927,Darth Vader - Might of the Empire,Short (Junior),2018-11-30 00:00:00,Darth Vader - Might of the Empire,movie,,movie,,,0.0,no_match
STARWARS.xlsx,CANON,928,Secrets and Holograms,TV (Animated),2018-12-02 00:00:00,Secrets and Holograms,tv,,tv,,,0.0,no_match
STARWARS.xlsx,CANON,929,Age of Republic: Qui-Gon Jinn,Comic (Marvel),2018-12-05 00:00:00,Age of Republic: Qui-Gon Jinn,movie,,movie,,,0.0,no_match
STARWARS.xlsx,CANON,930,Star Wars (2015),Comic (Marvel),2018-12-05 00:00:00,Star Wars (2015),movie,,movie,,,0.0,no_match
STARWARS.xlsx,CANON,931,Princess Leia vs. Darth Vader - A Fearless Leader,Short (Junior),2018-12-07 00:00:00,Princess Leia vs. Darth Vader - A Fearless Leader,movie,,movie,,,0.0,no_match
STARWARS.xlsx,CANON,932,Luke vs. the Death Star - X-wing Assault,Short (Junior),2018-12-07 00:00:00,Luke vs. the Death Star - X-wing Assault,movie,,movie,,,0.0,no_match
STARWARS.xlsx,CANON,933,Han Solo - Galaxy's Best Smuggler,Short (Junior),2018-12-07 00:00:00,Han Solo - Galaxy's Best Smuggler,movie,,movie,,,0.0,no_match
STARWARS.xlsx,CANON,934,Chewie vs. Holochess - Let the Wookiee Win,Short (Junior),2018-12-07 00:00:00,Chewie vs. Holochess - Let the Wookiee Win,movie,,movie,,,0.0,no_match
STARWARS.xlsx,CANON,935,Luke vs. Emperor Palpatine - Rise to Evil,Short (Junior),2018-12-07 00:00:00,Luke vs. Emperor Palpatine - Rise to Evil,movie,,movie,,,0.0,no_match
STARWARS.xlsx,CANON,936,Station Theta Black,TV (Animated),2018-12-09 00:00:00,Station Theta Black,tv,,tv,,,0.0,no_match
STARWARS.xlsx,CANON,937,Age of Republic: Darth Maul,Comic (Marvel),2018-12-12 00:00:00,Age of Republic: Darth Maul,movie,,movie,,,0.0,no_match
STARWARS.xlsx,CANON,938,Han Solo: Imperial Cadet,Comic (Marvel),2018-12-12 00:00:00,Han Solo: Imperial Cadet,movie,,movie,,,0.0,no_match
STARWARS.xlsx,CANON,939,Doctor Aphra (2016),Comic (Marvel),2018-12-12 00:00:00,Doctor Aphra (2016),movie,,movie,,,0.0,no_match
STARWARS.xlsx,CANON,940,Solo (Adaptation),Comic (Marvel),2018-12-19 00:00:00,Solo (Adaptation),movie,,movie,,,0.0,no_match
STARWARS.xlsx,CANON,941,All Aces Battle Royale,Comic Story (IDW),2018-12-19 00:00:00,All Aces Battle Royale,movie,,movie,,,0.0,no_match
STARWARS.xlsx,CANON,942,"Flight of the Falcon, Part 3: Home Again",Comic Story (IDW),2018-12-19 00:00:00,"Flight of the Falcon, Part 3: Home Again",movie,,movie,,,0.0,no_match
STARWARS.xlsx,CANON,943,Darth Vader: Dark Lord of the Sith,Comic (Marvel),2018-12-19 00:00:00,Darth Vader: Dark Lord of the Sith,movie,,movie,,,0.0,no_match
STARWARS.xlsx,CANON,944,Solo: A Star Wars Story Little Golden Book,Book (Junior),2018-12-24 00:00:00,Solo: A Star Wars Story Little Golden Book,movie,,movie,,,0.0,no_match
STARWARS.xlsx,CANON,945,Age of Republic: Obi-Wan Kenobi,Comic (Marvel),2019-01-02 00:00:00,Age of Republic: Obi-Wan Kenobi,movie,,movie,,,0.0,no_match
STARWARS.xlsx,CANON,946,Han Solo: Imperial Cadet,Comic (Marvel),2019-01-02 00:00:00,Han Solo: Imperial Cadet,movie,,movie,,,0.0,no_match
STARWARS.xlsx,CANON,947,Pirate's Price,Novel (Middle-Grade),2019-01-08 00:00:00,Pirate's Price,movie,,movie,,,0.0,no_match
STARWARS.xlsx,CANON,948,Star Wars Resistance: Meet the Pilots,Book (Junior),2019-01-08 00:00:00,Star Wars Resistance: Meet the Pilots,movie,,movie,,,0.0,no_match
STARWARS.xlsx,CANON,949,Age of Republic: Jango Fett,Comic (Marvel),2019-01-09 00:00:00,Age of Republic: Jango Fett,movie,,movie,,,0.0,no_match
STARWARS.xlsx,CANON,950,Star Wars (2015),Comic (Marvel),2019-01-09 00:00:00,Star Wars (2015),movie,,movie,,,0.0,no_match
STARWARS.xlsx,CANON,951,Bibo,TV (Animated),2019-01-13 00:00:00,Bibo,tv,,tv,,,0.0,no_match
STARWARS.xlsx,CANON,952,The Weapon,Comic Story (Marvel),2019-01-16 00:00:00,The Weapon,movie,630454,movie,The Magic Weapon,2019-07-29,0.784,matched
STARWARS.xlsx,CANON,953,501 Plus One,Comic Story (Marvel),2019-01-16 00:00:00,501 Plus One,movie,,movie,,,0.0,no_match
STARWARS.xlsx,CANON,954,Sisters,Comic Story (Marvel),2019-01-16 00:00:00,Sisters,movie,1690797,movie,Sisters,2019-10-24,0.9505,matched
STARWARS.xlsx,CANON,955,Luke Skywalker vs. Darth Vader - Join Me,Short (Junior),2019-01-18 00:00:00,Luke Skywalker vs. Darth Vader - Join Me,movie,,movie,,,0.0,no_match
STARWARS.xlsx,CANON,956,Dangerous Business,TV (Animated),2019-01-20 00:00:00,Dangerous Business,tv,,tv,,,0.0,no_match
STARWARS.xlsx,CANON,957,Star Wars (2015),Comic (Marvel),2019-01-23 00:00:00,Star Wars (2015),movie,,movie,,,0.0,no_match
STARWARS.xlsx,CANON,958,The Doza Dilemma,TV (Animated),2019-01-27 00:00:00,The Doza Dilemma,tv,,tv,,,0.0,no_match
STARWARS.xlsx,CANON,959,Solo (Adaptation),Comic (Marvel),2019-01-30 00:00:00,Solo (Adaptation),movie,,movie,,,0.0,no_match
STARWARS.xlsx,CANON,960,Sector 7-E,Comic Story (IDW),2019-01-30 00:00:00,Sector 7-E,movie,,movie,,,0.0,no_match
STARWARS.xlsx,CANON,961,"Flight of the Falcon, Part 4: Lady and the Tramp",Comic Story (IDW),2019-01-30 00:00:00,"Flight of the Falcon, Part 4: Lady and the Tramp",movie,,movie,,,0.0,no_match
STARWARS.xlsx,CANON,962,Doctor Aphra (2016),Comic (Marvel),2019-01-30 00:00:00,Doctor Aphra (2016),movie,,movie,,,0.0,no_match
STARWARS.xlsx,CANON,963,Yoda vs Count Dooku - Size Matters Not,Short (Junior),2019-01-30 00:00:00,Yoda vs Count Dooku - Size Matters Not,movie,,movie,,,0.0,no_match
STARWARS.xlsx,CANON,964,The First Order Occupation,TV (Animated),2019-02-03 00:00:00,The First Order Occupation,tv,,tv,,,0.0,no_match
STARWARS.xlsx,CANON,965,Age of Republic: Anakin Skywalker,Comic (Marvel),2019-02-06 00:00:00,Age of Republic: Anakin Skywalker,movie,,movie,,,0.0,no_match
STARWARS.xlsx,CANON,966,Star Wars (2015),Comic (Marvel),2019-02-06 00:00:00,Star Wars (2015),movie,,movie,,,0.0,no_match
STARWARS.xlsx,CANON,967,Princess Leia - The Rescue,Short (Junior),2019-02-08 00:00:00,Princess Leia - The Rescue,movie,,movie,,,0.0,no_match
STARWARS.xlsx,CANON,968,The New Trooper,TV (Animated),2019-02-10 00:00:00,The New Trooper,tv,,tv,,,0.0,no_match
STARWARS.xlsx,CANON,969,Age of Republic: Count Dooku,Comic (Marvel),2019-02-13 00:00:00,Age of Republic: Count Dooku,movie,,movie,,,0.0,no_match
STARWARS.xlsx,CANON,970,Han Solo: Imperial Cadet,Comic (Marvel),2019-02-13 00:00:00,Han Solo: Imperial Cadet,movie,,movie,,,0.0,no_match
STARWARS.xlsx,CANON,971,Stormtroopers vs. Rebels - Soldiers of the Galactic Empire,Short (Junior),2019-02-15 00:00:00,Stormtroopers vs. Rebels - Soldiers of the Galactic Empire,movie,,movie,,,0.0,no_match
STARWARS.xlsx,CANON,972,The Core Problem,TV (Animated),2019-02-17 00:00:00,The Core Problem,tv,,tv,,,0.0,no_match
STARWARS.xlsx,CANON,973,Solo (Adaptation),Comic (Marvel),2019-02-20 00:00:00,Solo (Adaptation),movie,,movie,,,0.0,no_match
STARWARS.xlsx,CANON,974,Raiders of the Lost Gundark,Comic Story (IDW),2019-02-20 00:00:00,Raiders of the Lost Gundark,movie,,movie,,,0.0,no_match
STARWARS.xlsx,CANON,975,"Flight of the Falcon, Part 5: Grand Theft Falcon",Comic Story (IDW),2019-02-20 00:00:00,"Flight of the Falcon, Part 5: Grand Theft Falcon",movie,,movie,,,0.0,no_match
STARWARS.xlsx,CANON,976,Luke Skywalker - Lightsaber Training,Short (Junior),2019-02-22 00:00:00,Luke Skywalker - Lightsaber Training,movie,,movie,,,0.0,no_match
STARWARS.xlsx,CANON,977,The Disappeared,TV (Animated),2019-02-24 00:00:00,The Disappeared,tv,,tv,,,0.0,no_match
STARWARS.xlsx,CANON,978,Doctor Aphra (2016),Comic (Marvel),2019-02-27 00:00:00,Doctor Aphra (2016),movie,,movie,,,0.0,no_match
STARWARS.xlsx,CANON,979,Han Solo - Taking Flight for his Friends,Short (Junior),2019-03-01 00:00:00,Han Solo - Taking Flight for his Friends,movie,,movie,,,0.0,no_match
STARWARS.xlsx,CANON,980,Descent,TV (Animated),2019-03-03 00:00:00,Descent,tv,,tv,,,0.0,no_match
STARWARS.xlsx,CANON,981,Queen's Shadow,Novel (Young Adult),2019-03-05 00:00:00,Queen's Shadow,movie,,movie,,,0.0,no_match
STARWARS.xlsx,CANON,982,The Empire Strikes Back Graphic Novel Adaptation,Graphic Novel,2019-03-05 00:00:00,The Empire Strikes Back Graphic Novel Adaptation,movie,,movie,,,0.0,no_match
STARWARS.xlsx,CANON,983,Age of Republic: Padmé Amidala,Comic (Marvel),2019-03-06 00:00:00,Age of Republic: Padmé Amidala,movie,,movie,,,0.0,no_match
STARWARS.xlsx,CANON,984,Vader: Dark Visions,Comic (Marvel),2019-03-06 00:00:00,Vader: Dark Visions,movie,,movie,,,0.0,no_match
STARWARS.xlsx,CANON,985,Star Wars (2015),Comic (Marvel),2019-03-06 00:00:00,Star Wars (2015),movie,,movie,,,0.0,no_match
STARWARS.xlsx,CANON,986,R2-D2 and C-3PO - Trash Compactor Rescue,Short (Junior),2019-03-08 00:00:00,R2-D2 and C-3PO - Trash Compactor Rescue,movie,,movie,,,0.0,no_match
STARWARS.xlsx,CANON,987,No Escape Part 1,TV (Animated),2019-03-10 00:00:00,No Escape Part 1,tv,,tv,,,0.0,no_match
STARWARS.xlsx,CANON,988,Age of Republic: General Grievous,Comic (Marvel),2019-03-13 00:00:00,Age of Republic: General Grievous,movie,,movie,,,0.0,no_match
STARWARS.xlsx,CANON,989,Han Solo: Imperial Cadet,Comic (Marvel),2019-03-13 00:00:00,Han Solo: Imperial Cadet,movie,,movie,,,0.0,no_match
STARWARS.xlsx,CANON,990,Yoda - The Jedi Master,Short (Junior),2019-03-16 00:00:00,Yoda - The Jedi Master,movie,,movie,,,0.0,no_match
STARWARS.xlsx,CANON,991,No Escape Part 2,TV (Animated),2019-03-17 00:00:00,No Escape Part 2,tv,,tv,,,0.0,no_match
STARWARS.xlsx,CANON,992,Choose Your Destiny: An Obi-Wan & Anakin Adventure,Novel (Middle-Grade),2019-03-19 00:00:00,Choose Your Destiny: An Obi-Wan & Anakin Adventure,movie,,movie,,,0.0,no_match
STARWARS.xlsx,CANON,993,Solo (Adaptation),Comic (Marvel),2019-03-20 00:00:00,Solo (Adaptation),movie,,movie,,,0.0,no_match
STARWARS.xlsx,CANON,994,Star Wars (2015),Comic (Marvel),2019-03-20 00:00:00,Star Wars (2015),movie,,movie,,,0.0,no_match
STARWARS.xlsx,CANON,995,Luke vs. Imperial Walkers - Commander on Hoth,Short (Junior),2019-03-22 00:00:00,Luke vs. Imperial Walkers - Commander on Hoth,movie,,movie,,,0.0,no_match
STARWARS.xlsx,CANON,996,Vader: Dark Visions,Comic (Marvel),2019-03-27 00:00:00,Vader: Dark Visions,movie,,movie,,,0.0,no_match
STARWARS.xlsx,CANON,997,Roger Roger,Comic Story (IDW),2019-03-27 00:00:00,Roger Roger,movie,617924,movie,Roger Waters: Us + Them,2019-10-02,0.5691,review
STARWARS.xlsx,CANON,998,Tales from Wild Space: The Big March,Comic Story (IDW),2019-03-27 00:00:00,Tales from Wild Space: The Big March,movie,,movie,,,0.0,no_match
STARWARS.xlsx,CANON,999,Doctor Aphra (2016),Comic (Marvel),2019-03-27 00:00:00,Doctor Aphra (2016),movie,,movie,,,0.0,no_match
STARWARS.xlsx,CANON,1000,Darth Vader vs. the Rebel Fleet - Fearsome Fighter Pilot,Short (Junior),2019-03-29 00:00:00,Darth Vader vs. the Rebel Fleet - Fearsome Fighter Pilot,movie,,movie,,,0.0,no_match
STARWARS.xlsx,CANON,1001,Solo (Adaptation),Comic (Marvel),2019-04-03 00:00:00,Solo (Adaptation),movie,,movie,,,0.0,no_match
STARWARS.xlsx,CANON,1002,Star Wars (2015),Comic (Marvel),2019-04-03 00:00:00,Star Wars (2015),movie,,movie,,,0.0,no_match
STARWARS.xlsx,CANON,1003,Han Solo vs. the Space Slug - The Escape Artist,Short (Junior),2019-04-05 00:00:00,Han Solo vs. the Space Slug - The Escape Artist,movie,,movie,,,0.0,no_match
STARWARS.xlsx,CANON,1004,Age of Rebellion: Grand Moff Tarkin,Comic (Marvel),2019-04-10 00:00:00,Age of Rebellion: Grand Moff Tarkin,movie,,movie,,,0.0,no_match
STARWARS.xlsx,CANON,1005,Age of Rebellion: Princess Leia,Comic (Marvel),2019-04-10 00:00:00,Age of Rebellion: Princess Leia,movie,,movie,,,0.0,no_match
STARWARS.xlsx,CANON,1006,R2-D2 - A Pilot's Best Friend,Short (Junior),2019-04-12 00:00:00,R2-D2 - A Pilot's Best Friend,movie,,movie,,,0.0,no_match
STARWARS.xlsx,CANON,1007,Master & Apprentice,Novel,2019-04-16 00:00:00,Master & Apprentice,movie,,movie,,,0.0,no_match
STARWARS.xlsx,CANON,1008,The Long Game,Comic Story (Marvel),2019-04-17 00:00:00,The Long Game,movie,,movie,,,0.0,no_match
STARWARS.xlsx,CANON,1009,Stolen Valor,Comic Story (Marvel),2019-04-17 00:00:00,Stolen Valor,movie,,movie,,,0.0,no_match
STARWARS.xlsx,CANON,1010,The Trial of Dagobah,Comic Story (Marvel),2019-04-17 00:00:00,The Trial of Dagobah,movie,,movie,,,0.0,no_match
STARWARS.xlsx,CANON,1011,TIE Fighter,Comic (Marvel),2019-04-17 00:00:00,TIE Fighter,movie,,movie,,,0.0,no_match
STARWARS.xlsx,CANON,1012,Hide and Seek,Comic Story (IDW),2019-04-17 00:00:00,Hide and Seek,movie,708205,movie,Hide and Seek,2019-05-17,0.9503,matched
STARWARS.xlsx,CANON,1013,Tales from Wild Space: The Journey,Comic Story (IDW),2019-04-17 00:00:00,Tales from Wild Space: The Journey,movie,,movie,,,0.0,no_match
STARWARS.xlsx,CANON,1014,Princess Leia - An Unexpected Friend,Short (Junior),2019-04-19 00:00:00,Princess Leia - An Unexpected Friend,movie,,movie,,,0.0,no_match
STARWARS.xlsx,CANON,1015,Galaxy's Edge,Comic (Marvel),2019-04-24 00:00:00,Galaxy's Edge,movie,624371,movie,Star Wars: Galaxy's Edge - Adventure Awaits,2019-09-29,0.5646,review
STARWARS.xlsx,CANON,1016,Vader: Dark Visions,Comic (Marvel),2019-04-24 00:00:00,Vader: Dark Visions,movie,,movie,,,0.0,no_match
STARWARS.xlsx,CANON,1017,Doctor Aphra (2016),Comic (Marvel),2019-04-24 00:00:00,Doctor Aphra (2016),movie,,movie,,,0.0,no_match
STARWARS.xlsx,CANON,1018,Leia and Han - The Han Rescue,Short (Junior),2019-04-26 00:00:00,Leia and Han - The Han Rescue,movie,,movie,,,0.0,no_match
STARWARS.xlsx,CANON,1019,Dooku: Jedi Lost,Audio Drama,2019-04-30 00:00:00,Dooku: Jedi Lost,movie,,movie,,,0.0,no_match
STARWARS.xlsx,CANON,1020,Age of Rebellion: Han Solo,Comic (Marvel),2019-05-01 00:00:00,Age of Rebellion: Han Solo,movie,,movie,,,0.0,no_match
STARWARS.xlsx,CANON,1021,Star Wars (2015),Comic (Marvel),2019-05-01 00:00:00,Star Wars (2015),movie,,movie,,,0.0,no_match
STARWARS.xlsx,CANON,1022,Epic Adventures: The Phantom Menace,Book (Junior),2019-05-01 00:00:00,Epic Adventures: The Phantom Menace,movie,,movie,,,0.0,no_match
STARWARS.xlsx,CANON,1023,Star Wars Adventures: Flight of the Falcon,Comic (IDW),2019-05-01 00:00:00,Star Wars Adventures: Flight of the Falcon,movie,,movie,,,0.0,no_match
STARWARS.xlsx,CANON,1024,Jabba the Hutt - Galactic Gangster,Short (Junior),2019-05-03 00:00:00,Jabba the Hutt - Galactic Gangster,movie,,movie,,,0.0,no_match
STARWARS.xlsx,CANON,1025,Star Wars Adventures FCBD 2019,Comic (IDW),2019-05-04 00:00:00,Star Wars Adventures FCBD 2019,movie,,movie,,,0.0,no_match
STARWARS.xlsx,CANON,1026,Age of Rebellion: Boba Fett,Comic (Marvel),2019-05-08 00:00:00,Age of Rebellion: Boba Fett,movie,,movie,,,0.0,no_match
STARWARS.xlsx,CANON,1027,Swoop Racers,Comic Story (IDW),2019-05-08 00:00:00,Swoop Racers,movie,,movie,,,0.0,no_match
STARWARS.xlsx,CANON,1028,Tales from Wild Space: The Heist,Comic Story (IDW),2019-05-08 00:00:00,Tales from Wild Space: The Heist,movie,,movie,,,0.0,no_match
STARWARS.xlsx,CANON,1029,Doctor Aphra (2016),Comic (Marvel),2019-05-08 00:00:00,Doctor Aphra (2016),movie,,movie,,,0.0,no_match
STARWARS.xlsx,CANON,1030,Luke vs. Jabba - Sail Barge Escape,Short (Junior),2019-05-10 00:00:00,Luke vs. Jabba - Sail Barge Escape,movie,,movie,,,0.0,no_match
STARWARS.xlsx,CANON,1031,Age of Rebellion: Lando Calrissian,Comic (Marvel),2019-05-15 00:00:00,Age of Rebellion: Lando Calrissian,movie,,movie,,,0.0,no_match
STARWARS.xlsx,CANON,1032,TIE Fighter,Comic (Marvel),2019-05-15 00:00:00,TIE Fighter,movie,,movie,,,0.0,no_match
STARWARS.xlsx,CANON,1033,Star Wars (2015),Comic (Marvel),2019-05-15 00:00:00,Star Wars (2015),movie,,movie,,,0.0,no_match
STARWARS.xlsx,CANON,1034,Darth Vader vs. Hoth Rebels - Crushing the Rebellion,Short (Junior),2019-05-17 00:00:00,Darth Vader vs. Hoth Rebels - Crushing the Rebellion,movie,,movie,,,0.0,no_match
STARWARS.xlsx,CANON,1035,Vader Immortal: Episode I,Video Game,2019-05-21 00:00:00,Vader Immortal: Episode I,movie,,movie,,,0.0,no_match
STARWARS.xlsx,CANON,1036,Age of Rebellion: Jabba the Hutt,Comic (Marvel),2019-05-22 00:00:00,Age of Rebellion: Jabba the Hutt,movie,,movie,,,0.0,no_match
STARWARS.xlsx,CANON,1037,Galaxy's Edge,Comic (Marvel),2019-05-22 00:00:00,Galaxy's Edge,movie,624371,movie,Star Wars: Galaxy's Edge - Adventure Awaits,2019-09-29,0.5646,review
STARWARS.xlsx,CANON,1038,Chewbacca - Wookiee Warrior,Short (Junior),2019-05-24 00:00:00,Chewbacca - Wookiee Warrior,movie,,movie,,,0.0,no_match
STARWARS.xlsx,CANON,1039,Vader: Dark Visions,Comic (Marvel),2019-05-29 00:00:00,Vader: Dark Visions,movie,,movie,,,0.0,no_match
STARWARS.xlsx,CANON,1040,Luke vs. the Rancor -Wrath of the Rancor,Short (Junior),2019-05-31 00:00:00,Luke vs. the Rancor -Wrath of the Rancor,movie,,movie,,,0.0,no_match
STARWARS.xlsx,CANON,1041,Galaxy's Edge: Sequels Era,Disney World Attraction,2019-05-31 00:00:00,Galaxy's Edge: Sequels Era,movie,,movie,,,0.0,no_match
STARWARS.xlsx,CANON,1042,Epic Adventures: Attack of the Clones,Book (Junior),2019-06-01 00:00:00,Epic Adventures: Attack of the Clones,movie,,movie,,,0.0,no_match
STARWARS.xlsx,CANON,1043,3-3PO Does NOT Like Sand,Book (Junior),2019-06-04 00:00:00,3-3PO Does NOT Like Sand,movie,,movie,,,0.0,no_match
STARWARS.xlsx,CANON,1044,Age of Rebellion: Luke Skywalker,Comic (Marvel),2019-06-05 00:00:00,Age of Rebellion: Luke Skywalker,movie,,movie,,,0.0,no_match
STARWARS.xlsx,CANON,1045,A Matter Of Perception,Comic Story (IDW),2019-06-05 00:00:00,A Matter Of Perception,movie,,movie,,,0.0,no_match
STARWARS.xlsx,CANON,1046,Tales from Wild Space: A Tauntaun Tail,Comic Story (IDW),2019-06-05 00:00:00,Tales from Wild Space: A Tauntaun Tail,movie,,movie,,,0.0,no_match
STARWARS.xlsx,CANON,1047,Chewie and Ewoks - Hijacking a Walker,Short (Junior),2019-06-07 00:00:00,Chewie and Ewoks - Hijacking a Walker,movie,,movie,,,0.0,no_match
STARWARS.xlsx,CANON,1048,Alphabet Squadron,Novel,2019-06-11 00:00:00,Alphabet Squadron,movie,,movie,,,0.0,no_match
STARWARS.xlsx,CANON,1049,Vader: Dark Visions,Comic (Marvel),2019-06-12 00:00:00,Vader: Dark Visions,movie,,movie,,,0.0,no_match
STARWARS.xlsx,CANON,1050,Han Solo - From Smuggler to General,Short (Junior),2019-06-14 00:00:00,Han Solo - From Smuggler to General,movie,,movie,,,0.0,no_match
STARWARS.xlsx,CANON,1051,TIE Fighter,Comic (Marvel),2019-06-19 00:00:00,TIE Fighter,movie,,movie,,,0.0,no_match
STARWARS.xlsx,CANON,1052,Doctor Aphra (2016),Comic (Marvel),2019-06-19 00:00:00,Doctor Aphra (2016),movie,,movie,,,0.0,no_match
STARWARS.xlsx,CANON,1053,Star Wars (2015),Comic (Marvel),2019-06-19 00:00:00,Star Wars (2015),movie,,movie,,,0.0,no_match
STARWARS.xlsx,CANON,1054,Boba Fett - The Bounty Hunter,Short (Junior),2019-06-21 00:00:00,Boba Fett - The Bounty Hunter,movie,,movie,,,0.0,no_match
STARWARS.xlsx,CANON,1055,Age of Rebellion: Darth Vader,Comic (Marvel),2019-06-26 00:00:00,Age of Rebellion: Darth Vader,movie,,movie,,,0.0,no_match
STARWARS.xlsx,CANON,1056,Galaxy's Edge,Comic (Marvel),2019-06-26 00:00:00,Galaxy's Edge,movie,624371,movie,Star Wars: Galaxy's Edge - Adventure Awaits,2019-09-29,0.5646,review
STARWARS.xlsx,CANON,1057,Jedi vs. Sith - The Skywalker Saga,Short (Junior),2019-06-28 00:00:00,Jedi vs. Sith - The Skywalker Saga,movie,,movie,,,0.0,no_match
STARWARS.xlsx,CANON,1058,Age of Resistance: Finn,Comic (Marvel),2019-07-03 00:00:00,Age of Resistance: Finn,movie,,movie,,,0.0,no_match
STARWARS.xlsx,CANON,1059,Target Vader,Comic (Marvel),2019-07-03 00:00:00,Target Vader,movie,,movie,,,0.0,no_match
STARWARS.xlsx,CANON,1060,A Race for Answers,Comic Story (IDW),2019-07-03 00:00:00,A Race for Answers,movie,,movie,,,0.0,no_match
STARWARS.xlsx,CANON,1061,"Tales from Wild Space: Majordomo, Major Problems",Comic Story (IDW),2019-07-03 00:00:00,"Tales from Wild Space: Majordomo, Major Problems",movie,,movie,,,0.0,no_match
STARWARS.xlsx,CANON,1062,Ewoks vs. the Empire - Small But Mighty,Short (Junior),2019-07-05 00:00:00,Ewoks vs. the Empire - Small But Mighty,movie,,movie,,,0.0,no_match
STARWARS.xlsx,CANON,1063,Age of Resistance: Captain Phasma,Comic (Marvel),2019-07-10 00:00:00,Age of Resistance: Captain Phasma,movie,,movie,,,0.0,no_match
STARWARS.xlsx,CANON,1064,Star Wars (2015),Comic (Marvel),2019-07-10 00:00:00,Star Wars (2015),movie,,movie,,,0.0,no_match
STARWARS.xlsx,CANON,1065,Han and Chewie - A Lifelong Partnership,Short (Junior),2019-07-13 00:00:00,Han and Chewie - A Lifelong Partnership,movie,,movie,,,0.0,no_match
STARWARS.xlsx,CANON,1066,TIE Fighter,Comic (Marvel),2019-07-17 00:00:00,TIE Fighter,movie,,movie,,,0.0,no_match
STARWARS.xlsx,CANON,1067,Doctor Aphra (2016),Comic (Marvel),2019-07-17 00:00:00,Doctor Aphra (2016),movie,,movie,,,0.0,no_match
STARWARS.xlsx,CANON,1068,Thrawn: Treason,Novel,2019-07-23 00:00:00,Thrawn: Treason,movie,,movie,,,0.0,no_match
STARWARS.xlsx,CANON,1069,Star Wars (2015),Comic (Marvel),2019-07-24 00:00:00,Star Wars (2015),movie,,movie,,,0.0,no_match
STARWARS.xlsx,CANON,1070,The Bridge,Comic Story (Marvel),2019-07-31 00:00:00,The Bridge,movie,739582,movie,The Bridge,2019-03-13,0.9505,matched
STARWARS.xlsx,CANON,1071,Robot Resistance,Comic Story (Marvel),2019-07-31 00:00:00,Robot Resistance,movie,,movie,,,0.0,no_match
STARWARS.xlsx,CANON,1072,Galaxy's Edge,Comic (Marvel),2019-07-31 00:00:00,Galaxy's Edge,movie,624371,movie,Star Wars: Galaxy's Edge - Adventure Awaits,2019-09-29,0.5646,review
STARWARS.xlsx,CANON,1073,The Knight & the Dragon,Short Story,2019-08-06 00:00:00,The Knight & the Dragon,movie,,movie,,,0.0,no_match
STARWARS.xlsx,CANON,1074,The Droid with a Heart,Short Story,2019-08-06 00:00:00,The Droid with a Heart,movie,,movie,,,0.0,no_match
STARWARS.xlsx,CANON,1075,Vengeful Waves,Short Story,2019-08-06 00:00:00,Vengeful Waves,movie,,movie,,,0.0,no_match
STARWARS.xlsx,CANON,1076,The Wanderer,Short Story,2019-08-06 00:00:00,The Wanderer,movie,528096,movie,The Naked Wanderer,2019-09-05,0.8064,matched
STARWARS.xlsx,CANON,1077,The Black Spire,Short Story,2019-08-06 00:00:00,The Black Spire,movie,,movie,,,0.0,no_match
STARWARS.xlsx,CANON,1078,Gaze of Stone,Short Story,2019-08-06 00:00:00,Gaze of Stone,movie,,movie,,,0.0,no_match
STARWARS.xlsx,CANON,1079,The Witch & the Wookiee,Short Story,2019-08-06 00:00:00,The Witch & the Wookiee,movie,,movie,,,0.0,no_match
STARWARS.xlsx,CANON,1080,The Dark Wraith,Short Story,2019-08-06 00:00:00,The Dark Wraith,movie,,movie,,,0.0,no_match
STARWARS.xlsx,CANON,1081,Chasing Ghosts,Short Story,2019-08-06 00:00:00,Chasing Ghosts,movie,729392,movie,Chasing Ghosts,2019-07-11,0.9501,matched
STARWARS.xlsx,CANON,1082,Galaxy's Edge: A Crash of Fate,Novel (Young Adult),2019-08-06 00:00:00,Galaxy's Edge: A Crash of Fate,movie,,movie,,,0.0,no_match
STARWARS.xlsx,CANON,1083,Star Wars (2015),Comic (Marvel),2019-08-07 00:00:00,Star Wars (2015),movie,,movie,,,0.0,no_match
STARWARS.xlsx,CANON,1084,So Much More,Comic Story (IDW),2019-08-14 00:00:00,So Much More,movie,,movie,,,0.0,no_match
STARWARS.xlsx,CANON,1085,Hare-Brained Heist,Comic Story (IDW),2019-08-14 00:00:00,Hare-Brained Heist,movie,,movie,,,0.0,no_match
STARWARS.xlsx,CANON,1086,Target Vader,Comic (Marvel),2019-08-14 00:00:00,Target Vader,movie,,movie,,,0.0,no_match
STARWARS.xlsx,CANON,1087,TIE Fighter,Comic (Marvel),2019-08-21 00:00:00,TIE Fighter,movie,,movie,,,0.0,no_match
STARWARS.xlsx,CANON,1088,Kidnapped!,Comic Story (IDW),2019-08-21 00:00:00,Kidnapped!,movie,666139,movie,Killer in Suburbia,2019-07-01,0.4359,review
STARWARS.xlsx,CANON,1089,Tales from Wild Space: Win/Lose,Comic Story (IDW),2019-08-21 00:00:00,Tales from Wild Space: Win/Lose,movie,,movie,,,0.0,no_match
STARWARS.xlsx,CANON,1090,Doctor Aphra (2016),Comic (Marvel),2019-08-21 00:00:00,Doctor Aphra (2016),movie,,movie,,,0.0,no_match
STARWARS.xlsx,CANON,1091,Galaxy's Edge: Black Spire,Novel,2019-08-27 00:00:00,Galaxy's Edge: Black Spire,movie,,movie,,,0.0,no_match
STARWARS.xlsx,CANON,1092,Age of Resistance: General Hux,Comic (Marvel),2019-08-28 00:00:00,Age of Resistance: General Hux,movie,,movie,,,0.0,no_match
STARWARS.xlsx,CANON,1093,Age of Resistance: Poe Dameron,Comic (Marvel),2019-08-28 00:00:00,Age of Resistance: Poe Dameron,movie,,movie,,,0.0,no_match
STARWARS.xlsx,CANON,1094,Galaxy's Edge,Comic (Marvel),2019-08-28 00:00:00,Galaxy's Edge,movie,624371,movie,Star Wars: Galaxy's Edge - Adventure Awaits,2019-09-29,0.5646,review
STARWARS.xlsx,CANON,1095,Red Four,Comic Story (Marvel),2019-08-28 00:00:00,Red Four,movie,573336,movie,Red Venom Kills,2018-12-04,0.505,review
STARWARS.xlsx,CANON,1096,Jedi Fallen Order Dark Temple,Comic (Marvel),2019-09-04 00:00:00,Jedi Fallen Order Dark Temple,movie,,movie,,,0.0,no_match
STARWARS.xlsx,CANON,1097,Star Wars (2015),Comic (Marvel),2019-09-04 00:00:00,Star Wars (2015),movie,,movie,,,0.0,no_match
STARWARS.xlsx,CANON,1098,Age of Resistance: Supreme Leader Snoke,Comic (Marvel),2019-09-11 00:00:00,Age of Resistance: Supreme Leader Snoke,movie,,movie,,,0.0,no_match
STARWARS.xlsx,CANON,1099,The Right Wrong Turn,Comic Story (IDW),2019-09-11 00:00:00,The Right Wrong Turn,movie,,movie,,,0.0,no_match
STARWARS.xlsx,CANON,1100,Age of Resistance: Rey,Comic (Marvel),2019-09-18 00:00:00,Age of Resistance: Rey,movie,,movie,,,0.0,no_match
STARWARS.xlsx,CANON,1101,Age of Resistance: Rose Tico,Comic (Marvel),2019-09-18 00:00:00,Age of Resistance: Rose Tico,movie,,movie,,,0.0,no_match
STARWARS.xlsx,CANON,1102,Doctor Aphra (2016),Comic (Marvel),2019-09-18 00:00:00,Doctor Aphra (2016),movie,,movie,,,0.0,no_match
STARWARS.xlsx,CANON,1103,Age of Resistance: Kylo Ren,Comic (Marvel),2019-09-25 00:00:00,Age of Resistance: Kylo Ren,movie,,movie,,,0.0,no_match
STARWARS.xlsx,CANON,1104,Jedi Fallen Order Dark Temple,Comic (Marvel),2019-09-25 00:00:00,Jedi Fallen Order Dark Temple,movie,,movie,,,0.0,no_match
STARWARS.xlsx,CANON,1105,Target Vader,Comic (Marvel),2019-09-25 00:00:00,Target Vader,movie,,movie,,,0.0,no_match
STARWARS.xlsx,CANON,1106,Life Lessons,Comic Story (IDW),2019-09-25 00:00:00,Life Lessons,movie,,movie,,,0.0,no_match
STARWARS.xlsx,CANON,1107,Tales from Wild Space: Alone in the Dark,Comic Story (IDW),2019-09-25 00:00:00,Tales from Wild Space: Alone in the Dark,movie,,movie,,,0.0,no_match
STARWARS.xlsx,CANON,1108,Vader Immortal: Episode II,Video Game,2019-09-25 00:00:00,Vader Immortal: Episode II,movie,,movie,,,0.0,no_match
STARWARS.xlsx,CANON,1109,Star Wars Adventures: Return to Vader's Castle,Comic (IDW),2019-10-02 00:00:00,Star Wars Adventures: Return to Vader's Castle,movie,,movie,,,0.0,no_match
STARWARS.xlsx,CANON,1110,Doctor Aphra (2016),Comic (Marvel),2019-10-02 00:00:00,Doctor Aphra (2016),movie,,movie,,,0.0,no_match
STARWARS.xlsx,CANON,1111,Star Wars (2015),Comic (Marvel),2019-10-02 00:00:00,Star Wars (2015),movie,,movie,,,0.0,no_match
STARWARS.xlsx,CANON,1112,Choose Your Destiny: A Finn & Poe Adventure,Novel (Middle-Grade),2019-10-04 00:00:00,Choose Your Destiny: A Finn & Poe Adventure,movie,,movie,,,0.0,no_match
STARWARS.xlsx,CANON,1113,Force Collector,Novel (Young Adult),2019-10-04 00:00:00,Force Collector,movie,,movie,,,0.0,no_match
STARWARS.xlsx,CANON,1114,Spark of the Resistance,Novel (Middle-Grade),2019-10-04 00:00:00,Spark of the Resistance,movie,,movie,,,0.0,no_match
STARWARS.xlsx,CANON,1115,Into the Unknown,TV (Animated),2019-10-06 00:00:00,Into the Unknown,tv,,tv,,,0.0,no_match
STARWARS.xlsx,CANON,1116,Allegiance,Comic (Marvel),2019-10-09 00:00:00,Allegiance,movie,,movie,,,0.0,no_match
STARWARS.xlsx,CANON,1117,Star Wars Adventures: Return to Vader's Castle,Comic (IDW),2019-10-09 00:00:00,Star Wars Adventures: Return to Vader's Castle,movie,,movie,,,0.0,no_match
STARWARS.xlsx,CANON,1118,Jedi Fallen Order Dark Temple,Comic (Marvel),2019-10-09 00:00:00,Jedi Fallen Order Dark Temple,movie,,movie,,,0.0,no_match
STARWARS.xlsx,CANON,1119,Target Vader,Comic (Marvel),2019-10-09 00:00:00,Target Vader,movie,,movie,,,0.0,no_match
STARWARS.xlsx,CANON,1120,A Quick Salvage Run,TV (Animated),2019-10-13 00:00:00,A Quick Salvage Run,tv,,tv,,,0.0,no_match
STARWARS.xlsx,CANON,1121,Allegiance,Comic (Marvel),2019-10-16 00:00:00,Allegiance,movie,,movie,,,0.0,no_match
STARWARS.xlsx,CANON,1122,Star Wars Adventures: Return to Vader's Castle,Comic (IDW),2019-10-16 00:00:00,Star Wars Adventures: Return to Vader's Castle,movie,,movie,,,0.0,no_match
STARWARS.xlsx,CANON,1123,Live Fire,TV (Animated),2019-10-20 00:00:00,Live Fire,tv,,tv,,,0.0,no_match
STARWARS.xlsx,CANON,1124,Return of the Jedi: Graphic Novel Adaptation,Graphic Novel,2019-10-22 00:00:00,Return of the Jedi: Graphic Novel Adaptation,movie,,movie,,,0.0,no_match
STARWARS.xlsx,CANON,1125,Allegiance,Comic (Marvel),2019-10-23 00:00:00,Allegiance,movie,,movie,,,0.0,no_match
STARWARS.xlsx,CANON,1126,Star Wars Adventures: Return to Vader's Castle,Comic (IDW),2019-10-23 00:00:00,Star Wars Adventures: Return to Vader's Castle,movie,,movie,,,0.0,no_match
STARWARS.xlsx,CANON,1127,Star Wars (2015),Comic (Marvel),2019-10-23 00:00:00,Star Wars (2015),movie,,movie,,,0.0,no_match
STARWARS.xlsx,CANON,1128,Hunt on Celsor 3,TV (Animated),2019-10-27 00:00:00,Hunt on Celsor 3,tv,,tv,,,0.0,no_match
STARWARS.xlsx,CANON,1129,Doctor Aphra Annual,Comic (Marvel),2019-10-30 00:00:00,Doctor Aphra Annual,movie,,movie,,,0.0,no_match
STARWARS.xlsx,CANON,1130,Allegiance,Comic (Marvel),2019-10-30 00:00:00,Allegiance,movie,,movie,,,0.0,no_match
STARWARS.xlsx,CANON,1131,Star Wars Adventures: Return to Vader's Castle,Comic (IDW),2019-10-30 00:00:00,Star Wars Adventures: Return to Vader's Castle,movie,,movie,,,0.0,no_match
STARWARS.xlsx,CANON,1132,"Ghosts of Kashyyyk, Part 1",Comic Story (IDW),2019-10-30 00:00:00,"Ghosts of Kashyyyk, Part 1",movie,,movie,,,0.0,no_match
STARWARS.xlsx,CANON,1133,"Secret Agent Droids, Part 1",Comic Story (IDW),2019-10-30 00:00:00,"Secret Agent Droids, Part 1",movie,,movie,,,0.0,no_match
STARWARS.xlsx,CANON,1134,Doctor Aphra (2016),Comic (Marvel),2019-10-30 00:00:00,Doctor Aphra (2016),movie,,movie,,,0.0,no_match
STARWARS.xlsx,CANON,1135,The Engineer,TV (Animated),2019-11-03 00:00:00,The Engineer,tv,115339,tv,Engineering the Future,2019-01-01,0.5691,review
STARWARS.xlsx,CANON,1136,From Beneath,TV (Animated),2019-11-10 00:00:00,From Beneath,tv,,tv,,,0.0,no_match
STARWARS.xlsx,CANON,1137,Chapter 1 - The Mandalorian,TV (Live Action),2019-11-12 00:00:00,Chapter 1 - The Mandalorian,tv,,tv,,,0.0,no_match
STARWARS.xlsx,CANON,1138,Resistance Reborn,Novel,2019-11-12 00:00:00,Resistance Reborn,movie,,movie,,,0.0,no_match
STARWARS.xlsx,CANON,1139,Jedi Fallen Order Dark Temple,Comic (Marvel),2019-11-13 00:00:00,Jedi Fallen Order Dark Temple,movie,,movie,,,0.0,no_match
STARWARS.xlsx,CANON,1140,Target Vader,Comic (Marvel),2019-11-13 00:00:00,Target Vader,movie,,movie,,,0.0,no_match
STARWARS.xlsx,CANON,1141,Star Wars (2015),Comic (Marvel),2019-11-13 00:00:00,Star Wars (2015),movie,,movie,,,0.0,no_match
STARWARS.xlsx,CANON,1142,Chapter 2 - The Child,TV (Live Action),2019-11-15 00:00:00,Chapter 2 - The Child,tv,,tv,,,0.0,no_match
STARWARS.xlsx,CANON,1143,Jedi: Fallen Order,Video Game,2019-11-15 00:00:00,Jedi: Fallen Order,movie,988904,movie,Built by Jedi - The Making of Star Wars Jedi: Fallen Order,2019-11-15,0.5712,review
STARWARS.xlsx,CANON,1144,The Relic Raiders,TV (Animated),2019-11-17 00:00:00,The Relic Raiders,tv,,tv,,,0.0,no_match
STARWARS.xlsx,CANON,1145,Star Wars (2015),Comic (Marvel),2019-11-20 00:00:00,Star Wars (2015),movie,,movie,,,0.0,no_match
STARWARS.xlsx,CANON,1146,Vader Immortal: Episode III,Video Game,2019-11-21 00:00:00,Vader Immortal: Episode III,movie,,movie,,,0.0,no_match
STARWARS.xlsx,CANON,1147,Chapter 3 - The Sin,TV (Live Action),2019-11-22 00:00:00,Chapter 3 - The Sin,tv,,tv,,,0.0,no_match
STARWARS.xlsx,CANON,1148,Rendezvous Point,TV (Animated),2019-11-24 00:00:00,Rendezvous Point,tv,,tv,,,0.0,no_match
STARWARS.xlsx,CANON,1149,"Ghosts of Kashyyyk, Part 2",Comic Story (IDW),2019-11-27 00:00:00,"Ghosts of Kashyyyk, Part 2",movie,,movie,,,0.0,no_match
STARWARS.xlsx,CANON,1150,"Secret Agent Droids, Part 2",Comic Story (IDW),2019-11-27 00:00:00,"Secret Agent Droids, Part 2",movie,,movie,,,0.0,no_match
STARWARS.xlsx,CANON,1151,Doctor Aphra (2016),Comic (Marvel),2019-11-27 00:00:00,Doctor Aphra (2016),movie,,movie,,,0.0,no_match
STARWARS.xlsx,CANON,1152,Chapter 4 - Sanctuary,TV (Live Action),2019-11-29 00:00:00,Chapter 4 - Sanctuary,tv,,tv,,,0.0,no_match
STARWARS.xlsx,CANON,1153,The Voxx Vortex 5000,TV (Animated),2019-12-01 00:00:00,The Voxx Vortex 5000,tv,,tv,,,0.0,no_match
STARWARS.xlsx,CANON,1154,Jedi Fallen Order Dark Temple,Comic (Marvel),2019-12-04 00:00:00,Jedi Fallen Order Dark Temple,movie,,movie,,,0.0,no_match
STARWARS.xlsx,CANON,1155,Rise of the Resistance,Disney World Attraction,2019-12-05 00:00:00,Rise of the Resistance,movie,,movie,,,0.0,no_match
STARWARS.xlsx,CANON,1156,Chapter 5 - The Gunslinger,TV (Live Action),2019-12-06 00:00:00,Chapter 5 - The Gunslinger,tv,,tv,,,0.0,no_match
STARWARS.xlsx,CANON,1157,Kaz's Curse,TV (Animated),2019-12-08 00:00:00,Kaz's Curse,tv,,tv,,,0.0,no_match
STARWARS.xlsx,CANON,1158,Target Vader,Comic (Marvel),2019-12-11 00:00:00,Target Vader,movie,,movie,,,0.0,no_match
STARWARS.xlsx,CANON,1159,Doctor Aphra (2016),Comic (Marvel),2019-12-11 00:00:00,Doctor Aphra (2016),movie,,movie,,,0.0,no_match
STARWARS.xlsx,CANON,1160,Chapter 6 - The Prisoner,TV (Live Action),2019-12-13 00:00:00,Chapter 6 - The Prisoner,tv,,tv,,,0.0,no_match
STARWARS.xlsx,CANON,1161,Star Wars Rebels Vol. 1,Manga,2019-12-13 00:00:00,Star Wars Rebels Vol. 1,movie,,movie,,,0.0,no_match
STARWARS.xlsx,CANON,1162,Station to Station,TV (Animated),2019-12-15 00:00:00,Station to Station,tv,,tv,,,0.0,no_match
STARWARS.xlsx,CANON,1163,The Galaxy Needs You,Book (Junior),2019-12-17 00:00:00,The Galaxy Needs You,movie,,movie,,,0.0,no_match
STARWARS.xlsx,CANON,1164,Epilogue,Comic Story (Marvel),2019-12-18 00:00:00,Epilogue,movie,768653,movie,Epilogue,2019-06-12,0.9501,matched
STARWARS.xlsx,CANON,1165,An Echo of Victory,Comic Story (Marvel),2019-12-18 00:00:00,An Echo of Victory,movie,,movie,,,0.0,no_match
STARWARS.xlsx,CANON,1166,In Service to the Empire,Comic Story (Marvel),2019-12-18 00:00:00,In Service to the Empire,movie,,movie,,,0.0,no_match
STARWARS.xlsx,CANON,1167,Two Sides to Every Sortie,Comic Story (Marvel),2019-12-18 00:00:00,Two Sides to Every Sortie,movie,,movie,,,0.0,no_match
STARWARS.xlsx,CANON,1168,The Rise of Kylo Ren,Comic (Marvel),2019-12-18 00:00:00,The Rise of Kylo Ren,movie,,movie,,,0.0,no_match
STARWARS.xlsx,CANON,1169,"Ghosts of Kashyyyk, Part 3",Comic Story (IDW),2019-12-18 00:00:00,"Ghosts of Kashyyyk, Part 3",movie,,movie,,,0.0,no_match
STARWARS.xlsx,CANON,1170,"Secret Agent Droids, Part 3",Comic Story (IDW),2019-12-18 00:00:00,"Secret Agent Droids, Part 3",movie,,movie,,,0.0,no_match
STARWARS.xlsx,CANON,1171,Chapter 7 - The Reckoning,TV (Live Action),2019-12-18 00:00:00,Chapter 7 - The Reckoning,tv,,tv,,,0.0,no_match
STARWARS.xlsx,CANON,1172,Star Wars Episode IX: The Rise of Skywalker,Film,2019-12-20 00:00:00,Star Wars Episode IX: The Rise of Skywalker,movie,181812,movie,Star Wars: The Rise of Skywalker,2019-12-18,0.8506,matched
STARWARS.xlsx,CANON,1173,The Missing Agent,TV (Animated),2019-12-22 00:00:00,The Missing Agent,tv,,tv,,,0.0,no_match
STARWARS.xlsx,CANON,1174,Chapter 8 - Redemption,TV (Live Action),2019-12-27 00:00:00,Chapter 8 - Redemption,tv,,tv,,,0.0,no_match
STARWARS.xlsx,CANON,1175,Breakout,TV (Animated),2019-12-29 00:00:00,Breakout,tv,,tv,,,0.0,no_match
STARWARS.xlsx,CANON,1176,Star Wars (2020),Comic (Marvel),2020-01-01 00:00:00,Star Wars (2020),movie,,movie,,,0.0,no_match
STARWARS.xlsx,CANON,1177,The Mutiny,TV (Animated),2020-01-05 00:00:00,The Mutiny,tv,208811,tv,The Mutiny,2020-05-18,0.9503,matched
STARWARS.xlsx,CANON,1178,The Rise of Kylo Ren,Comic (Marvel),2020-01-08 00:00:00,The Rise of Kylo Ren,movie,,movie,,,0.0,no_match
STARWARS.xlsx,CANON,1179,The New World,TV (Animated),2020-01-12 00:00:00,The New World,tv,97976,tv,New World,2020-01-13,0.8207,matched
STARWARS.xlsx,CANON,1180,No Place Safe,TV (Animated),2020-01-12 00:00:00,No Place Safe,tv,,tv,,,0.0,no_match
STARWARS.xlsx,CANON,1181,The Legends of Luke Skywalker - The Manga,Manga,2020-01-14 00:00:00,The Legends of Luke Skywalker - The Manga,movie,,movie,,,0.0,no_match
STARWARS.xlsx,CANON,1182,Rebuilding the Resistance,TV (Animated),2020-01-19 00:00:00,Rebuilding the Resistance,tv,,tv,,,0.0,no_match
STARWARS.xlsx,CANON,1183,The Escape,TV (Animated),2020-01-26 00:00:00,The Escape,tv,116501,tv,Escape The Matrix,2020-07-01,0.5503,review
STARWARS.xlsx,CANON,1184,The Escape,TV (Animated),2020-01-26 00:00:00,The Escape,tv,116501,tv,Escape The Matrix,2020-07-01,0.5503,review
STARWARS.xlsx,CANON,1185,Star Wars (2020),Comic (Marvel),2020-01-29 00:00:00,Star Wars (2020),movie,,movie,,,0.0,no_match
STARWARS.xlsx,CANON,1186,Loyalty Test,Comic Story (IDW),2020-01-29 00:00:00,Loyalty Test,movie,,movie,,,0.0,no_match
STARWARS.xlsx,CANON,1187,"The Lost Stories, Part 1",Comic Story (IDW),2020-01-29 00:00:00,"The Lost Stories, Part 1",movie,,movie,,,0.0,no_match
STARWARS.xlsx,CANON,1188,Darth Vader (2020),Comic (Marvel),2020-02-05 00:00:00,Darth Vader (2020),movie,,movie,,,0.0,no_match
STARWARS.xlsx,CANON,1189,R2-D2 is LOST!,Book (Junior),2020-02-11 00:00:00,R2-D2 is LOST!,movie,,movie,,,0.0,no_match
STARWARS.xlsx,CANON,1190,The Rise of Kylo Ren,Comic (Marvel),2020-02-12 00:00:00,The Rise of Kylo Ren,movie,,movie,,,0.0,no_match
STARWARS.xlsx,CANON,1191,The Bad Batch,TV (Animated),2020-02-21 00:00:00,The Bad Batch,tv,,tv,,,0.0,no_match
STARWARS.xlsx,CANON,1192,Star Wars (2020),Comic (Marvel),2020-02-26 00:00:00,Star Wars (2020),movie,,movie,,,0.0,no_match
STARWARS.xlsx,CANON,1193,A Distant Echo,TV (Animated),2020-02-28 00:00:00,A Distant Echo,tv,,tv,,,0.0,no_match
STARWARS.xlsx,CANON,1194,On the Wings of Keeradaks,TV (Animated),2020-03-06 00:00:00,On the Wings of Keeradaks,tv,,tv,,,0.0,no_match
STARWARS.xlsx,CANON,1195,Bounty Hunters,Comic (Marvel),2020-03-11 00:00:00,Bounty Hunters,movie,,movie,,,0.0,no_match
STARWARS.xlsx,CANON,1196,Darth Vader (2020),Comic (Marvel),2020-03-11 00:00:00,Darth Vader (2020),movie,,movie,,,0.0,no_match
STARWARS.xlsx,CANON,1197,The Rise of Kylo Ren,Comic (Marvel),2020-03-11 00:00:00,The Rise of Kylo Ren,movie,,movie,,,0.0,no_match
STARWARS.xlsx,CANON,1198,The Force Calls to Rey,Short (Junior),2020-03-13 00:00:00,The Force Calls to Rey,movie,,movie,,,0.0,no_match
STARWARS.xlsx,CANON,1199,Rey and Friends vs. The First Order,Short (Junior),2020-03-13 00:00:00,Rey and Friends vs. The First Order,movie,,movie,,,0.0,no_match
STARWARS.xlsx,CANON,1200,Kylo Ren and Darth Vader - A Legacy of Power,Short (Junior),2020-03-13 00:00:00,Kylo Ren and Darth Vader - A Legacy of Power,movie,,movie,,,0.0,no_match
STARWARS.xlsx,CANON,1201,Unfinished Business,TV (Animated),2020-03-13 00:00:00,Unfinished Business,tv,,tv,,,0.0,no_match
STARWARS.xlsx,CANON,1202,The Rise of Skywalker: Expanded Edition,Novel,2020-03-17 00:00:00,The Rise of Skywalker: Expanded Edition,movie,,movie,,,0.0,no_match
STARWARS.xlsx,CANON,1203,Star Wars (2020),Comic (Marvel),2020-03-18 00:00:00,Star Wars (2020),movie,,movie,,,0.0,no_match
STARWARS.xlsx,CANON,1204,Squad Goals,Comic Story (IDW),2020-03-18 00:00:00,Squad Goals,movie,,movie,,,0.0,no_match
STARWARS.xlsx,CANON,1205,"The Lost Stories, Part 2",Comic Story (IDW),2020-03-18 00:00:00,"The Lost Stories, Part 2",movie,,movie,,,0.0,no_match
STARWARS.xlsx,CANON,1206,"Leia Organa - A Princess, A General, A Mentor",Short (Junior),2020-03-20 00:00:00,"Leia Organa - A Princess, A General, A Mentor",movie,,movie,,,0.0,no_match
STARWARS.xlsx,CANON,1207,Gone With a Trace,TV (Animated),2020-03-20 00:00:00,Gone With a Trace,tv,,tv,,,0.0,no_match
STARWARS.xlsx,CANON,1208,Bounty Hunters,Comic (Marvel),2020-03-25 00:00:00,Bounty Hunters,movie,,movie,,,0.0,no_match
STARWARS.xlsx,CANON,1209,BB-8 - A Hero Rolls Out,Short (Junior),2020-03-27 00:00:00,BB-8 - A Hero Rolls Out,movie,,movie,,,0.0,no_match
STARWARS.xlsx,CANON,1210,Deal No Deal,TV (Animated),2020-03-27 00:00:00,Deal No Deal,tv,,tv,,,0.0,no_match
STARWARS.xlsx,CANON,1211,Rey and Finn vs. Kylo Ren,Short (Junior),2020-04-03 00:00:00,Rey and Finn vs. Kylo Ren,movie,,movie,,,0.0,no_match
STARWARS.xlsx,CANON,1212,Dangerous Debt,TV (Animated),2020-04-03 00:00:00,Dangerous Debt,tv,,tv,,,0.0,no_match
STARWARS.xlsx,CANON,1213,Star Wars Droids vs. Stormtroopers,Short (Junior),2020-04-10 00:00:00,Star Wars Droids vs. Stormtroopers,movie,,movie,,,0.0,no_match
STARWARS.xlsx,CANON,1214,Together Again,TV (Animated),2020-04-10 00:00:00,Together Again,tv,109818,tv,Together Against COVID-19,2020-09-02,0.747,matched
STARWARS.xlsx,CANON,1215,The Rise of Skywalker: A Junior Novel,Novel (Middle-Grade),2020-04-16 00:00:00,The Rise of Skywalker: A Junior Novel,movie,,movie,,,0.0,no_match
STARWARS.xlsx,CANON,1216,Kylo Ren vs. Resistance Rebels,Short (Junior),2020-04-17 00:00:00,Kylo Ren vs. Resistance Rebels,movie,,movie,,,0.0,no_match
STARWARS.xlsx,CANON,1217,Old Friends Not Forgotten,TV (Animated),2020-04-17 00:00:00,Old Friends Not Forgotten,tv,,tv,,,0.0,no_match
STARWARS.xlsx,CANON,1218,Finn and Poe - An Unlikely Friendship,Short (Junior),2020-04-24 00:00:00,Finn and Poe - An Unlikely Friendship,movie,,movie,,,0.0,no_match
STARWARS.xlsx,CANON,1219,The Phantom Apprentice,TV (Animated),2020-04-24 00:00:00,The Phantom Apprentice,tv,,tv,,,0.0,no_match
STARWARS.xlsx,CANON,1220,The First Order vs. The Resistance,Short (Junior),2020-05-01 00:00:00,The First Order vs. The Resistance,movie,,movie,,,0.0,no_match
STARWARS.xlsx,CANON,1221,Shattered,TV (Animated),2020-05-01 00:00:00,Shattered,tv,,tv,,,0.0,no_match
STARWARS.xlsx,CANON,1222,Doctor Aphra (2020),Comic (Marvel),2020-05-04 00:00:00,Doctor Aphra (2020),movie,,movie,,,0.0,no_match
STARWARS.xlsx,CANON,1223,Victory and Death,TV (Animated),2020-05-04 00:00:00,Victory and Death,tv,,tv,,,0.0,no_match
STARWARS.xlsx,CANON,1224,A New Hope Die-Cut Children's Book,Book (Junior),2020-05-05 00:00:00,A New Hope Die-Cut Children's Book,movie,,movie,,,0.0,no_match
STARWARS.xlsx,CANON,1225,Return of the Jedi Die-Cut Children's Book,Book (Junior),2020-05-05 00:00:00,Return of the Jedi Die-Cut Children's Book,movie,,movie,,,0.0,no_match
STARWARS.xlsx,CANON,1226,The Empire Strikes Back Die-Cut Children's Book,Book (Junior),2020-05-05 00:00:00,The Empire Strikes Back Die-Cut Children's Book,movie,,movie,,,0.0,no_match
STARWARS.xlsx,CANON,1227,Star Wars Adventures: The Clone Wars: Battle Tales,Comic (IDW),2020-05-20 00:00:00,Star Wars Adventures: The Clone Wars: Battle Tales,movie,,movie,,,0.0,no_match
STARWARS.xlsx,CANON,1228,Battle of Hoth,Short (Junior),2020-05-21 00:00:00,Battle of Hoth,movie,,movie,,,0.0,no_match
STARWARS.xlsx,CANON,1229,Journey to Dagobah - Luke Skywalker Trains with Master Yoda,Short (Junior),2020-05-28 00:00:00,Journey to Dagobah - Luke Skywalker Trains with Master Yoda,movie,,movie,,,0.0,no_match
STARWARS.xlsx,CANON,1230,Queen's Peril,Novel (Young Adult),2020-06-02 00:00:00,Queen's Peril,movie,,movie,,,0.0,no_match
STARWARS.xlsx,CANON,1231,Rendezvous at Bespin,Short (Junior),2020-06-11 00:00:00,Rendezvous at Bespin,movie,,movie,,,0.0,no_match
STARWARS.xlsx,CANON,1232,Clash on Cloud City,Short (Junior),2020-06-12 00:00:00,Clash on Cloud City,movie,,movie,,,0.0,no_match
STARWARS.xlsx,CANON,1233,Shadow Fall: An Alphabet Squadron Novel,Novel,2020-06-23 00:00:00,Shadow Fall: An Alphabet Squadron Novel,movie,,movie,,,0.0,no_match
STARWARS.xlsx,CANON,1234,Star Wars Adventures: The Clone Wars: Battle Tales,Comic (IDW),2020-06-24 00:00:00,Star Wars Adventures: The Clone Wars: Battle Tales,movie,,movie,,,0.0,no_match
STARWARS.xlsx,CANON,1235,Bounty Hunters,Comic (Marvel),2020-06-24 00:00:00,Bounty Hunters,movie,,movie,,,0.0,no_match
STARWARS.xlsx,CANON,1236,Return to a Shattered Planet,Short Story,2020-06-30 00:00:00,Return to a Shattered Planet,movie,,movie,,,0.0,no_match
STARWARS.xlsx,CANON,1237,The Battle for Horizon Base,Comic Story (IDW),2020-07-15 00:00:00,The Battle for Horizon Base,movie,,movie,,,0.0,no_match
STARWARS.xlsx,CANON,1238,"The Lost Stories, Part 3",Comic Story (IDW),2020-07-15 00:00:00,"The Lost Stories, Part 3",movie,,movie,,,0.0,no_match
STARWARS.xlsx,CANON,1239,Doctor Aphra,Audio Drama,2020-07-21 00:00:00,Doctor Aphra,movie,,movie,,,0.0,no_match
STARWARS.xlsx,CANON,1240,Doctor Aphra (2020),Comic (Marvel),2020-07-22 00:00:00,Doctor Aphra (2020),movie,,movie,,,0.0,no_match
STARWARS.xlsx,CANON,1241,The Orphanage,Short Story,2020-07-28 00:00:00,The Orphanage,movie,6537,movie,The Orphanage,2007-05-20,0.7219,matched
STARWARS.xlsx,CANON,1242,Buyer Beware,Short Story,2020-07-28 00:00:00,Buyer Beware,movie,,movie,,,0.0,no_match
STARWARS.xlsx,CANON,1243,The Predecessor,Short Story,2020-07-28 00:00:00,The Predecessor,movie,,movie,,,0.0,no_match
STARWARS.xlsx,CANON,1244,Blood Moon,Short Story,2020-07-28 00:00:00,Blood Moon,movie,699361,movie,Blood Moon Party,2020-10-23,0.7841,matched
STARWARS.xlsx,CANON,1245,The Dark Mirror,Short Story,2020-07-28 00:00:00,The Dark Mirror,movie,,movie,,,0.0,no_match
STARWARS.xlsx,CANON,1246,The Gilded Cage,Short Story,2020-07-28 00:00:00,The Gilded Cage,movie,,movie,,,0.0,no_match
STARWARS.xlsx,CANON,1247,A Life Immortal,Short Story,2020-07-28 00:00:00,A Life Immortal,movie,,movie,,,0.0,no_match
STARWARS.xlsx,CANON,1248,Darth Vader (2020),Comic (Marvel),2020-07-29 00:00:00,Darth Vader (2020),movie,,movie,,,0.0,no_match
STARWARS.xlsx,CANON,1249,Poe Dameron: Free Fall,Novel (Young Adult),2020-08-04 00:00:00,Poe Dameron: Free Fall,movie,,movie,,,0.0,no_match
STARWARS.xlsx,CANON,1250,Star Wars Adventures: The Clone Wars: Battle Tales,Comic (IDW),2020-08-05 00:00:00,Star Wars Adventures: The Clone Wars: Battle Tales,movie,,movie,,,0.0,no_match
STARWARS.xlsx,CANON,1251,Star Wars (2020),Comic (Marvel),2020-08-05 00:00:00,Star Wars (2020),movie,,movie,,,0.0,no_match
STARWARS.xlsx,CANON,1252,Darth Vader (2020),Comic (Marvel),2020-08-12 00:00:00,Darth Vader (2020),movie,,movie,,,0.0,no_match
STARWARS.xlsx,CANON,1253,Bounty Hunters,Comic (Marvel),2020-08-19 00:00:00,Bounty Hunters,movie,,movie,,,0.0,no_match
STARWARS.xlsx,CANON,1254,Sharing the Same Face,Short Story,2020-08-25 00:00:00,Sharing the Same Face,movie,,movie,,,0.0,no_match
STARWARS.xlsx,CANON,1255,Dooku Captured,Short Story,2020-08-25 00:00:00,Dooku Captured,movie,,movie,,,0.0,no_match
STARWARS.xlsx,CANON,1256,Hostage Crisis,Short Story,2020-08-25 00:00:00,Hostage Crisis,movie,,movie,,,0.0,no_match
STARWARS.xlsx,CANON,1257,Pursuit of Peace,Short Story,2020-08-25 00:00:00,Pursuit of Peace,movie,,movie,,,0.0,no_match
STARWARS.xlsx,CANON,1258,The Shadow of Umbara,Short Story,2020-08-25 00:00:00,The Shadow of Umbara,movie,,movie,,,0.0,no_match
STARWARS.xlsx,CANON,1259,Bane's Story,Short Story,2020-08-25 00:00:00,Bane's Story,movie,,movie,,,0.0,no_match
STARWARS.xlsx,CANON,1260,The Lost Nightsister,Short Story,2020-08-25 00:00:00,The Lost Nightsister,movie,,movie,,,0.0,no_match
STARWARS.xlsx,CANON,1261,Dark Vengeance,Short Story,2020-08-25 00:00:00,Dark Vengeance,movie,,movie,,,0.0,no_match
STARWARS.xlsx,CANON,1262,Almost a Jedi,Short Story,2020-08-25 00:00:00,Almost a Jedi,movie,,movie,,,0.0,no_match
STARWARS.xlsx,CANON,1263,Kenobi's Shadow,Short Story,2020-08-25 00:00:00,Kenobi's Shadow,movie,,movie,,,0.0,no_match
STARWARS.xlsx,CANON,1264,Bug,Short Story,2020-08-25 00:00:00,Bug,movie,1364671,movie,Bug,2020-06-04,0.9505,matched
STARWARS.xlsx,CANON,1265,The Rise of Skywalker Little Golden Book,Book (Junior),2020-08-25 00:00:00,The Rise of Skywalker Little Golden Book,movie,,movie,,,0.0,no_match
STARWARS.xlsx,CANON,1266,Doctor Aphra (2020),Comic (Marvel),2020-08-26 00:00:00,Doctor Aphra (2020),movie,,movie,,,0.0,no_match
STARWARS.xlsx,CANON,1267,Star Wars Adventures: The Clone Wars: Battle Tales,Comic (IDW),2020-08-26 00:00:00,Star Wars Adventures: The Clone Wars: Battle Tales,movie,,movie,,,0.0,no_match
STARWARS.xlsx,CANON,1268,Millennium Falcon - Smugglers Run,Short (Junior),2020-08-27 00:00:00,Millennium Falcon - Smugglers Run,movie,,movie,,,0.0,no_match
STARWARS.xlsx,CANON,1269,Black Spire Outpost,Short (Junior),2020-08-27 00:00:00,Black Spire Outpost,movie,,movie,,,0.0,no_match
STARWARS.xlsx,CANON,1270,Rise of the Resistance,Short (Junior),2020-08-27 00:00:00,Rise of the Resistance,movie,,movie,,,0.0,no_match
STARWARS.xlsx,CANON,1271,The Sleep of Ages (Target-exclusive edition),Short Story,2020-08-30 00:00:00,The Sleep of Ages (Target-exclusive edition),movie,,movie,,,0.0,no_match
STARWARS.xlsx,CANON,1272,Bakurat (Target-exclusive edition),Short Story,2020-08-30 00:00:00,Bakurat (Target-exclusive edition),movie,,movie,,,0.0,no_match
STARWARS.xlsx,CANON,1273,A Bitter Harvest (Target-exclusive edition),Short Story,2020-08-30 00:00:00,A Bitter Harvest (Target-exclusive edition),movie,,movie,,,0.0,no_match
STARWARS.xlsx,CANON,1274,The Sleeping Eye (Target-exclusive edition),Short Story,2020-08-30 00:00:00,The Sleeping Eye (Target-exclusive edition),movie,,movie,,,0.0,no_match
STARWARS.xlsx,CANON,1275,The Leviathan (Target-exclusive edition),Short Story,2020-08-30 00:00:00,The Leviathan (Target-exclusive edition),movie,,movie,,,0.0,no_match
STARWARS.xlsx,CANON,1276,The Golden One (Target-exclusive edition),Short Story,2020-08-30 00:00:00,The Golden One (Target-exclusive edition),movie,,movie,,,0.0,no_match
STARWARS.xlsx,CANON,1277,Thrawn Ascendancy: Chaos Rising,Novel,2020-09-01 00:00:00,Thrawn Ascendancy: Chaos Rising,movie,,movie,,,0.0,no_match
STARWARS.xlsx,CANON,1278,Star Wars Rebels Vol. 2,Manga,2020-09-15 00:00:00,Star Wars Rebels Vol. 2,movie,,movie,,,0.0,no_match
STARWARS.xlsx,CANON,1279,Darth Vader (2020),Comic (Marvel),2020-09-16 00:00:00,Darth Vader (2020),movie,,movie,,,0.0,no_match
STARWARS.xlsx,CANON,1280,Star Wars (2020),Comic (Marvel),2020-09-16 00:00:00,Star Wars (2020),movie,,movie,,,0.0,no_match
STARWARS.xlsx,CANON,1281,Bounty Hunters,Comic (Marvel),2020-09-23 00:00:00,Bounty Hunters,movie,,movie,,,0.0,no_match
STARWARS.xlsx,CANON,1282,Doctor Aphra (2020),Comic (Marvel),2020-09-30 00:00:00,Doctor Aphra (2020),movie,,movie,,,0.0,no_match
STARWARS.xlsx,CANON,1283,Star Wars Adventures: The Clone Wars: Battle Tales,Comic (IDW),2020-09-30 00:00:00,Star Wars Adventures: The Clone Wars: Battle Tales,movie,,movie,,,0.0,no_match
STARWARS.xlsx,CANON,1284,Obi-Wan Kenobi,Short (Junior),2020-10-02 00:00:00,Obi-Wan Kenobi,movie,,movie,,,0.0,no_match
STARWARS.xlsx,CANON,1285,Star Wars: Squadrons,Video Game,2020-10-02 00:00:00,Star Wars: Squadrons,movie,1183093,movie,Star Wars: Squadrons - Hunted,2020-09-14,0.818,matched
STARWARS.xlsx,CANON,1286,Tales of Villainy: Invasion of Echo Base,Comic Story (IDW),2020-10-07 00:00:00,Tales of Villainy: Invasion of Echo Base,movie,,movie,,,0.0,no_match
STARWARS.xlsx,CANON,1287,"The Obstacle Course, Part 1",Comic Story (IDW),2020-10-07 00:00:00,"The Obstacle Course, Part 1",movie,,movie,,,0.0,no_match
STARWARS.xlsx,CANON,1288,Star Wars (2020),Comic (Marvel),2020-10-07 00:00:00,Star Wars (2020),movie,,movie,,,0.0,no_match
STARWARS.xlsx,CANON,1289,An Unwilling Apprentice (Galaxy's Edge edition),Short Story,2020-10-07 00:00:00,An Unwilling Apprentice (Galaxy's Edge edition),movie,,movie,,,0.0,no_match
STARWARS.xlsx,CANON,1290,The Silent Circle (Galaxy's Edge edition),Short Story,2020-10-07 00:00:00,The Silent Circle (Galaxy's Edge edition),movie,,movie,,,0.0,no_match
STARWARS.xlsx,CANON,1291,The Skiff & the Galleons (Galaxy's Edge edition),Short Story,2020-10-07 00:00:00,The Skiff & the Galleons (Galaxy's Edge edition),movie,,movie,,,0.0,no_match
STARWARS.xlsx,CANON,1292,Darth Vader (2020),Comic (Marvel),2020-10-14 00:00:00,Darth Vader (2020),movie,,movie,,,0.0,no_match
STARWARS.xlsx,CANON,1293,Bounty Hunters,Comic (Marvel),2020-10-21 00:00:00,Bounty Hunters,movie,,movie,,,0.0,no_match
STARWARS.xlsx,CANON,1294,The Mandalorian: This is the Way - Little Golden Book,Book (Junior),2020-10-27 00:00:00,The Mandalorian: This is the Way - Little Golden Book,movie,,movie,,,0.0,no_match
STARWARS.xlsx,CANON,1295,Doctor Aphra (2020),Comic (Marvel),2020-10-28 00:00:00,Doctor Aphra (2020),movie,,movie,,,0.0,no_match
STARWARS.xlsx,CANON,1296,Chapter 9 - The Marshal,TV (Live Action),2020-10-30 00:00:00,Chapter 9 - The Marshal,tv,,tv,,,0.0,no_match
STARWARS.xlsx,CANON,1297,Elee & Me,Book (Junior),2020-11-03 00:00:00,Elee & Me,movie,,movie,,,0.0,no_match
STARWARS.xlsx,CANON,1298,Star Wars (2020),Comic (Marvel),2020-11-04 00:00:00,Star Wars (2020),movie,,movie,,,0.0,no_match
STARWARS.xlsx,CANON,1299,Star Wars Adventures: Shadow of Vader's Castle,Comic (IDW),2020-11-04 00:00:00,Star Wars Adventures: Shadow of Vader's Castle,movie,,movie,,,0.0,no_match
STARWARS.xlsx,CANON,1300,Chapter 10 - The Passenger,TV (Live Action),2020-11-06 00:00:00,Chapter 10 - The Passenger,tv,,tv,,,0.0,no_match
STARWARS.xlsx,CANON,1301,Eyes of the Empire,Short Story,2020-11-10 00:00:00,Eyes of the Empire,movie,,movie,,,0.0,no_match
STARWARS.xlsx,CANON,1302,Hunger,Short Story,2020-11-10 00:00:00,Hunger,movie,849526,movie,Hunger,2020-05-05,0.9503,matched
STARWARS.xlsx,CANON,1303,Ion Control,Short Story,2020-11-10 00:00:00,Ion Control,movie,,movie,,,0.0,no_match
STARWARS.xlsx,CANON,1304,A Good Kiss,Short Story,2020-11-10 00:00:00,A Good Kiss,movie,,movie,,,0.0,no_match
STARWARS.xlsx,CANON,1305,She Will Keep Them Warm,Short Story,2020-11-10 00:00:00,She Will Keep Them Warm,movie,,movie,,,0.0,no_match
STARWARS.xlsx,CANON,1306,Heroes of the Rebellion,Short Story,2020-11-10 00:00:00,Heroes of the Rebellion,movie,,movie,,,0.0,no_match
STARWARS.xlsx,CANON,1307,Rogue Two,Short Story,2020-11-10 00:00:00,Rogue Two,movie,,movie,,,0.0,no_match
STARWARS.xlsx,CANON,1308,Kendal,Short Story,2020-11-10 00:00:00,Kendal,movie,,movie,,,0.0,no_match
STARWARS.xlsx,CANON,1309,Against All Odds,Short Story,2020-11-10 00:00:00,Against All Odds,movie,22160,movie,Against All Odds,1984-03-02,0.721,matched
STARWARS.xlsx,CANON,1310,Beyond Hope,Short Story,2020-11-10 00:00:00,Beyond Hope,movie,,movie,,,0.0,no_match
STARWARS.xlsx,CANON,1311,The Truest Duty,Short Story,2020-11-10 00:00:00,The Truest Duty,movie,,movie,,,0.0,no_match
STARWARS.xlsx,CANON,1312,A Naturalist on Hoth,Short Story,2020-11-10 00:00:00,A Naturalist on Hoth,movie,,movie,,,0.0,no_match
STARWARS.xlsx,CANON,1313,The Dragonsnake Saves R2-D2,Short Story,2020-11-10 00:00:00,The Dragonsnake Saves R2-D2,movie,,movie,,,0.0,no_match
STARWARS.xlsx,CANON,1314,For the Last Time,Short Story,2020-11-10 00:00:00,For the Last Time,movie,,movie,,,0.0,no_match
STARWARS.xlsx,CANON,1315,Rendezvous Point,Short Story,2020-11-10 00:00:00,Rendezvous Point,movie,,movie,,,0.0,no_match
STARWARS.xlsx,CANON,1316,The Final Order,Short Story,2020-11-10 00:00:00,The Final Order,movie,,movie,,,0.0,no_match
STARWARS.xlsx,CANON,1317,Amara Kel's Rules for TIE Pilot Survival (Probably),Short Story,2020-11-10 00:00:00,Amara Kel's Rules for TIE Pilot Survival (Probably),movie,,movie,,,0.0,no_match
STARWARS.xlsx,CANON,1318,The First Lesson,Short Story,2020-11-10 00:00:00,The First Lesson,movie,853584,movie,Acting: The First Six Lessons,2020-11-15,0.7422,matched
STARWARS.xlsx,CANON,1319,Disturbance,Short Story,2020-11-10 00:00:00,Disturbance,movie,732667,movie,Persistent Disturbance,2019-10-09,0.6717,matched
STARWARS.xlsx,CANON,1320,This Is No Cave,Short Story,2020-11-10 00:00:00,This Is No Cave,movie,,movie,,,0.0,no_match
STARWARS.xlsx,CANON,1321,Lord Vader Will See You Now,Short Story,2020-11-10 00:00:00,Lord Vader Will See You Now,movie,,movie,,,0.0,no_match
STARWARS.xlsx,CANON,1322,Vergence,Short Story,2020-11-10 00:00:00,Vergence,movie,,movie,,,0.0,no_match
STARWARS.xlsx,CANON,1323,Tooth and Claw,Short Story,2020-11-10 00:00:00,Tooth and Claw,movie,,movie,,,0.0,no_match
STARWARS.xlsx,CANON,1324,STET!,Short Story,2020-11-10 00:00:00,STET!,movie,,movie,,,0.0,no_match
STARWARS.xlsx,CANON,1325,Wait for It,Short Story,2020-11-10 00:00:00,Wait for It,movie,,movie,,,0.0,no_match
STARWARS.xlsx,CANON,1326,Standard Imperial Procedure,Short Story,2020-11-10 00:00:00,Standard Imperial Procedure,movie,,movie,,,0.0,no_match
STARWARS.xlsx,CANON,1327,There Is Always Another,Short Story,2020-11-10 00:00:00,There Is Always Another,movie,,movie,,,0.0,no_match
STARWARS.xlsx,CANON,1328,Fake It Till You Make It,Short Story,2020-11-10 00:00:00,Fake It Till You Make It,movie,502048,movie,"Rich Boy, Rich Girl",2018-04-24,0.321,review
STARWARS.xlsx,CANON,1329,But What Does He Eat?,Short Story,2020-11-10 00:00:00,But What Does He Eat?,movie,,movie,,,0.0,no_match
STARWARS.xlsx,CANON,1330,Beyond the Clouds,Short Story,2020-11-10 00:00:00,Beyond the Clouds,movie,,movie,,,0.0,no_match
STARWARS.xlsx,CANON,1331,No Time for Poetry,Short Story,2020-11-10 00:00:00,No Time for Poetry,movie,,movie,,,0.0,no_match
STARWARS.xlsx,CANON,1332,Bespin Escape,Short Story,2020-11-10 00:00:00,Bespin Escape,movie,,movie,,,0.0,no_match
STARWARS.xlsx,CANON,1333,Faith in an Old Friend,Short Story,2020-11-10 00:00:00,Faith in an Old Friend,movie,,movie,,,0.0,no_match
STARWARS.xlsx,CANON,1334,Due on Batuu,Short Story,2020-11-10 00:00:00,Due on Batuu,movie,,movie,,,0.0,no_match
STARWARS.xlsx,CANON,1335,Into the Clouds,Short Story,2020-11-10 00:00:00,Into the Clouds,movie,,movie,,,0.0,no_match
STARWARS.xlsx,CANON,1336,The Witness,Short Story,2020-11-10 00:00:00,The Witness,movie,1061530,movie,The Witness,2020-12-11,0.9509,matched
STARWARS.xlsx,CANON,1337,The Man Who Built Cloud City,Short Story,2020-11-10 00:00:00,The Man Who Built Cloud City,movie,,movie,,,0.0,no_match
STARWARS.xlsx,CANON,1338,The Backup Backup Plan,Short Story,2020-11-10 00:00:00,The Backup Backup Plan,movie,,movie,,,0.0,no_match
STARWARS.xlsx,CANON,1339,Right-Hand Man,Short Story,2020-11-10 00:00:00,Right-Hand Man,movie,,movie,,,0.0,no_match
STARWARS.xlsx,CANON,1340,The Whills Strike Back,Short Story,2020-11-10 00:00:00,The Whills Strike Back,movie,,movie,,,0.0,no_match
STARWARS.xlsx,CANON,1341,Darth Vader (2020),Comic (Marvel),2020-11-11 00:00:00,Darth Vader (2020),movie,,movie,,,0.0,no_match
STARWARS.xlsx,CANON,1342,Chapter 11 - The Heiress,TV (Live Action),2020-11-13 00:00:00,Chapter 11 - The Heiress,tv,,tv,,,0.0,no_match
STARWARS.xlsx,CANON,1343,Rabbit Hunt,Comic Story (IDW),2020-11-18 00:00:00,Rabbit Hunt,movie,675952,movie,The Rabbit Hunters,2020-03-11,0.7764,matched
STARWARS.xlsx,CANON,1344,A Rebel Bounty,Comic Story (IDW),2020-11-18 00:00:00,A Rebel Bounty,movie,,movie,,,0.0,no_match
STARWARS.xlsx,CANON,1345,Bounty Hunters,Comic (Marvel),2020-11-18 00:00:00,Bounty Hunters,movie,,movie,,,0.0,no_match
STARWARS.xlsx,CANON,1346,Chapter 12 - The Seige,TV (Live Action),2020-11-20 00:00:00,Chapter 12 - The Seige,tv,,tv,,,0.0,no_match
STARWARS.xlsx,CANON,1347,"The Obstacle Course, Part 2",Comic Story (IDW),2020-11-25 00:00:00,"The Obstacle Course, Part 2",movie,,movie,,,0.0,no_match
STARWARS.xlsx,CANON,1348,Tales of Villainy: Follow and Lead,Comic Story (IDW),2020-11-25 00:00:00,Tales of Villainy: Follow and Lead,movie,,movie,,,0.0,no_match
STARWARS.xlsx,CANON,1349,Doctor Aphra (2020),Comic (Marvel),2020-11-25 00:00:00,Doctor Aphra (2020),movie,,movie,,,0.0,no_match
STARWARS.xlsx,CANON,1350,Chapter 13 - The Jedi,TV (Live Action),2020-11-27 00:00:00,Chapter 13 - The Jedi,tv,,tv,,,0.0,no_match
STARWARS.xlsx,CANON,1351,The Mandalorian: A Clan of Two,Book (Junior),2020-12-01 00:00:00,The Mandalorian: A Clan of Two,movie,,movie,,,0.0,no_match
STARWARS.xlsx,CANON,1352,Chapter 14 - The Tragedy,TV (Live Action),2020-12-04 00:00:00,Chapter 14 - The Tragedy,tv,,tv,,,0.0,no_match
STARWARS.xlsx,CANON,1353,Star Wars (2020),Comic (Marvel),2020-12-09 00:00:00,Star Wars (2020),movie,,movie,,,0.0,no_match
STARWARS.xlsx,CANON,1354,Chapter 15 - The Believer,TV (Live Action),2020-12-11 00:00:00,Chapter 15 - The Believer,tv,,tv,,,0.0,no_match
STARWARS.xlsx,CANON,1355,Starlight: Go Together,Short Story (Insider),2020-12-15 00:00:00,Starlight: Go Together,movie,,movie,,,0.0,no_match
STARWARS.xlsx,CANON,1356,Darth Vader (2020),Comic (Marvel),2020-12-16 00:00:00,Darth Vader (2020),movie,,movie,,,0.0,no_match
STARWARS.xlsx,CANON,1357,Chapter 16 - The Rescue,TV (Live Action),2020-12-18 00:00:00,Chapter 16 - The Rescue,tv,,tv,,,0.0,no_match
STARWARS.xlsx,CANON,1358,Star Wars Adventures: Smuggler's Run,Comic (IDW),2020-12-23 00:00:00,Star Wars Adventures: Smuggler's Run,movie,,movie,,,0.0,no_match
STARWARS.xlsx,CANON,1359,Bounty Hunters,Comic (Marvel),2020-12-23 00:00:00,Bounty Hunters,movie,,movie,,,0.0,no_match
STARWARS.xlsx,CANON,1360,A Jedi Tale,Short Story (Junior),2021-01-05 00:00:00,A Jedi Tale,movie,,movie,,,0.0,no_match
STARWARS.xlsx,CANON,1361,A Test of Courage,Novel (Middle-Grade),2021-01-05 00:00:00,A Test of Courage,movie,,movie,,,0.0,no_match
STARWARS.xlsx,CANON,1362,Light of the Jedi,Novel,2021-01-05 00:00:00,Light of the Jedi,movie,,movie,,,0.0,no_match
STARWARS.xlsx,CANON,1363,The Great Jedi Rescue,Book (Junior),2021-01-05 00:00:00,The Great Jedi Rescue,movie,,movie,,,0.0,no_match
STARWARS.xlsx,CANON,1364,The Mandalorian Junior Novel,Novel (Middle-Grade),2021-01-05 00:00:00,The Mandalorian Junior Novel,movie,,movie,,,0.0,no_match
STARWARS.xlsx,CANON,1365,The High Republic (2021),Comic (Marvel),2021-01-06 00:00:00,The High Republic (2021),movie,,movie,,,0.0,no_match
STARWARS.xlsx,CANON,1366,Star Wars (2020),Comic (Marvel),2021-01-06 00:00:00,Star Wars (2020),movie,,movie,,,0.0,no_match
STARWARS.xlsx,CANON,1367,A New Adventure,Short Story (Junior),2021-01-06 00:00:00,A New Adventure,movie,513305,movie,A New Old Play,2022-05-20,0.5397,review
STARWARS.xlsx,CANON,1368,The Battle Continues,Short Story (Junior),2021-01-06 00:00:00,The Battle Continues,movie,,movie,,,0.0,no_match
STARWARS.xlsx,CANON,1369,Against All Odds,Short Story (Junior),2021-01-06 00:00:00,Against All Odds,movie,22160,movie,Against All Odds,1984-03-02,0.721,matched
STARWARS.xlsx,CANON,1370,New Heroes for the Galaxy,Short Story (Junior),2021-01-06 00:00:00,New Heroes for the Galaxy,movie,,movie,,,0.0,no_match
STARWARS.xlsx,CANON,1371,The Final Fight,Short Story (Junior),2021-01-06 00:00:00,The Final Fight,movie,,movie,,,0.0,no_match
STARWARS.xlsx,CANON,1372,Darth Vader (2020),Comic (Marvel),2021-01-13 00:00:00,Darth Vader (2020),movie,,movie,,,0.0,no_match
STARWARS.xlsx,CANON,1373,Doctor Aphra (2020),Comic (Marvel),2021-01-20 00:00:00,Doctor Aphra (2020),movie,,movie,,,0.0,no_match
STARWARS.xlsx,CANON,1374,Star Wars Adventures: Smuggler's Run,Comic (IDW),2021-01-27 00:00:00,Star Wars Adventures: Smuggler's Run,movie,,movie,,,0.0,no_match
STARWARS.xlsx,CANON,1375,Bounty Hunters,Comic (Marvel),2021-01-27 00:00:00,Bounty Hunters,movie,,movie,,,0.0,no_match
STARWARS.xlsx,CANON,1376,Into the Dark,Novel (Young Adult),2021-02-02 00:00:00,Into the Dark,movie,875487,movie,Into the Darkness,2021-06-06,0.8543,matched
STARWARS.xlsx,CANON,1377,The High Republic Adventures (2021),Comic (IDW),2021-02-03 00:00:00,The High Republic Adventures (2021),movie,,movie,,,0.0,no_match
STARWARS.xlsx,CANON,1378,The High Republic (2021),Comic (Marvel),2021-02-03 00:00:00,The High Republic (2021),movie,,movie,,,0.0,no_match
STARWARS.xlsx,CANON,1379,Life Day,Comic Story (IDW),2021-02-03 00:00:00,Life Day,movie,723338,movie,Life in a Day 2020,2021-02-02,0.6733,matched
STARWARS.xlsx,CANON,1380,Tales of Villainy: The Hostage,Comic Story (IDW),2021-02-03 00:00:00,Tales of Villainy: The Hostage,movie,,movie,,,0.0,no_match
STARWARS.xlsx,CANON,1381,Star Wars (2020),Comic (Marvel),2021-02-03 00:00:00,Star Wars (2020),movie,,movie,,,0.0,no_match
STARWARS.xlsx,CANON,1382,The Force Awakens Die-Cut Children's Book,Book (Junior),2021-02-09 00:00:00,The Force Awakens Die-Cut Children's Book,movie,,movie,,,0.0,no_match
STARWARS.xlsx,CANON,1383,The Last Jedi Die-Cut Children's Book,Book (Junior),2021-02-09 00:00:00,The Last Jedi Die-Cut Children's Book,movie,,movie,,,0.0,no_match
STARWARS.xlsx,CANON,1384,The Rise of Skywalker Die-Cut Children's Book,Book (Junior),2021-02-09 00:00:00,The Rise of Skywalker Die-Cut Children's Book,movie,,movie,,,0.0,no_match
STARWARS.xlsx,CANON,1385,Darth Vader (2020),Comic (Marvel),2021-02-10 00:00:00,Darth Vader (2020),movie,,movie,,,0.0,no_match
STARWARS.xlsx,CANON,1386,The Rise of Skywalker Graphic Novel Adaptation,Graphic Novel,2021-03-02 00:00:00,The Rise of Skywalker Graphic Novel Adaptation,movie,,movie,,,0.0,no_match
STARWARS.xlsx,CANON,1387,Victory's Price: An Alphabet Squadron Novel,Novel,2021-03-02 00:00:00,Victory's Price: An Alphabet Squadron Novel,movie,,movie,,,0.0,no_match
STARWARS.xlsx,CANON,1388,The High Republic Adventures (2021),Comic (IDW),2021-03-03 00:00:00,The High Republic Adventures (2021),movie,,movie,,,0.0,no_match
STARWARS.xlsx,CANON,1389,The High Republic (2021),Comic (Marvel),2021-03-03 00:00:00,The High Republic (2021),movie,,movie,,,0.0,no_match
STARWARS.xlsx,CANON,1390,Star Wars (2020),Comic (Marvel),2021-03-10 00:00:00,Star Wars (2020),movie,,movie,,,0.0,no_match
STARWARS.xlsx,CANON,1391,Bounty Hunters,Comic (Marvel),2021-03-17 00:00:00,Bounty Hunters,movie,,movie,,,0.0,no_match
STARWARS.xlsx,CANON,1392,Life Day Part 2,Comic Story (IDW),2021-03-24 00:00:00,Life Day Part 2,movie,,movie,,,0.0,no_match
STARWARS.xlsx,CANON,1393,Tales of Villainy: Credits,Comic Story (IDW),2021-03-24 00:00:00,Tales of Villainy: Credits,movie,,movie,,,0.0,no_match
STARWARS.xlsx,CANON,1394,Doctor Aphra (2020),Comic (Marvel),2021-03-24 00:00:00,Doctor Aphra (2020),movie,,movie,,,0.0,no_match
STARWARS.xlsx,CANON,1395,Starlight: First Duty,Short Story (Insider),2021-03-30 00:00:00,Starlight: First Duty,movie,,movie,,,0.0,no_match
STARWARS.xlsx,CANON,1396,The High Republic Adventures (2021),Comic (IDW),2021-04-07 00:00:00,The High Republic Adventures (2021),movie,,movie,,,0.0,no_match
STARWARS.xlsx,CANON,1397,The High Republic (2021),Comic (Marvel),2021-04-07 00:00:00,The High Republic (2021),movie,,movie,,,0.0,no_match
STARWARS.xlsx,CANON,1398,Bounty Hunters,Comic (Marvel),2021-04-14 00:00:00,Bounty Hunters,movie,,movie,,,0.0,no_match
STARWARS.xlsx,CANON,1399,Doctor Aphra (2020),Comic (Marvel),2021-04-21 00:00:00,Doctor Aphra (2020),movie,,movie,,,0.0,no_match
STARWARS.xlsx,CANON,1400,Thrawn Ascendancy: Greater Good,Novel,2021-04-27 00:00:00,Thrawn Ascendancy: Greater Good,movie,,movie,,,0.0,no_match
STARWARS.xlsx,CANON,1401,Darth Vader (2020),Comic (Marvel),2021-04-28 00:00:00,Darth Vader (2020),movie,,movie,,,0.0,no_match
STARWARS.xlsx,CANON,1402,Aftermath,TV (Animated),2021-05-04 00:00:00,Aftermath,tv,251521,tv,Surviving Mann: Aftermath,2021-07-03,0.6113,review
STARWARS.xlsx,CANON,1403,The Mandalorian: Volume 1 - Die-Cut Children's Book,Book (Junior),2021-05-04 00:00:00,The Mandalorian: Volume 1 - Die-Cut Children's Book,movie,,movie,,,0.0,no_match
STARWARS.xlsx,CANON,1404,War of the Bounty Hunters Alpha,Comic (Marvel),2021-05-05 00:00:00,War of the Bounty Hunters Alpha,movie,,movie,,,0.0,no_match
STARWARS.xlsx,CANON,1405,The High Republic Adventures (2021),Comic (IDW),2021-05-05 00:00:00,The High Republic Adventures (2021),movie,,movie,,,0.0,no_match
STARWARS.xlsx,CANON,1406,Cut and Run,TV (Animated),2021-05-07 00:00:00,Cut and Run,tv,,tv,,,0.0,no_match
STARWARS.xlsx,CANON,1407,The High Republic (2021),Comic (Marvel),2021-05-12 00:00:00,The High Republic (2021),movie,,movie,,,0.0,no_match
STARWARS.xlsx,CANON,1408,Star Wars (2020),Comic (Marvel),2021-05-12 00:00:00,Star Wars (2020),movie,,movie,,,0.0,no_match
STARWARS.xlsx,CANON,1409,Replacements,TV (Animated),2021-05-14 00:00:00,Replacements,tv,,tv,,,0.0,no_match
STARWARS.xlsx,CANON,1410,Bounty Hunters,Comic (Marvel),2021-05-19 00:00:00,Bounty Hunters,movie,,movie,,,0.0,no_match
STARWARS.xlsx,CANON,1411,Cornered,TV (Animated),2021-05-21 00:00:00,Cornered,tv,,tv,,,0.0,no_match
STARWARS.xlsx,CANON,1412,Star Wars Adventures: The Weapon of a Jedi,Comic (IDW),2021-05-26 00:00:00,Star Wars Adventures: The Weapon of a Jedi,movie,,movie,,,0.0,no_match
STARWARS.xlsx,CANON,1413,Doctor Aphra (2020),Comic (Marvel),2021-05-26 00:00:00,Doctor Aphra (2020),movie,,movie,,,0.0,no_match
STARWARS.xlsx,CANON,1414,Darth Vader (2020),Comic (Marvel),2021-05-26 00:00:00,Darth Vader (2020),movie,,movie,,,0.0,no_match
STARWARS.xlsx,CANON,1415,Rampage,TV (Animated),2021-05-28 00:00:00,Rampage,tv,126997,tv,All Elite Wrestling: Rampage,2021-08-13,0.5227,review
STARWARS.xlsx,CANON,1416,War of the Bounty Hunters,Comic (Marvel),2021-06-02 00:00:00,War of the Bounty Hunters,movie,,movie,,,0.0,no_match
STARWARS.xlsx,CANON,1417,Decommissioned,TV (Animated),2021-06-04 00:00:00,Decommissioned,tv,,tv,,,0.0,no_match
STARWARS.xlsx,CANON,1418,Bounty Hunters,Comic (Marvel),2021-06-09 00:00:00,Bounty Hunters,movie,,movie,,,0.0,no_match
STARWARS.xlsx,CANON,1419,Battle Scars,TV (Animated),2021-06-11 00:00:00,Battle Scars,tv,,tv,,,0.0,no_match
STARWARS.xlsx,CANON,1420,The High Republic Adventures (2021),Comic (IDW),2021-06-16 00:00:00,The High Republic Adventures (2021),movie,,movie,,,0.0,no_match
STARWARS.xlsx,CANON,1421,Star Wars (2020),Comic (Marvel),2021-06-16 00:00:00,Star Wars (2020),movie,,movie,,,0.0,no_match
STARWARS.xlsx,CANON,1422,Reunion,TV (Animated),2021-06-18 00:00:00,Reunion,tv,257190,tv,Reunion,2021-11-06,0.9513,matched
STARWARS.xlsx,CANON,1423,Starlight: Hidden Danger,Short Story (Insider),2021-06-22 00:00:00,Starlight: Hidden Danger,movie,,movie,,,0.0,no_match
STARWARS.xlsx,CANON,1424,"The Incident, Part 1",Comic Story (IDW),2021-06-23 00:00:00,"The Incident, Part 1",movie,,movie,,,0.0,no_match
STARWARS.xlsx,CANON,1425,Tales of Villainy: The Short Goodbye,Comic Story (IDW),2021-06-23 00:00:00,Tales of Villainy: The Short Goodbye,movie,,movie,,,0.0,no_match
STARWARS.xlsx,CANON,1426,Darth Vader (2020),Comic (Marvel),2021-06-23 00:00:00,Darth Vader (2020),movie,,movie,,,0.0,no_match
STARWARS.xlsx,CANON,1427,Bounty Lost,TV (Animated),2021-06-25 00:00:00,Bounty Lost,tv,,tv,,,0.0,no_match
STARWARS.xlsx,CANON,1428,Race to Crashpoint Tower,Novel (Middle-Grade),2021-06-29 00:00:00,Race to Crashpoint Tower,movie,,movie,,,0.0,no_match
STARWARS.xlsx,CANON,1429,The Rising Storm,Novel,2021-06-29 00:00:00,The Rising Storm,movie,,movie,,,0.0,no_match
STARWARS.xlsx,CANON,1430,The High Republic (2021),Comic (Marvel),2021-06-30 00:00:00,The High Republic (2021),movie,,movie,,,0.0,no_match
STARWARS.xlsx,CANON,1431,Doctor Aphra (2020),Comic (Marvel),2021-06-30 00:00:00,Doctor Aphra (2020),movie,,movie,,,0.0,no_match
STARWARS.xlsx,CANON,1432,Common Ground,TV (Animated),2021-07-02 00:00:00,Common Ground,tv,,tv,,,0.0,no_match
STARWARS.xlsx,CANON,1433,Tales of Villainy: The Gaze Electric,Comic Story (IDW),2021-07-07 00:00:00,Tales of Villainy: The Gaze Electric,movie,,movie,,,0.0,no_match
STARWARS.xlsx,CANON,1434,"The Incident, Part 2",Comic Story (IDW),2021-07-07 00:00:00,"The Incident, Part 2",movie,,movie,,,0.0,no_match
STARWARS.xlsx,CANON,1435,Bounty Hunters,Comic (Marvel),2021-07-07 00:00:00,Bounty Hunters,movie,,movie,,,0.0,no_match
STARWARS.xlsx,CANON,1436,Devil's Deal,TV (Animated),2021-07-09 00:00:00,Devil's Deal,tv,,tv,,,0.0,no_match
STARWARS.xlsx,CANON,1437,The Phantom Menace Graphic Novel,Graphic Novel,2021-07-13 00:00:00,The Phantom Menace Graphic Novel,movie,,movie,,,0.0,no_match
STARWARS.xlsx,CANON,1438,War of the Bounty Hunters,Comic (Marvel),2021-07-14 00:00:00,War of the Bounty Hunters,movie,,movie,,,0.0,no_match
STARWARS.xlsx,CANON,1439,Doctor Aphra (2020),Comic (Marvel),2021-07-14 00:00:00,Doctor Aphra (2020),movie,,movie,,,0.0,no_match
STARWARS.xlsx,CANON,1440,Rescue on Ryloth,TV (Animated),2021-07-16 00:00:00,Rescue on Ryloth,tv,,tv,,,0.0,no_match
STARWARS.xlsx,CANON,1441,War of the Bounty Hunters: Jabba the Hutt,Comic (Marvel),2021-07-21 00:00:00,War of the Bounty Hunters: Jabba the Hutt,movie,,movie,,,0.0,no_match
STARWARS.xlsx,CANON,1442,The High Republic Adventures (2021),Comic (IDW),2021-07-21 00:00:00,The High Republic Adventures (2021),movie,,movie,,,0.0,no_match
STARWARS.xlsx,CANON,1443,Darth Vader (2020),Comic (Marvel),2021-07-21 00:00:00,Darth Vader (2020),movie,,movie,,,0.0,no_match
STARWARS.xlsx,CANON,1444,Infested,TV (Animated),2021-07-23 00:00:00,Infested,tv,,tv,,,0.0,no_match
STARWARS.xlsx,CANON,1445,Out of The Shadows,Novel (Young Adult),2021-07-27 00:00:00,Out of The Shadows,movie,772899,movie,Emergence: Out of the Shadows,2021-08-01,0.7817,matched
STARWARS.xlsx,CANON,1446,"The Princess and the Bog, A Twin Tale, Part 1",Comic Story (IDW),2021-07-28 00:00:00,"The Princess and the Bog, A Twin Tale, Part 1",movie,,movie,,,0.0,no_match
STARWARS.xlsx,CANON,1447,Tales of Villainy: The Crimson Corsair and the Crime Lords of the Barren Rim,Comic Story (IDW),2021-07-28 00:00:00,Tales of Villainy: The Crimson Corsair and the Crime Lords of the Barren Rim,movie,,movie,,,0.0,no_match
STARWARS.xlsx,CANON,1448,The High Republic (2021),Comic (Marvel),2021-07-28 00:00:00,The High Republic (2021),movie,,movie,,,0.0,no_match
STARWARS.xlsx,CANON,1449,Star Wars (2020),Comic (Marvel),2021-07-28 00:00:00,Star Wars (2020),movie,,movie,,,0.0,no_match
STARWARS.xlsx,CANON,1450,War-Mantle,TV (Animated),2021-07-30 00:00:00,War-Mantle,tv,,tv,,,0.0,no_match
STARWARS.xlsx,CANON,1451,War of the Bounty Hunters: 4-LOM & Zuckuss,Comic (Marvel),2021-08-04 00:00:00,War of the Bounty Hunters: 4-LOM & Zuckuss,movie,,movie,,,0.0,no_match
STARWARS.xlsx,CANON,1452,Bounty Hunters,Comic (Marvel),2021-08-04 00:00:00,Bounty Hunters,movie,,movie,,,0.0,no_match
STARWARS.xlsx,CANON,1453,Return to Kamino,TV (Animated),2021-08-06 00:00:00,Return to Kamino,tv,,tv,,,0.0,no_match
STARWARS.xlsx,CANON,1454,Guardians of the Whills: The Manga,Manga,2021-08-10 00:00:00,Guardians of the Whills: The Manga,movie,,movie,,,0.0,no_match
STARWARS.xlsx,CANON,1455,The Monster of Temple Peak,Comic (IDW),2021-08-11 00:00:00,The Monster of Temple Peak,movie,,movie,,,0.0,no_match
STARWARS.xlsx,CANON,1456,The High Republic (2021),Comic (Marvel),2021-08-11 00:00:00,The High Republic (2021),movie,,movie,,,0.0,no_match
STARWARS.xlsx,CANON,1457,Kamino Lost,TV (Animated),2021-08-13 00:00:00,Kamino Lost,tv,,tv,,,0.0,no_match
STARWARS.xlsx,CANON,1458,The High Republic Adventures FCBD 2021,Comic (IDW),2021-08-14 00:00:00,The High Republic Adventures FCBD 2021,movie,,movie,,,0.0,no_match
STARWARS.xlsx,CANON,1459,War of the Bounty Hunters,Comic (Marvel),2021-08-18 00:00:00,War of the Bounty Hunters,movie,,movie,,,0.0,no_match
STARWARS.xlsx,CANON,1460,The High Republic Adventures (2021),Comic (IDW),2021-08-18 00:00:00,The High Republic Adventures (2021),movie,,movie,,,0.0,no_match
STARWARS.xlsx,CANON,1461,Tales of Villainy: Trade Relations,Comic Story (IDW),2021-08-18 00:00:00,Tales of Villainy: Trade Relations,movie,,movie,,,0.0,no_match
STARWARS.xlsx,CANON,1462,"The Princess and the Bog, A Twin Tale, Part 2",Comic Story (IDW),2021-08-18 00:00:00,"The Princess and the Bog, A Twin Tale, Part 2",movie,,movie,,,0.0,no_match
STARWARS.xlsx,CANON,1463,Star Wars (2020),Comic (Marvel),2021-08-18 00:00:00,Star Wars (2020),movie,,movie,,,0.0,no_match
STARWARS.xlsx,CANON,1464,Doctor Aphra (2020),Comic (Marvel),2021-08-25 00:00:00,Doctor Aphra (2020),movie,,movie,,,0.0,no_match
STARWARS.xlsx,CANON,1465,Darth Vader (2020),Comic (Marvel),2021-08-25 00:00:00,Darth Vader (2020),movie,,movie,,,0.0,no_match
STARWARS.xlsx,CANON,1466,Tempest Runner,Audio Drama,2021-08-31 00:00:00,Tempest Runner,movie,,movie,,,0.0,no_match
STARWARS.xlsx,CANON,1467,The High Republic Adventures (2021),Comic (IDW),2021-09-01 00:00:00,The High Republic Adventures (2021),movie,,movie,,,0.0,no_match
STARWARS.xlsx,CANON,1468,The High Republic (2021),Comic (Marvel),2021-09-01 00:00:00,The High Republic (2021),movie,,movie,,,0.0,no_match
STARWARS.xlsx,CANON,1469,Introduction,Short Story,2021-09-07 00:00:00,Introduction,movie,795797,movie,Introduction,2021-05-27,0.9502,matched
STARWARS.xlsx,CANON,1470,A Coruscant Solstice,Short Story,2021-09-07 00:00:00,A Coruscant Solstice,movie,,movie,,,0.0,no_match
STARWARS.xlsx,CANON,1471,An Old Hope,Short Story,2021-09-07 00:00:00,An Old Hope,movie,,movie,,,0.0,no_match
STARWARS.xlsx,CANON,1472,The Kindling,Short Story,2021-09-07 00:00:00,The Kindling,movie,,movie,,,0.0,no_match
STARWARS.xlsx,CANON,1473,The Kroolok,Short Story,2021-09-07 00:00:00,The Kroolok,movie,,movie,,,0.0,no_match
STARWARS.xlsx,CANON,1474,The Song of Winter's Heart,Short Story,2021-09-07 00:00:00,The Song of Winter's Heart,movie,,movie,,,0.0,no_match
STARWARS.xlsx,CANON,1475,The Spirit of Life Day,Short Story,2021-09-07 00:00:00,The Spirit of Life Day,movie,,movie,,,0.0,no_match
STARWARS.xlsx,CANON,1476,Reflection Day,Short Story,2021-09-07 00:00:00,Reflection Day,movie,,movie,,,0.0,no_match
STARWARS.xlsx,CANON,1477,The Tree of Life,Short Story,2021-09-07 00:00:00,The Tree of Life,movie,,movie,,,0.0,no_match
STARWARS.xlsx,CANON,1478,The Edge of Balance Vol.1,Manga,2021-09-07 00:00:00,The Edge of Balance Vol.1,movie,,movie,,,0.0,no_match
STARWARS.xlsx,CANON,1479,War of the Bounty Hunters,Comic (Marvel),2021-09-08 00:00:00,War of the Bounty Hunters,movie,,movie,,,0.0,no_match
STARWARS.xlsx,CANON,1480,Separation Anxiety Part One,Comic Story (IDW),2021-09-08 00:00:00,Separation Anxiety Part One,movie,,movie,,,0.0,no_match
STARWARS.xlsx,CANON,1481,Tales of Villainy: Trade Relations,Comic Story (IDW),2021-09-08 00:00:00,Tales of Villainy: Trade Relations,movie,,movie,,,0.0,no_match
STARWARS.xlsx,CANON,1482,Doctor Aphra (2020),Comic (Marvel),2021-09-08 00:00:00,Doctor Aphra (2020),movie,,movie,,,0.0,no_match
STARWARS.xlsx,CANON,1483,War of the Bounty Hunters: Boushh,Comic (Marvel),2021-09-15 00:00:00,War of the Bounty Hunters: Boushh,movie,,movie,,,0.0,no_match
STARWARS.xlsx,CANON,1484,The Monster of Temple Peak,Comic (IDW),2021-09-15 00:00:00,The Monster of Temple Peak,movie,,movie,,,0.0,no_match
STARWARS.xlsx,CANON,1485,Darth Vader (2020),Comic (Marvel),2021-09-15 00:00:00,Darth Vader (2020),movie,,movie,,,0.0,no_match
STARWARS.xlsx,CANON,1486,Star Wars Rebels Vol. 3,Manga,2021-09-15 00:00:00,Star Wars Rebels Vol. 3,movie,,movie,,,0.0,no_match
STARWARS.xlsx,CANON,1487,Starlight: Past Mistakes,Short Story (Insider),2021-09-21 00:00:00,Starlight: Past Mistakes,movie,,movie,,,0.0,no_match
STARWARS.xlsx,CANON,1488,Star Wars Adventures: Ghosts of Vader's Castle,Comic (IDW),2021-09-22 00:00:00,Star Wars Adventures: Ghosts of Vader's Castle,movie,,movie,,,0.0,no_match
STARWARS.xlsx,CANON,1489,Bounty Hunters,Comic (Marvel),2021-09-22 00:00:00,Bounty Hunters,movie,,movie,,,0.0,no_match
STARWARS.xlsx,CANON,1490,Star Wars Adventures: Ghosts of Vader's Castle,Comic (IDW),2021-09-29 00:00:00,Star Wars Adventures: Ghosts of Vader's Castle,movie,,movie,,,0.0,no_match
STARWARS.xlsx,CANON,1491,"Separation Anxiety, Part Two",Comic Story (IDW),2021-09-29 00:00:00,"Separation Anxiety, Part Two",movie,,movie,,,0.0,no_match
STARWARS.xlsx,CANON,1492,Tales of Villainy: Grave Digger,Comic Story (IDW),2021-09-29 00:00:00,Tales of Villainy: Grave Digger,movie,,movie,,,0.0,no_match
STARWARS.xlsx,CANON,1493,Star Wars (2020),Comic (Marvel),2021-09-29 00:00:00,Star Wars (2020),movie,,movie,,,0.0,no_match
STARWARS.xlsx,CANON,1494,Showdown at the Fair,Book (Junior),2021-10-05 00:00:00,Showdown at the Fair,movie,,movie,,,0.0,no_match
STARWARS.xlsx,CANON,1495,Star Wars Adventures: Ghosts of Vader's Castle,Comic (IDW),2021-10-06 00:00:00,Star Wars Adventures: Ghosts of Vader's Castle,movie,,movie,,,0.0,no_match
STARWARS.xlsx,CANON,1496,The High Republic Adventures (2021),Comic (IDW),2021-10-06 00:00:00,The High Republic Adventures (2021),movie,,movie,,,0.0,no_match
STARWARS.xlsx,CANON,1497,Trail of Shadows,Comic (Marvel),2021-10-13 00:00:00,Trail of Shadows,movie,,movie,,,0.0,no_match
STARWARS.xlsx,CANON,1498,Star Wars Adventures: Ghosts of Vader's Castle,Comic (IDW),2021-10-13 00:00:00,Star Wars Adventures: Ghosts of Vader's Castle,movie,,movie,,,0.0,no_match
STARWARS.xlsx,CANON,1499,War of the Bounty Hunters,Comic (Marvel),2021-10-13 00:00:00,War of the Bounty Hunters,movie,,movie,,,0.0,no_match
STARWARS.xlsx,CANON,1500,Doctor Aphra (2020),Comic (Marvel),2021-10-13 00:00:00,Doctor Aphra (2020),movie,,movie,,,0.0,no_match
STARWARS.xlsx,CANON,1501,Bantha,Short (Junior),2021-10-14 00:00:00,Bantha,movie,,movie,,,0.0,no_match
STARWARS.xlsx,CANON,1502,Porgs,Short (Junior),2021-10-14 00:00:00,Porgs,movie,,movie,,,0.0,no_match
STARWARS.xlsx,CANON,1503,Star Wars Adventures: Ghosts of Vader's Castle,Comic (IDW),2021-10-20 00:00:00,Star Wars Adventures: Ghosts of Vader's Castle,movie,,movie,,,0.0,no_match
STARWARS.xlsx,CANON,1504,The High Republic (2021),Comic (Marvel),2021-10-20 00:00:00,The High Republic (2021),movie,,movie,,,0.0,no_match
STARWARS.xlsx,CANON,1505,"Squad Goals, Part One",Comic Story (IDW),2021-10-20 00:00:00,"Squad Goals, Part One",movie,,movie,,,0.0,no_match
STARWARS.xlsx,CANON,1506,Tales of Villainy: Done Dirty,Comic Story (IDW),2021-10-20 00:00:00,Tales of Villainy: Done Dirty,movie,,movie,,,0.0,no_match
STARWARS.xlsx,CANON,1507,Blurrg,Short (Junior),2021-10-21 00:00:00,Blurrg,movie,,movie,,,0.0,no_match
STARWARS.xlsx,CANON,1508,Voorpak,Short (Junior),2021-10-21 00:00:00,Voorpak,movie,,movie,,,0.0,no_match
STARWARS.xlsx,CANON,1509,War of the Bounty Hunters: IG-88,Comic (Marvel),2021-10-27 00:00:00,War of the Bounty Hunters: IG-88,movie,,movie,,,0.0,no_match
STARWARS.xlsx,CANON,1510,The Monster of Temple Peak,Comic (IDW),2021-10-27 00:00:00,The Monster of Temple Peak,movie,,movie,,,0.0,no_match
STARWARS.xlsx,CANON,1511,Darth Vader (2020),Comic (Marvel),2021-10-27 00:00:00,Darth Vader (2020),movie,,movie,,,0.0,no_match
STARWARS.xlsx,CANON,1512,Wampa,Short (Junior),2021-10-28 00:00:00,Wampa,movie,,movie,,,0.0,no_match
STARWARS.xlsx,CANON,1513,Tooka,Short (Junior),2021-10-28 00:00:00,Tooka,movie,,movie,,,0.0,no_match
STARWARS.xlsx,CANON,1514,Bounty Hunters,Comic (Marvel),2021-11-03 00:00:00,Bounty Hunters,movie,,movie,,,0.0,no_match
STARWARS.xlsx,CANON,1515,Star Wars (2020),Comic (Marvel),2021-11-03 00:00:00,Star Wars (2020),movie,,movie,,,0.0,no_match
STARWARS.xlsx,CANON,1516,Mynocks,Short (Junior),2021-11-04 00:00:00,Mynocks,movie,,movie,,,0.0,no_match
STARWARS.xlsx,CANON,1517,Kowakian Monkey-Lizards,Short (Junior),2021-11-04 00:00:00,Kowakian Monkey-Lizards,movie,,movie,,,0.0,no_match
STARWARS.xlsx,CANON,1518,The High Republic (2021),Comic (Marvel),2021-11-10 00:00:00,The High Republic (2021),movie,,movie,,,0.0,no_match
STARWARS.xlsx,CANON,1519,Nexu,Short (Junior),2021-11-11 00:00:00,Nexu,movie,,movie,,,0.0,no_match
STARWARS.xlsx,CANON,1520,Charhound,Short (Junior),2021-11-11 00:00:00,Charhound,movie,,movie,,,0.0,no_match
STARWARS.xlsx,CANON,1521,Thrawn Ascendancy: Lesser Evil,Novel,2021-11-16 00:00:00,Thrawn Ascendancy: Lesser Evil,movie,,movie,,,0.0,no_match
STARWARS.xlsx,CANON,1522,The Monster of Temple Peak,Comic (IDW),2021-11-17 00:00:00,The Monster of Temple Peak,movie,,movie,,,0.0,no_match
STARWARS.xlsx,CANON,1523,The High Republic Adventures (2021),Comic (IDW),2021-11-17 00:00:00,The High Republic Adventures (2021),movie,,movie,,,0.0,no_match
STARWARS.xlsx,CANON,1524,Doctor Aphra (2020),Comic (Marvel),2021-11-17 00:00:00,Doctor Aphra (2020),movie,,movie,,,0.0,no_match
STARWARS.xlsx,CANON,1525,Tauntaun,Short (Junior),2021-11-18 00:00:00,Tauntaun,movie,,movie,,,0.0,no_match
STARWARS.xlsx,CANON,1526,Rancor,Short (Junior),2021-11-18 00:00:00,Rancor,movie,874948,movie,Grudge,2021-10-08,0.3509,review
STARWARS.xlsx,CANON,1527,Deck The Halls,Comic Story (Marvel),2021-11-24 00:00:00,Deck The Halls,movie,874196,movie,The Christmas House 2: Deck Those Halls,2021-12-18,0.6107,review
STARWARS.xlsx,CANON,1528,Paid on Delivery,Comic (Marvel),2021-11-24 00:00:00,Paid on Delivery,movie,,movie,,,0.0,no_match
STARWARS.xlsx,CANON,1529,Gift of Light,Comic Story (Marvel),2021-11-24 00:00:00,Gift of Light,movie,,movie,,,0.0,no_match
STARWARS.xlsx,CANON,1530,Life Day,Comic (Marvel),2021-11-24 00:00:00,Life Day,movie,723338,movie,Life in a Day 2020,2021-02-02,0.6733,matched
STARWARS.xlsx,CANON,1531,The Hoojib Menace,Comic Story (IDW),2021-11-24 00:00:00,The Hoojib Menace,movie,,movie,,,0.0,no_match
STARWARS.xlsx,CANON,1532,The Coin,Comic Story (IDW),2021-11-24 00:00:00,The Coin,movie,979848,movie,The Coincidence,2021-11-05,0.7311,matched
STARWARS.xlsx,CANON,1533,Trail of Shadows,Comic (Marvel),2021-11-24 00:00:00,Trail of Shadows,movie,,movie,,,0.0,no_match
STARWARS.xlsx,CANON,1534,Tales of Villainy: Give & Take,Comic Story (IDW),2021-11-24 00:00:00,Tales of Villainy: Give & Take,movie,,movie,,,0.0,no_match
STARWARS.xlsx,CANON,1535,"Squad Goals, Part 2",Comic Story (IDW),2021-11-24 00:00:00,"Squad Goals, Part 2",movie,,movie,,,0.0,no_match
STARWARS.xlsx,CANON,1536,The High Republic Adventures (2021),Comic (IDW),2021-12-01 00:00:00,The High Republic Adventures (2021),movie,,movie,,,0.0,no_match
STARWARS.xlsx,CANON,1537,Bounty Hunters,Comic (Marvel),2021-12-01 00:00:00,Bounty Hunters,movie,,movie,,,0.0,no_match
STARWARS.xlsx,CANON,1538,Darth Vader (2020),Comic (Marvel),2021-12-01 00:00:00,Darth Vader (2020),movie,,movie,,,0.0,no_match
STARWARS.xlsx,CANON,1539,Crimson Reign,Comic (Marvel),2021-12-08 00:00:00,Crimson Reign,movie,,movie,,,0.0,no_match
STARWARS.xlsx,CANON,1540,Star Wars (2020),Comic (Marvel),2021-12-08 00:00:00,Star Wars (2020),movie,,movie,,,0.0,no_match
STARWARS.xlsx,CANON,1541,Starlight: Shadows Remain,Short Story (Insider),2021-12-14 00:00:00,Starlight: Shadows Remain,movie,,movie,,,0.0,no_match
STARWARS.xlsx,CANON,1542,Attack of the Clones Graphic Novel,Graphic Novel,2021-12-14 00:00:00,Attack of the Clones Graphic Novel,movie,,movie,,,0.0,no_match
STARWARS.xlsx,CANON,1543,"""First Mission""",Comic Story (IDW),2021-12-15 00:00:00,"""First Mission""",movie,,movie,,,0.0,no_match
STARWARS.xlsx,CANON,1544,"""Set For Life""",Comic Story (IDW),2021-12-15 00:00:00,"""Set For Life""",movie,914991,movie,Daniel's Set for Life,2021-07-27,0.7238,matched
STARWARS.xlsx,CANON,1545,The Haul,Comic Story (IDW),2021-12-15 00:00:00,The Haul,movie,815247,movie,The Long Haul 100,2021-04-28,0.6909,matched
STARWARS.xlsx,CANON,1546,Crash and the Crew Do What They Do,Comic Story (IDW),2021-12-15 00:00:00,Crash and the Crew Do What They Do,movie,,movie,,,0.0,no_match
STARWARS.xlsx,CANON,1547,No Stone Unturned,Comic Story (IDW),2021-12-15 00:00:00,No Stone Unturned,movie,,movie,,,0.0,no_match
STARWARS.xlsx,CANON,1548,The High Republic (2021),Comic (Marvel),2021-12-15 00:00:00,The High Republic (2021),movie,,movie,,,0.0,no_match
STARWARS.xlsx,CANON,1549,Trail of Shadows,Comic (Marvel),2021-12-22 00:00:00,Trail of Shadows,movie,,movie,,,0.0,no_match
STARWARS.xlsx,CANON,1550,Darth Vader (2020),Comic (Marvel),2021-12-22 00:00:00,Darth Vader (2020),movie,,movie,,,0.0,no_match
STARWARS.xlsx,CANON,1551,Tales of Villainy: A Last Chapter,Comic Story (IDW),2021-12-29 00:00:00,Tales of Villainy: A Last Chapter,movie,,movie,,,0.0,no_match
STARWARS.xlsx,CANON,1552,Repair Stop,Comic Story (IDW),2021-12-29 00:00:00,Repair Stop,movie,,movie,,,0.0,no_match
STARWARS.xlsx,CANON,1553,Bounty Hunters,Comic (Marvel),2021-12-29 00:00:00,Bounty Hunters,movie,,movie,,,0.0,no_match
STARWARS.xlsx,CANON,1554,Stranger in a Strange Land,TV (Live Action),2021-12-29 00:00:00,Stranger in a Strange Land,tv,,tv,,,0.0,no_match
STARWARS.xlsx,CANON,1555,Galaxy of Creatures,Book (Junior),2022-01-04 00:00:00,Galaxy of Creatures,movie,,movie,,,0.0,no_match
STARWARS.xlsx,CANON,1556,Mission to Disaster,Novel (Middle-Grade),2022-01-04 00:00:00,Mission to Disaster,movie,,movie,,,0.0,no_match
STARWARS.xlsx,CANON,1557,The Fallen Star,Novel,2022-01-04 00:00:00,The Fallen Star,movie,,movie,,,0.0,no_match
STARWARS.xlsx,CANON,1558,The Mandalorian Season 2 Junior Novel,Novel (Middle-Grade),2022-01-04 00:00:00,The Mandalorian Season 2 Junior Novel,movie,,movie,,,0.0,no_match
STARWARS.xlsx,CANON,1559,Doctor Aphra (2020),Comic (Marvel),2022-01-05 00:00:00,Doctor Aphra (2020),movie,,movie,,,0.0,no_match
STARWARS.xlsx,CANON,1560,The Tribes of Tattoine,TV (Live Action),2022-01-05 00:00:00,The Tribes of Tattoine,tv,,tv,,,0.0,no_match
STARWARS.xlsx,CANON,1561,The Mandalorian: The Mandalorian's Quest,Book (Junior),2022-01-11 00:00:00,The Mandalorian: The Mandalorian's Quest,movie,,movie,,,0.0,no_match
STARWARS.xlsx,CANON,1562,The Mandalorian: The Path of the Force,Book (Junior),2022-01-11 00:00:00,The Mandalorian: The Path of the Force,movie,,movie,,,0.0,no_match
STARWARS.xlsx,CANON,1563,Eye of the Storm,Comic (Marvel),2022-01-12 00:00:00,Eye of the Storm,movie,893507,movie,Beirut: Eye of the Storm,2021-11-20,0.7679,matched
STARWARS.xlsx,CANON,1564,The High Republic Adventures (2021),Comic (IDW),2022-01-12 00:00:00,The High Republic Adventures (2021),movie,,movie,,,0.0,no_match
STARWARS.xlsx,CANON,1565,Bounty Hunters,Comic (Marvel),2022-01-12 00:00:00,Bounty Hunters,movie,,movie,,,0.0,no_match
STARWARS.xlsx,CANON,1566,Star Wars (2020),Comic (Marvel),2022-01-12 00:00:00,Star Wars (2020),movie,,movie,,,0.0,no_match
STARWARS.xlsx,CANON,1567,The Streets of Mos Espa,TV (Live Action),2022-01-12 00:00:00,The Streets of Mos Espa,tv,,tv,,,0.0,no_match
STARWARS.xlsx,CANON,1568,The High Republic (2021),Comic (Marvel),2022-01-19 00:00:00,The High Republic (2021),movie,,movie,,,0.0,no_match
STARWARS.xlsx,CANON,1569,Doctor Aphra (2020),Comic (Marvel),2022-01-19 00:00:00,Doctor Aphra (2020),movie,,movie,,,0.0,no_match
STARWARS.xlsx,CANON,1570,The Gathering Storm,TV (Live Action),2022-01-19 00:00:00,The Gathering Storm,tv,,tv,,,0.0,no_match
STARWARS.xlsx,CANON,1571,The High Republic Adventures: Galactic Bake-Off Spectacular,Comic (IDW),2022-01-19 00:00:00,The High Republic Adventures: Galactic Bake-Off Spectacular,movie,,movie,,,0.0,no_match
STARWARS.xlsx,CANON,1572,Trail of Shadows,Comic (Marvel),2022-01-26 00:00:00,Trail of Shadows,movie,,movie,,,0.0,no_match
STARWARS.xlsx,CANON,1573,Return of the Mandalorian,TV (Live Action),2022-01-26 00:00:00,Return of the Mandalorian,tv,,tv,,,0.0,no_match
STARWARS.xlsx,CANON,1574,Midnight Horizon,Novel (Young Adult),2022-02-01 00:00:00,Midnight Horizon,movie,,movie,,,0.0,no_match
STARWARS.xlsx,CANON,1575,The Battle for Starlight,Book (Junior),2022-02-01 00:00:00,The Battle for Starlight,movie,,movie,,,0.0,no_match
STARWARS.xlsx,CANON,1576,Halcyon Legacy,Comic (Marvel),2022-02-02 00:00:00,Halcyon Legacy,movie,,movie,,,0.0,no_match
STARWARS.xlsx,CANON,1577,Crimson Reign,Comic (Marvel),2022-02-02 00:00:00,Crimson Reign,movie,,movie,,,0.0,no_match
STARWARS.xlsx,CANON,1578,The High Republic (2021),Comic (Marvel),2022-02-02 00:00:00,The High Republic (2021),movie,,movie,,,0.0,no_match
STARWARS.xlsx,CANON,1579,From the Desert Comes a Stranger,TV (Live Action),2022-02-02 00:00:00,From the Desert Comes a Stranger,tv,,tv,,,0.0,no_match
STARWARS.xlsx,CANON,1580,Trail of Shadows,Comic (Marvel),2022-02-09 00:00:00,Trail of Shadows,movie,,movie,,,0.0,no_match
STARWARS.xlsx,CANON,1581,Tales of Villainy: A Very Nihil Interlude,Comic Story (IDW),2022-02-09 00:00:00,Tales of Villainy: A Very Nihil Interlude,movie,,movie,,,0.0,no_match
STARWARS.xlsx,CANON,1582,"Repair Stop, Part II",Comic Story (IDW),2022-02-09 00:00:00,"Repair Stop, Part II",movie,,movie,,,0.0,no_match
STARWARS.xlsx,CANON,1583,Darth Vader (2020),Comic (Marvel),2022-02-09 00:00:00,Darth Vader (2020),movie,,movie,,,0.0,no_match
STARWARS.xlsx,CANON,1584,In the Name of Honor,TV (Live Action),2022-02-09 00:00:00,In the Name of Honor,tv,,tv,,,0.0,no_match
STARWARS.xlsx,CANON,1585,The Edge of Balance Vol.2,Manga,2022-02-22 00:00:00,The Edge of Balance Vol.2,movie,,movie,,,0.0,no_match
STARWARS.xlsx,CANON,1586,The High Republic Adventures (2021),Comic (IDW),2022-02-23 00:00:00,The High Republic Adventures (2021),movie,,movie,,,0.0,no_match
STARWARS.xlsx,CANON,1587,Galactic Starcruiser,Disney World Attraction,2022-03-01 00:00:00,Galactic Starcruiser,movie,,movie,,,0.0,no_match
STARWARS.xlsx,CANON,1588,Eye of the Storm,Comic (Marvel),2022-03-02 00:00:00,Eye of the Storm,movie,893507,movie,Beirut: Eye of the Storm,2021-11-20,0.7679,matched
STARWARS.xlsx,CANON,1589,The High Republic (2021),Comic (Marvel),2022-03-02 00:00:00,The High Republic (2021),movie,,movie,,,0.0,no_match
STARWARS.xlsx,CANON,1590,Star Wars (2020),Comic (Marvel),2022-03-02 00:00:00,Star Wars (2020),movie,,movie,,,0.0,no_match
STARWARS.xlsx,CANON,1591,Han Solo & Chewbacca,Comic (Marvel),2022-03-09 00:00:00,Han Solo & Chewbacca,movie,,movie,,,0.0,no_match
STARWARS.xlsx,CANON,1592,Crimson Reign,Comic (Marvel),2022-03-09 00:00:00,Crimson Reign,movie,,movie,,,0.0,no_match
STARWARS.xlsx,CANON,1593,Galactic Tales: The Wesell Run,Short Story (Insider),2022-03-15 00:00:00,Galactic Tales: The Wesell Run,movie,,movie,,,0.0,no_match
STARWARS.xlsx,CANON,1594,Halcyon Legacy,Comic (Marvel),2022-03-16 00:00:00,Halcyon Legacy,movie,,movie,,,0.0,no_match
STARWARS.xlsx,CANON,1595,The Mandalorian: The Graphic Novel of Season 1,Graphic Novel,2022-03-21 00:00:00,The Mandalorian: The Graphic Novel of Season 1,movie,,movie,,,0.0,no_match
STARWARS.xlsx,CANON,1596,Doctor Aphra (2020),Comic (Marvel),2022-03-23 00:00:00,Doctor Aphra (2020),movie,,movie,,,0.0,no_match
STARWARS.xlsx,CANON,1597,Darth Vader (2020),Comic (Marvel),2022-03-23 00:00:00,Darth Vader (2020),movie,,movie,,,0.0,no_match
STARWARS.xlsx,CANON,1598,Bounty Hunters,Comic (Marvel),2022-03-30 00:00:00,Bounty Hunters,movie,,movie,,,0.0,no_match
STARWARS.xlsx,CANON,1599,Queen's Hope,Novel (Young Adult),2022-04-05 00:00:00,Queen's Hope,movie,,movie,,,0.0,no_match
STARWARS.xlsx,CANON,1600,Bounty Hunters,Comic (Marvel),2022-04-06 00:00:00,Bounty Hunters,movie,,movie,,,0.0,no_match
STARWARS.xlsx,CANON,1601,Wookiee,Short (Junior),2022-04-12 00:00:00,Wookiee,movie,,movie,,,0.0,no_match
STARWARS.xlsx,CANON,1602,Ewok,Short (Junior),2022-04-12 00:00:00,Ewok,movie,10372,movie,Ewoks: The Battle for Endor,1985-11-24,0.1868,review
STARWARS.xlsx,CANON,1603,Darth Vader (2020),Comic (Marvel),2022-04-13 00:00:00,Darth Vader (2020),movie,,movie,,,0.0,no_match
STARWARS.xlsx,CANON,1604,Star Wars (2020),Comic (Marvel),2022-04-13 00:00:00,Star Wars (2020),movie,,movie,,,0.0,no_match
STARWARS.xlsx,CANON,1605,Jawa,Short (Junior),2022-04-17 00:00:00,Jawa,movie,,movie,,,0.0,no_match
STARWARS.xlsx,CANON,1606,Rodian,Short (Junior),2022-04-17 00:00:00,Rodian,movie,,movie,,,0.0,no_match
STARWARS.xlsx,CANON,1607,Gamorrean,Short (Junior),2022-04-26 00:00:00,Gamorrean,movie,,movie,,,0.0,no_match
STARWARS.xlsx,CANON,1608,Huttlet,Short (Junior),2022-04-26 00:00:00,Huttlet,movie,,movie,,,0.0,no_match
STARWARS.xlsx,CANON,1609,Crimson Reign,Comic (Marvel),2022-04-27 00:00:00,Crimson Reign,movie,,movie,,,0.0,no_match
STARWARS.xlsx,CANON,1610,Galactic Tales: Saber Truth,Short Story (Insider),2022-05-03 00:00:00,Galactic Tales: Saber Truth,movie,,movie,,,0.0,no_match
STARWARS.xlsx,CANON,1611,Obi-Wan,Comic (Marvel),2022-05-04 00:00:00,Obi-Wan,movie,1015606,movie,Obi-Wan Kenobi: A Jedi's Return,2022-09-07,0.4968,review
STARWARS.xlsx,CANON,1612,Star Wars (2020),Comic (Marvel),2022-05-04 00:00:00,Star Wars (2020),movie,,movie,,,0.0,no_match
STARWARS.xlsx,CANON,1613,Brotherhood,Novel,2022-05-10 00:00:00,Brotherhood,movie,1042978,movie,Brotherhood,2022-09-23,0.9509,matched
STARWARS.xlsx,CANON,1614,Halcyon Legacy,Comic (Marvel),2022-05-11 00:00:00,Halcyon Legacy,movie,,movie,,,0.0,no_match
STARWARS.xlsx,CANON,1615,Han Solo & Chewbacca,Comic (Marvel),2022-05-18 00:00:00,Han Solo & Chewbacca,movie,,movie,,,0.0,no_match
STARWARS.xlsx,CANON,1616,Doctor Aphra (2020),Comic (Marvel),2022-05-18 00:00:00,Doctor Aphra (2020),movie,,movie,,,0.0,no_match
STARWARS.xlsx,CANON,1617,Part I,TV (Live Action),2022-05-27 00:00:00,Part I,tv,128098,tv,Interview with the Vampire,2022-10-02,0.3273,review
STARWARS.xlsx,CANON,1618,Part II,TV (Live Action),2022-05-27 00:00:00,Part II,tv,128098,tv,Interview with the Vampire,2022-10-02,0.3246,review
STARWARS.xlsx,CANON,1619,Bounty Hunters,Comic (Marvel),2022-06-01 00:00:00,Bounty Hunters,movie,,movie,,,0.0,no_match
STARWARS.xlsx,CANON,1620,Darth Vader (2020),Comic (Marvel),2022-06-01 00:00:00,Darth Vader (2020),movie,,movie,,,0.0,no_match
STARWARS.xlsx,CANON,1621,Part III,TV (Live Action),2022-06-01 00:00:00,Part III,tv,,tv,,,0.0,no_match
STARWARS.xlsx,CANON,1622,Galactic Tales: Inheritance,Short Story (Insider),2022-06-07 00:00:00,Galactic Tales: Inheritance,movie,,movie,,,0.0,no_match
STARWARS.xlsx,CANON,1623,What a Jedi Makes,Short Story,2022-06-07 00:00:00,What a Jedi Makes,movie,,movie,,,0.0,no_match
STARWARS.xlsx,CANON,1624,Resolve,Short Story,2022-06-07 00:00:00,Resolve,movie,1173813,movie,(Un)Resolved,2022-11-06,0.7609,matched
STARWARS.xlsx,CANON,1625,The Eye of the Beholder,Short Story,2022-06-07 00:00:00,The Eye of the Beholder,movie,1057038,movie,Eye of the Beholder,2022-05-25,0.8817,matched
STARWARS.xlsx,CANON,1626,A Jedi's Duty,Short Story,2022-06-07 00:00:00,A Jedi's Duty,movie,,movie,,,0.0,no_match
STARWARS.xlsx,CANON,1627,Worthless,Short Story,2022-06-07 00:00:00,Worthless,movie,1047456,movie,I Am Worthless,2022-08-16,0.7936,matched
STARWARS.xlsx,CANON,1628,The Ghosts of Maul,Short Story,2022-06-07 00:00:00,The Ghosts of Maul,movie,,movie,,,0.0,no_match
STARWARS.xlsx,CANON,1629,Blood Moon Uprising,Short Story,2022-06-07 00:00:00,Blood Moon Uprising,movie,,movie,,,0.0,no_match
STARWARS.xlsx,CANON,1630,Luke on the Bright Side,Short Story,2022-06-07 00:00:00,Luke on the Bright Side,movie,,movie,,,0.0,no_match
STARWARS.xlsx,CANON,1631,Masters,Short Story,2022-06-07 00:00:00,Masters,movie,1160098,movie,Colonial Masters,2022-09-03,0.6684,matched
STARWARS.xlsx,CANON,1632,Through the Turbulence,Short Story,2022-06-07 00:00:00,Through the Turbulence,movie,,movie,,,0.0,no_match
STARWARS.xlsx,CANON,1633,Star Wars (2020),Comic (Marvel),2022-06-08 00:00:00,Star Wars (2020),movie,,movie,,,0.0,no_match
STARWARS.xlsx,CANON,1634,Part IV,TV (Live Action),2022-06-08 00:00:00,Part IV,tv,,tv,,,0.0,no_match
STARWARS.xlsx,CANON,1635,Bounty Hunters,Comic (Marvel),2022-06-15 00:00:00,Bounty Hunters,movie,,movie,,,0.0,no_match
STARWARS.xlsx,CANON,1636,Part V,TV (Live Action),2022-06-15 00:00:00,Part V,tv,128098,tv,Interview with the Vampire,2022-10-02,0.4173,review
STARWARS.xlsx,CANON,1637,Crimson Reign,Comic (Marvel),2022-06-22 00:00:00,Crimson Reign,movie,,movie,,,0.0,no_match
STARWARS.xlsx,CANON,1638,Part VI,TV (Live Action),2022-06-22 00:00:00,Part VI,tv,,tv,,,0.0,no_match
STARWARS.xlsx,CANON,1639,Shadow of the Sith,Novel,2022-06-28 00:00:00,Shadow of the Sith,movie,,movie,,,0.0,no_match
STARWARS.xlsx,CANON,1640,Obi-Wan,Comic (Marvel),2022-06-29 00:00:00,Obi-Wan,movie,1015606,movie,Obi-Wan Kenobi: A Jedi's Return,2022-09-07,0.4968,review
STARWARS.xlsx,CANON,1641,Han Solo & Chewbacca,Comic (Marvel),2022-06-29 00:00:00,Han Solo & Chewbacca,movie,,movie,,,0.0,no_match
STARWARS.xlsx,CANON,1642,Doctor Aphra (2020),Comic (Marvel),2022-06-29 00:00:00,Doctor Aphra (2020),movie,,movie,,,0.0,no_match
STARWARS.xlsx,CANON,1643,Darth Vader (2020),Comic (Marvel),2022-06-29 00:00:00,Darth Vader (2020),movie,,movie,,,0.0,no_match
STARWARS.xlsx,CANON,1644,Halcyon Legacy,Comic (Marvel),2022-07-06 00:00:00,Halcyon Legacy,movie,,movie,,,0.0,no_match
STARWARS.xlsx,CANON,1645,The Mandalorian (Adaptation),Comic (Marvel),2022-07-13 00:00:00,The Mandalorian (Adaptation),movie,,movie,,,0.0,no_match
STARWARS.xlsx,CANON,1646,Bounty Hunters,Comic (Marvel),2022-07-13 00:00:00,Bounty Hunters,movie,,movie,,,0.0,no_match
STARWARS.xlsx,CANON,1647,Han Solo & Chewbacca,Comic (Marvel),2022-07-20 00:00:00,Han Solo & Chewbacca,movie,,movie,,,0.0,no_match
STARWARS.xlsx,CANON,1648,Darth Vader (2020),Comic (Marvel),2022-07-20 00:00:00,Darth Vader (2020),movie,,movie,,,0.0,no_match
STARWARS.xlsx,CANON,1649,The Lesson (Obi-Wan & Anakin),Comic Story (Marvel),2022-07-20 00:00:00,The Lesson (Obi-Wan & Anakin),movie,,movie,,,0.0,no_match
STARWARS.xlsx,CANON,1650,Star Wars (2020),Comic (Marvel),2022-07-20 00:00:00,Star Wars (2020),movie,,movie,,,0.0,no_match
STARWARS.xlsx,CANON,1651,"See You Around, Kid",Comic Story (Marvel),2022-07-20 00:00:00,"See You Around, Kid",movie,,movie,,,0.0,no_match
STARWARS.xlsx,CANON,1652,A Eulogy for Snap,Comic Story (Marvel),2022-07-20 00:00:00,A Eulogy for Snap,movie,,movie,,,0.0,no_match
STARWARS.xlsx,CANON,1653,Padawan,Novel (Young Adult),2022-07-26 00:00:00,Padawan,movie,,movie,,,0.0,no_match
STARWARS.xlsx,CANON,1654,Obi-Wan,Comic (Marvel),2022-07-27 00:00:00,Obi-Wan,movie,1015606,movie,Obi-Wan Kenobi: A Jedi's Return,2022-09-07,0.4968,review
STARWARS.xlsx,CANON,1655,Doctor Aphra (2020),Comic (Marvel),2022-07-27 00:00:00,Doctor Aphra (2020),movie,,movie,,,0.0,no_match
STARWARS.xlsx,CANON,1656,Galactic Tales: From the Shadows Come The Kran,Short Story (Insider),2022-08-02 00:00:00,Galactic Tales: From the Shadows Come The Kran,movie,,movie,,,0.0,no_match
STARWARS.xlsx,CANON,1657,Halcyon Legacy,Comic (Marvel),2022-08-03 00:00:00,Halcyon Legacy,movie,,movie,,,0.0,no_match
STARWARS.xlsx,CANON,1658,Han Solo & Chewbacca,Comic (Marvel),2022-08-10 00:00:00,Han Solo & Chewbacca,movie,,movie,,,0.0,no_match
STARWARS.xlsx,CANON,1659,Bounty Hunters,Comic (Marvel),2022-08-10 00:00:00,Bounty Hunters,movie,,movie,,,0.0,no_match
STARWARS.xlsx,CANON,1660,The Princess and the Scoundrel,Novel,2022-08-16 00:00:00,The Princess and the Scoundrel,movie,,movie,,,0.0,no_match
STARWARS.xlsx,CANON,1661,The Mandalorian (Adaptation),Comic (Marvel),2022-08-17 00:00:00,The Mandalorian (Adaptation),movie,,movie,,,0.0,no_match
STARWARS.xlsx,CANON,1662,Star Wars (2020),Comic (Marvel),2022-08-17 00:00:00,Star Wars (2020),movie,,movie,,,0.0,no_match
STARWARS.xlsx,CANON,1663,Hyperspace Stories,Comic (Dark Horse),2022-08-24 00:00:00,Hyperspace Stories,movie,,movie,,,0.0,no_match
STARWARS.xlsx,CANON,1664,Doctor Aphra (2020),Comic (Marvel),2022-08-24 00:00:00,Doctor Aphra (2020),movie,,movie,,,0.0,no_match
STARWARS.xlsx,CANON,1665,Darth Vader (2020),Comic (Marvel),2022-08-24 00:00:00,Darth Vader (2020),movie,,movie,,,0.0,no_match
STARWARS.xlsx,CANON,1666,Obi-Wan,Comic (Marvel),2022-08-31 00:00:00,Obi-Wan,movie,1015606,movie,Obi-Wan Kenobi: A Jedi's Return,2022-09-07,0.4968,review
STARWARS.xlsx,CANON,1667,Star Wars (2020),Comic (Marvel),2022-09-07 00:00:00,Star Wars (2020),movie,,movie,,,0.0,no_match
STARWARS.xlsx,CANON,1668,Tales of Enlightenment: New Prospects,Short Story (Insider),2022-09-13 00:00:00,Tales of Enlightenment: New Prospects,movie,,movie,,,0.0,no_match
STARWARS.xlsx,CANON,1669,Obi-Wan,Comic (Marvel),2022-09-14 00:00:00,Obi-Wan,movie,1015606,movie,Obi-Wan Kenobi: A Jedi's Return,2022-09-07,0.4968,review
STARWARS.xlsx,CANON,1670,Bounty Hunters,Comic (Marvel),2022-09-14 00:00:00,Bounty Hunters,movie,,movie,,,0.0,no_match
STARWARS.xlsx,CANON,1671,Hyperspace Stories,Comic (Dark Horse),2022-09-21 00:00:00,Hyperspace Stories,movie,,movie,,,0.0,no_match
STARWARS.xlsx,CANON,1672,The Mandalorian (Adaptation),Comic (Marvel),2022-09-21 00:00:00,The Mandalorian (Adaptation),movie,,movie,,,0.0,no_match
STARWARS.xlsx,CANON,1673,Darth Vader (2020),Comic (Marvel),2022-09-21 00:00:00,Darth Vader (2020),movie,,movie,,,0.0,no_match
STARWARS.xlsx,CANON,1674,Kassa,TV (Live Action),2022-09-21 00:00:00,Kassa,tv,,tv,,,0.0,no_match
STARWARS.xlsx,CANON,1675,That Would Be Me,TV (Live Action),2022-09-21 00:00:00,That Would Be Me,tv,,tv,,,0.0,no_match
STARWARS.xlsx,CANON,1676,Reckoning,TV (Live Action),2022-09-21 00:00:00,Reckoning,tv,236141,tv,The Indonesian Reckoning,2022-02-15,0.623,matched
STARWARS.xlsx,CANON,1677,Han Solo & Chewbacca,Comic (Marvel),2022-09-28 00:00:00,Han Solo & Chewbacca,movie,,movie,,,0.0,no_match
STARWARS.xlsx,CANON,1678,Doctor Aphra (2020),Comic (Marvel),2022-09-28 00:00:00,Doctor Aphra (2020),movie,,movie,,,0.0,no_match
STARWARS.xlsx,CANON,1679,Aldhani,TV (Live Action),2022-09-28 00:00:00,Aldhani,tv,,tv,,,0.0,no_match
STARWARS.xlsx,CANON,1680,Path of Deceit,Novel (Young Adult),2022-10-04 00:00:00,Path of Deceit,movie,,movie,,,0.0,no_match
STARWARS.xlsx,CANON,1681,The Mandalorian (Adaptation),Comic (Marvel),2022-10-05 00:00:00,The Mandalorian (Adaptation),movie,,movie,,,0.0,no_match
STARWARS.xlsx,CANON,1682,The Axe Forgets,TV (Live Action),2022-10-05 00:00:00,The Axe Forgets,tv,,tv,,,0.0,no_match
STARWARS.xlsx,CANON,1683,The Mandalorian: The Graphic Novel of Season 2,Graphic Novel,2022-10-11 00:00:00,The Mandalorian: The Graphic Novel of Season 2,movie,,movie,,,0.0,no_match
STARWARS.xlsx,CANON,1684,Peace and Unity,Comic Story (Marvel),2022-10-12 00:00:00,Peace and Unity,movie,,movie,,,0.0,no_match
STARWARS.xlsx,CANON,1685,The High Republic (2022),Comic (Marvel),2022-10-12 00:00:00,The High Republic (2022),movie,,movie,,,0.0,no_match
STARWARS.xlsx,CANON,1686,Star Wars (2020),Comic (Marvel),2022-10-12 00:00:00,Star Wars (2020),movie,,movie,,,0.0,no_match
STARWARS.xlsx,CANON,1687,The Eye,TV (Live Action),2022-10-12 00:00:00,The Eye,tv,228829,tv,The 3rd Eye,2022-11-26,0.7901,matched
STARWARS.xlsx,CANON,1688,Tauntaun,Short (Junior),2022-10-18 00:00:00,Tauntaun,movie,,movie,,,0.0,no_match
STARWARS.xlsx,CANON,1689,Rancor,Short (Junior),2022-10-18 00:00:00,Rancor,movie,1272114,movie,Rancor,2022-10-21,0.9503,matched
STARWARS.xlsx,CANON,1690,Darth Vader (2020),Comic (Marvel),2022-10-19 00:00:00,Darth Vader (2020),movie,,movie,,,0.0,no_match
STARWARS.xlsx,CANON,1691,Announcement,TV (Live Action),2022-10-19 00:00:00,Announcement,tv,,tv,,,0.0,no_match
STARWARS.xlsx,CANON,1692,Porgs,Short (Junior),2022-10-25 00:00:00,Porgs,movie,,movie,,,0.0,no_match
STARWARS.xlsx,CANON,1693,Ortolan,Short (Junior),2022-10-25 00:00:00,Ortolan,movie,,movie,,,0.0,no_match
STARWARS.xlsx,CANON,1694,Doctor Aphra (2020),Comic (Marvel),2022-10-26 00:00:00,Doctor Aphra (2020),movie,,movie,,,0.0,no_match
STARWARS.xlsx,CANON,1695,Life and Death (Ahsoka Tano),TV (Animated),2022-10-26 00:00:00,Life and Death (Ahsoka Tano),tv,,tv,,,0.0,no_match
STARWARS.xlsx,CANON,1696,Justice (Count Dooku),TV (Animated),2022-10-26 00:00:00,Justice (Count Dooku),tv,,tv,,,0.0,no_match
STARWARS.xlsx,CANON,1697,Choices (Count Dooku),TV (Animated),2022-10-26 00:00:00,Choices (Count Dooku),tv,,tv,,,0.0,no_match
STARWARS.xlsx,CANON,1698,The Sith Lord (Count Dooku),TV (Animated),2022-10-26 00:00:00,The Sith Lord (Count Dooku),tv,,tv,,,0.0,no_match
STARWARS.xlsx,CANON,1699,Practice Makes Perfect (Ahsoka Tano),TV (Animated),2022-10-26 00:00:00,Practice Makes Perfect (Ahsoka Tano),tv,,tv,,,0.0,no_match
STARWARS.xlsx,CANON,1700,Resolve (Ahsoka Tano),TV (Animated),2022-10-26 00:00:00,Resolve (Ahsoka Tano),tv,,tv,,,0.0,no_match
STARWARS.xlsx,CANON,1701,Narkina 5,TV (Live Action),2022-10-26 00:00:00,Narkina 5,tv,,tv,,,0.0,no_match
STARWARS.xlsx,CANON,1702,Gungan,Short (Junior),2022-11-01 00:00:00,Gungan,movie,,movie,,,0.0,no_match
STARWARS.xlsx,CANON,1703,Loth-Cat,Short (Junior),2022-11-01 00:00:00,Loth-Cat,movie,,movie,,,0.0,no_match
STARWARS.xlsx,CANON,1704,Quest for the Hidden City,Novel (Middle-Grade),2022-11-01 00:00:00,Quest for the Hidden City,movie,,movie,,,0.0,no_match
STARWARS.xlsx,CANON,1705,The Mandalorian (Adaptation),Comic (Marvel),2022-11-02 00:00:00,The Mandalorian (Adaptation),movie,,movie,,,0.0,no_match
STARWARS.xlsx,CANON,1706,Bounty Hunters,Comic (Marvel),2022-11-02 00:00:00,Bounty Hunters,movie,,movie,,,0.0,no_match
STARWARS.xlsx,CANON,1707,Star Wars (2020),Comic (Marvel),2022-11-02 00:00:00,Star Wars (2020),movie,,movie,,,0.0,no_match
STARWARS.xlsx,CANON,1708,Nobody's Listening,TV (Live Action),2022-11-02 00:00:00,Nobody's Listening,tv,,tv,,,0.0,no_match
STARWARS.xlsx,CANON,1709,The High Republic (2022),Comic (Marvel),2022-11-09 00:00:00,The High Republic (2022),movie,,movie,,,0.0,no_match
STARWARS.xlsx,CANON,1710,One Way Out,TV (Live Action),2022-11-09 00:00:00,One Way Out,tv,,tv,,,0.0,no_match
STARWARS.xlsx,CANON,1711,Hidden Empire,Comic (Marvel),2022-11-16 00:00:00,Hidden Empire,movie,,movie,,,0.0,no_match
STARWARS.xlsx,CANON,1712,Han Solo & Chewbacca,Comic (Marvel),2022-11-16 00:00:00,Han Solo & Chewbacca,movie,,movie,,,0.0,no_match
STARWARS.xlsx,CANON,1713,Doctor Aphra (2020),Comic (Marvel),2022-11-16 00:00:00,Doctor Aphra (2020),movie,,movie,,,0.0,no_match
STARWARS.xlsx,CANON,1714,Daughter of Ferrix,TV (Live Action),2022-11-16 00:00:00,Daughter of Ferrix,tv,,tv,,,0.0,no_match
STARWARS.xlsx,CANON,1715,Convergence,Novel,2022-11-22 00:00:00,Convergence,movie,1530785,movie,Convergence,2022-06-04,0.9501,matched
STARWARS.xlsx,CANON,1716,Revelations (2022),Comic (Marvel),2022-11-23 00:00:00,Revelations (2022),movie,,movie,,,0.0,no_match
STARWARS.xlsx,CANON,1717,Yoda,Comic (Marvel),2022-11-23 00:00:00,Yoda,movie,879008,movie,The Nighthawk's First Love,2022-09-16,0.2783,review
STARWARS.xlsx,CANON,1718,Hyperspace Stories,Comic (Dark Horse),2022-11-23 00:00:00,Hyperspace Stories,movie,,movie,,,0.0,no_match
STARWARS.xlsx,CANON,1719,Frame Story,Comic Story (Dark Horse),2022-11-23 00:00:00,Frame Story,movie,,movie,,,0.0,no_match
STARWARS.xlsx,CANON,1720,Ghosts of the Machine,Comic Story (Dark Horse),2022-11-23 00:00:00,Ghosts of the Machine,movie,,movie,,,0.0,no_match
STARWARS.xlsx,CANON,1721,Undead or Alive,Comic Story (Dark Horse),2022-11-23 00:00:00,Undead or Alive,movie,,movie,,,0.0,no_match
STARWARS.xlsx,CANON,1722,In the Lair of the Dragon Slug,Comic Story (Dark Horse),2022-11-23 00:00:00,In the Lair of the Dragon Slug,movie,,movie,,,0.0,no_match
STARWARS.xlsx,CANON,1723,Rix Road,TV (Live Action),2022-11-23 00:00:00,Rix Road,tv,,tv,,,0.0,no_match
STARWARS.xlsx,CANON,1724,The High Republic Adventures (2022),Comic (Dark Horse),2022-11-30 00:00:00,The High Republic Adventures (2022),movie,,movie,,,0.0,no_match
STARWARS.xlsx,CANON,1725,Darth Vader (2020),Comic (Marvel),2022-11-30 00:00:00,Darth Vader (2020),movie,,movie,,,0.0,no_match
STARWARS.xlsx,CANON,1726,Tales of Enlightenment: A Different Perspective,Short Story (Insider),2022-12-06 00:00:00,Tales of Enlightenment: A Different Perspective,movie,,movie,,,0.0,no_match
STARWARS.xlsx,CANON,1727,Hidden Empire,Comic (Marvel),2022-12-07 00:00:00,Hidden Empire,movie,,movie,,,0.0,no_match
STARWARS.xlsx,CANON,1728,The Mandalorian (Adaptation),Comic (Marvel),2022-12-14 00:00:00,The Mandalorian (Adaptation),movie,,movie,,,0.0,no_match
STARWARS.xlsx,CANON,1729,Bounty Hunters,Comic (Marvel),2022-12-14 00:00:00,Bounty Hunters,movie,,movie,,,0.0,no_match
STARWARS.xlsx,CANON,1730,My First Comic Reader,Book (Junior),2022-12-21 00:00:00,My First Comic Reader,movie,,movie,,,0.0,no_match
STARWARS.xlsx,CANON,1731,The Blade,Comic (Marvel),2022-12-28 00:00:00,The Blade,movie,768757,movie,Both Sides of the Blade,2022-07-08,0.6356,matched
STARWARS.xlsx,CANON,1732,Yoda,Comic (Marvel),2022-12-28 00:00:00,Yoda,movie,879008,movie,The Nighthawk's First Love,2022-09-16,0.2783,review
STARWARS.xlsx,CANON,1733,The High Republic (2022),Comic (Marvel),2022-12-28 00:00:00,The High Republic (2022),movie,,movie,,,0.0,no_match
STARWARS.xlsx,CANON,1734,Han Solo & Chewbacca,Comic (Marvel),2022-12-28 00:00:00,Han Solo & Chewbacca,movie,,movie,,,0.0,no_match
STARWARS.xlsx,CANON,1735,Doctor Aphra (2020),Comic (Marvel),2022-12-28 00:00:00,Doctor Aphra (2020),movie,,movie,,,0.0,no_match
STARWARS.xlsx,CANON,1736,The Battle of Jedha,Audio Drama,2023-01-03 00:00:00,The Battle of Jedha,movie,,movie,,,0.0,no_match
STARWARS.xlsx,CANON,1737,The Book of Boba Fett Junior Novel,Novel (Middle-Grade),2023-01-03 00:00:00,The Book of Boba Fett Junior Novel,movie,,movie,,,0.0,no_match
STARWARS.xlsx,CANON,1738,Star Wars (2020),Comic (Marvel),2023-01-04 00:00:00,Star Wars (2020),movie,,movie,,,0.0,no_match
STARWARS.xlsx,CANON,1739,Spoils of War,TV (Animated),2023-01-04 00:00:00,Spoils of War,tv,,tv,,,0.0,no_match
STARWARS.xlsx,CANON,1740,Ruins of War,TV (Animated),2023-01-04 00:00:00,Ruins of War,tv,,tv,,,0.0,no_match
STARWARS.xlsx,CANON,1741,The High Republic Adventures (2022),Comic (Dark Horse),2023-01-11 00:00:00,The High Republic Adventures (2022),movie,,movie,,,0.0,no_match
STARWARS.xlsx,CANON,1742,The High Republic (2022),Comic (Marvel),2023-01-11 00:00:00,The High Republic (2022),movie,,movie,,,0.0,no_match
STARWARS.xlsx,CANON,1743,The Mandalorian (Adaptation),Comic (Marvel),2023-01-11 00:00:00,The Mandalorian (Adaptation),movie,,movie,,,0.0,no_match
STARWARS.xlsx,CANON,1744,Darth Vader (2020),Comic (Marvel),2023-01-11 00:00:00,Darth Vader (2020),movie,,movie,,,0.0,no_match
STARWARS.xlsx,CANON,1745,The Solitary Clone,TV (Animated),2023-01-11 00:00:00,The Solitary Clone,tv,,tv,,,0.0,no_match
STARWARS.xlsx,CANON,1746,Bogling,Short (Junior),2023-01-17 00:00:00,Bogling,movie,,movie,,,0.0,no_match
STARWARS.xlsx,CANON,1747,Eopie,Short (Junior),2023-01-17 00:00:00,Eopie,movie,,movie,,,0.0,no_match
STARWARS.xlsx,CANON,1748,Han Solo & Chewbacca,Comic (Marvel),2023-01-18 00:00:00,Han Solo & Chewbacca,movie,,movie,,,0.0,no_match
STARWARS.xlsx,CANON,1749,Bounty Hunters,Comic (Marvel),2023-01-18 00:00:00,Bounty Hunters,movie,,movie,,,0.0,no_match
STARWARS.xlsx,CANON,1750,Faster,TV (Animated),2023-01-18 00:00:00,Faster,tv,238047,tv,Faster With Newbern and Cotten,2023-09-20,0.4704,review
STARWARS.xlsx,CANON,1751,Convor,Short (Junior),2023-01-24 00:00:00,Convor,movie,,movie,,,0.0,no_match
STARWARS.xlsx,CANON,1752,Gergilla,Short (Junior),2023-01-24 00:00:00,Gergilla,movie,,movie,,,0.0,no_match
STARWARS.xlsx,CANON,1753,The Blade,Comic (Marvel),2023-01-25 00:00:00,The Blade,movie,960044,movie,The Edge of the Blade,2023-12-27,0.6624,matched
STARWARS.xlsx,CANON,1754,Yoda,Comic (Marvel),2023-01-25 00:00:00,Yoda,movie,879008,movie,The Nighthawk's First Love,2022-09-16,0.2399,review
STARWARS.xlsx,CANON,1755,Doctor Aphra (2020),Comic (Marvel),2023-01-25 00:00:00,Doctor Aphra (2020),movie,,movie,,,0.0,no_match
STARWARS.xlsx,CANON,1756,Entombed,TV (Animated),2023-01-25 00:00:00,Entombed,tv,,tv,,,0.0,no_match
STARWARS.xlsx,CANON,1757,"The Mandalorian: The Manga, Vol. 1",Manga,2023-01-25 00:00:00,"The Mandalorian: The Manga, Vol. 1",movie,,movie,,,0.0,no_match
STARWARS.xlsx,CANON,1758,Kybuck,Short (Junior),2023-01-31 00:00:00,Kybuck,movie,,movie,,,0.0,no_match
STARWARS.xlsx,CANON,1759,Kamoradon,Short (Junior),2023-01-31 00:00:00,Kamoradon,movie,,movie,,,0.0,no_match
STARWARS.xlsx,CANON,1760,Sana Starros,Comic (Marvel),2023-02-01 00:00:00,Sana Starros,movie,,movie,,,0.0,no_match
STARWARS.xlsx,CANON,1761,Tribe,TV (Animated),2023-02-01 00:00:00,Tribe,tv,263247,tv,Generation Turmoil,2023-04-25,0.4181,review
STARWARS.xlsx,CANON,1762,Tales of Enlightenment: The Unusual Suspect,Short Story (Insider),2023-02-07 00:00:00,Tales of Enlightenment: The Unusual Suspect,movie,,movie,,,0.0,no_match
STARWARS.xlsx,CANON,1763,Dianoga,Short (Junior),2023-02-07 00:00:00,Dianoga,movie,,movie,,,0.0,no_match
STARWARS.xlsx,CANON,1764,Ice Spider,Short (Junior),2023-02-07 00:00:00,Ice Spider,movie,,movie,,,0.0,no_match
STARWARS.xlsx,CANON,1765,Hidden Empire,Comic (Marvel),2023-02-08 00:00:00,Hidden Empire,movie,,movie,,,0.0,no_match
STARWARS.xlsx,CANON,1766,The High Republic (2022),Comic (Marvel),2023-02-08 00:00:00,The High Republic (2022),movie,,movie,,,0.0,no_match
STARWARS.xlsx,CANON,1767,Darth Vader (2020),Comic (Marvel),2023-02-08 00:00:00,Darth Vader (2020),movie,,movie,,,0.0,no_match
STARWARS.xlsx,CANON,1768,The Clone Conspiracy,TV (Animated),2023-02-08 00:00:00,The Clone Conspiracy,tv,,tv,,,0.0,no_match
STARWARS.xlsx,CANON,1769,Truth and Consequences,TV (Animated),2023-02-08 00:00:00,Truth and Consequences,tv,,tv,,,0.0,no_match
STARWARS.xlsx,CANON,1770,Puffer Pig,Short (Junior),2023-02-14 00:00:00,Puffer Pig,movie,,movie,,,0.0,no_match
STARWARS.xlsx,CANON,1771,Gundark,Short (Junior),2023-02-14 00:00:00,Gundark,movie,,movie,,,0.0,no_match
STARWARS.xlsx,CANON,1772,Bounty Hunters,Comic (Marvel),2023-02-15 00:00:00,Bounty Hunters,movie,,movie,,,0.0,no_match
STARWARS.xlsx,CANON,1773,Star Wars (2020),Comic (Marvel),2023-02-15 00:00:00,Star Wars (2020),movie,,movie,,,0.0,no_match
STARWARS.xlsx,CANON,1774,The Crossing,TV (Animated),2023-02-15 00:00:00,The Crossing,tv,233380,tv,Maepjjiri Crossing The Line,2023-07-19,0.5996,review
STARWARS.xlsx,CANON,1775,Gorgs,Short (Junior),2023-02-21 00:00:00,Gorgs,movie,,movie,,,0.0,no_match
STARWARS.xlsx,CANON,1776,Ordo Moon Dragon,Short (Junior),2023-02-21 00:00:00,Ordo Moon Dragon,movie,,movie,,,0.0,no_match
STARWARS.xlsx,CANON,1777,The Nameless Terror,Comic (Dark Horse),2023-02-22 00:00:00,The Nameless Terror,movie,,movie,,,0.0,no_match
STARWARS.xlsx,CANON,1778,Yoda,Comic (Marvel),2023-02-22 00:00:00,Yoda,movie,879008,movie,The Nighthawk's First Love,2022-09-16,0.2399,review
STARWARS.xlsx,CANON,1779,Doctor Aphra (2020),Comic (Marvel),2023-02-22 00:00:00,Doctor Aphra (2020),movie,,movie,,,0.0,no_match
STARWARS.xlsx,CANON,1780,Retrieval,TV (Animated),2023-02-22 00:00:00,Retrieval,tv,,tv,,,0.0,no_match
STARWARS.xlsx,CANON,1781,The Blade,Comic (Marvel),2023-03-01 00:00:00,The Blade,movie,960044,movie,The Edge of the Blade,2023-12-27,0.6624,matched
STARWARS.xlsx,CANON,1782,Hidden Empire,Comic (Marvel),2023-03-01 00:00:00,Hidden Empire,movie,,movie,,,0.0,no_match
STARWARS.xlsx,CANON,1783,Hyperspace Stories,Comic (Dark Horse),2023-03-01 00:00:00,Hyperspace Stories,movie,,movie,,,0.0,no_match
STARWARS.xlsx,CANON,1784,The Mandalorian (Adaptation),Comic (Marvel),2023-03-01 00:00:00,The Mandalorian (Adaptation),movie,,movie,,,0.0,no_match
STARWARS.xlsx,CANON,1785,Han Solo & Chewbacca,Comic (Marvel),2023-03-01 00:00:00,Han Solo & Chewbacca,movie,,movie,,,0.0,no_match
STARWARS.xlsx,CANON,1786,Star Wars (2020),Comic (Marvel),2023-03-01 00:00:00,Star Wars (2020),movie,,movie,,,0.0,no_match
STARWARS.xlsx,CANON,1787,Metamorphosis,TV (Animated),2023-03-01 00:00:00,Metamorphosis,tv,,tv,,,0.0,no_match
STARWARS.xlsx,CANON,1788,Chapter 17 - The Apostate,TV (Live Action),2023-03-01 00:00:00,Chapter 17 - The Apostate,tv,,tv,,,0.0,no_match
STARWARS.xlsx,CANON,1789,Hunters: Battle for the Arena,Novel (Middle-Grade),2023-03-07 00:00:00,Hunters: Battle for the Arena,movie,,movie,,,0.0,no_match
STARWARS.xlsx,CANON,1790,Jedi: Battle Scars,Novel,2023-03-07 00:00:00,Jedi: Battle Scars,movie,,movie,,,0.0,no_match
STARWARS.xlsx,CANON,1791,The Battle of Endor,Book (Junior),2023-03-07 00:00:00,The Battle of Endor,movie,,movie,,,0.0,no_match
STARWARS.xlsx,CANON,1792,Sana Starros,Comic (Marvel),2023-03-08 00:00:00,Sana Starros,movie,,movie,,,0.0,no_match
STARWARS.xlsx,CANON,1793,The High Republic (2022),Comic (Marvel),2023-03-08 00:00:00,The High Republic (2022),movie,,movie,,,0.0,no_match
STARWARS.xlsx,CANON,1794,Bounty Hunters,Comic (Marvel),2023-03-08 00:00:00,Bounty Hunters,movie,,movie,,,0.0,no_match
STARWARS.xlsx,CANON,1795,The Outpost,TV (Animated),2023-03-08 00:00:00,The Outpost,tv,,tv,,,0.0,no_match
STARWARS.xlsx,CANON,1796,Chapter 18 - The Mines of Mandalore,TV (Live Action),2023-03-08 00:00:00,Chapter 18 - The Mines of Mandalore,tv,,tv,,,0.0,no_match
STARWARS.xlsx,CANON,1797,Tales of Enlightenment: No Such Thing as a Bad Customer,Short Story (Insider),2023-03-14 00:00:00,Tales of Enlightenment: No Such Thing as a Bad Customer,movie,,movie,,,0.0,no_match
STARWARS.xlsx,CANON,1798,The High Republic Adventures (2022),Comic (Dark Horse),2023-03-15 00:00:00,The High Republic Adventures (2022),movie,,movie,,,0.0,no_match
STARWARS.xlsx,CANON,1799,Yoda,Comic (Marvel),2023-03-15 00:00:00,Yoda,movie,879008,movie,The Nighthawk's First Love,2022-09-16,0.2399,review
STARWARS.xlsx,CANON,1800,Pabu,TV (Animated),2023-03-15 00:00:00,Pabu,tv,,tv,,,0.0,no_match
STARWARS.xlsx,CANON,1801,Chapter 19 - The Convert,TV (Live Action),2023-03-15 00:00:00,Chapter 19 - The Convert,tv,,tv,,,0.0,no_match
STARWARS.xlsx,CANON,1802,The High Republic Adventures (2022),Comic (Dark Horse),2023-03-22 00:00:00,The High Republic Adventures (2022),movie,,movie,,,0.0,no_match
STARWARS.xlsx,CANON,1803,Darth Vader (2020),Comic (Marvel),2023-03-22 00:00:00,Darth Vader (2020),movie,,movie,,,0.0,no_match
STARWARS.xlsx,CANON,1804,Tipping Point,TV (Animated),2023-03-22 00:00:00,Tipping Point,tv,242192,tv,Tipping Point Australia,2023-12-24,0.7509,matched
STARWARS.xlsx,CANON,1805,Chapter 20 - The Foundling,TV (Live Action),2023-03-22 00:00:00,Chapter 20 - The Foundling,tv,,tv,,,0.0,no_match
STARWARS.xlsx,CANON,1806,The Blade,Comic (Marvel),2023-03-29 00:00:00,The Blade,movie,960044,movie,The Edge of the Blade,2023-12-27,0.6624,matched
STARWARS.xlsx,CANON,1807,The High Republic (2022),Comic (Marvel),2023-03-29 00:00:00,The High Republic (2022),movie,,movie,,,0.0,no_match
STARWARS.xlsx,CANON,1808,The Summit,TV (Animated),2023-03-29 00:00:00,The Summit,tv,225742,tv,The Summit,2023-05-14,0.9503,matched
STARWARS.xlsx,CANON,1809,Plan 99,TV (Animated),2023-03-29 00:00:00,Plan 99,tv,,tv,,,0.0,no_match
STARWARS.xlsx,CANON,1810,Chapter 21 - The Pirate,TV (Live Action),2023-03-29 00:00:00,Chapter 21 - The Pirate,tv,,tv,,,0.0,no_match
STARWARS.xlsx,CANON,1811,Return of the Jedi: Jabba's Palace,Comic (Marvel),2023-03-29 00:00:00,Return of the Jedi: Jabba's Palace,movie,,movie,,,0.0,no_match
STARWARS.xlsx,CANON,1812,Cataclysm,Novel,2023-04-04 00:00:00,Cataclysm,movie,1522313,movie,Cataclysm,2023-02-06,0.9501,matched
STARWARS.xlsx,CANON,1813,Quest for Planet X,Novel (Middle-Grade),2023-04-04 00:00:00,Quest for Planet X,movie,,movie,,,0.0,no_match
STARWARS.xlsx,CANON,1814,Hidden Empire,Comic (Marvel),2023-04-05 00:00:00,Hidden Empire,movie,,movie,,,0.0,no_match
STARWARS.xlsx,CANON,1815,The High Republic Adventures (2022),Comic (Dark Horse),2023-04-05 00:00:00,The High Republic Adventures (2022),movie,,movie,,,0.0,no_match
STARWARS.xlsx,CANON,1816,Star Wars (2020),Comic (Marvel),2023-04-05 00:00:00,Star Wars (2020),movie,,movie,,,0.0,no_match
STARWARS.xlsx,CANON,1817,Chapter 22 - Guns for Hire,TV (Live Action),2023-04-05 00:00:00,Chapter 22 - Guns for Hire,tv,,tv,,,0.0,no_match
STARWARS.xlsx,CANON,1818,Hyperspace Stories Annual - Jaxxon 2023,Comic (Dark Horse),2023-04-07 00:00:00,Hyperspace Stories Annual - Jaxxon 2023,movie,,movie,,,0.0,no_match
STARWARS.xlsx,CANON,1819,Chapter 24 - The Return,TV (Live Action),2023-04-09 00:00:00,Chapter 24 - The Return,tv,,tv,,,0.0,no_match
STARWARS.xlsx,CANON,1820,The Woklings' Tale,Comic Story (Marvel),2023-04-12 00:00:00,The Woklings' Tale,movie,,movie,,,0.0,no_match
STARWARS.xlsx,CANON,1821,Paploo's Tale,Comic Story (Marvel),2023-04-12 00:00:00,Paploo's Tale,movie,,movie,,,0.0,no_match
STARWARS.xlsx,CANON,1822,Peepka's Tale,Comic Story (Marvel),2023-04-12 00:00:00,Peepka's Tale,movie,,movie,,,0.0,no_match
STARWARS.xlsx,CANON,1823,Return of the Jedi: Ewoks,Comic (Marvel),2023-04-12 00:00:00,Return of the Jedi: Ewoks,movie,,movie,,,0.0,no_match
STARWARS.xlsx,CANON,1824,The High Republic (2022),Comic (Marvel),2023-04-12 00:00:00,The High Republic (2022),movie,,movie,,,0.0,no_match
STARWARS.xlsx,CANON,1825,Doctor Aphra (2020),Comic (Marvel),2023-04-12 00:00:00,Doctor Aphra (2020),movie,,movie,,,0.0,no_match
STARWARS.xlsx,CANON,1826,Bounty Hunters,Comic (Marvel),2023-04-12 00:00:00,Bounty Hunters,movie,,movie,,,0.0,no_match
STARWARS.xlsx,CANON,1827,Chapter 23 - The Spies,TV (Live Action),2023-04-12 00:00:00,Chapter 23 - The Spies,tv,,tv,,,0.0,no_match
STARWARS.xlsx,CANON,1828,The Nameless Terror,Comic (Dark Horse),2023-04-19 00:00:00,The Nameless Terror,movie,,movie,,,0.0,no_match
STARWARS.xlsx,CANON,1829,Sana Starros,Comic (Marvel),2023-04-19 00:00:00,Sana Starros,movie,,movie,,,0.0,no_match
STARWARS.xlsx,CANON,1830,The High Republic Adventures (2022),Comic (Dark Horse),2023-04-19 00:00:00,The High Republic Adventures (2022),movie,,movie,,,0.0,no_match
STARWARS.xlsx,CANON,1831,Yoda,Comic (Marvel),2023-04-19 00:00:00,Yoda,movie,879008,movie,The Nighthawk's First Love,2022-09-16,0.2399,review
STARWARS.xlsx,CANON,1832,Return of the Jedi: A Collector's Classic Board Book,Book (Junior),2023-04-25 00:00:00,Return of the Jedi: A Collector's Classic Board Book,movie,,movie,,,0.0,no_match
STARWARS.xlsx,CANON,1833,Hard Shutdown,Comic Story (Marvel),2023-04-26 00:00:00,Hard Shutdown,movie,,movie,,,0.0,no_match
STARWARS.xlsx,CANON,1834,Inescapable,Comic Story (Marvel),2023-04-26 00:00:00,Inescapable,movie,,movie,,,0.0,no_match
STARWARS.xlsx,CANON,1835,Dissolution of Hope,Comic Story (Marvel),2023-04-26 00:00:00,Dissolution of Hope,movie,,movie,,,0.0,no_match
STARWARS.xlsx,CANON,1836,Return to Hoth,Comic Story (Marvel),2023-04-26 00:00:00,Return to Hoth,movie,,movie,,,0.0,no_match
STARWARS.xlsx,CANON,1837,Doctor Aphra (2020),Comic (Marvel),2023-04-26 00:00:00,Doctor Aphra (2020),movie,,movie,,,0.0,no_match
STARWARS.xlsx,CANON,1838,Darth Vader (2020),Comic (Marvel),2023-04-26 00:00:00,Darth Vader (2020),movie,,movie,,,0.0,no_match
STARWARS.xlsx,CANON,1839,The High Republic Adventures: Quest of the Jedi,Comic (Dark Horse),2023-04-26 00:00:00,The High Republic Adventures: Quest of the Jedi,movie,,movie,,,0.0,no_match
STARWARS.xlsx,CANON,1840,Jedi: Survivor,Video Game,2023-04-28 00:00:00,Jedi: Survivor,movie,,movie,,,0.0,no_match
STARWARS.xlsx,CANON,1841,Path of Vengeance,Novel (Young Adult),2023-05-02 00:00:00,Path of Vengeance,movie,,movie,,,0.0,no_match
STARWARS.xlsx,CANON,1842,Young Jedi Adventures: Jedi Training,Book (Junior),2023-05-02 00:00:00,Young Jedi Adventures: Jedi Training,movie,,movie,,,0.0,no_match
STARWARS.xlsx,CANON,1843,Return of the Jedi: Lando,Comic (Marvel),2023-05-03 00:00:00,Return of the Jedi: Lando,movie,,movie,,,0.0,no_match
STARWARS.xlsx,CANON,1844,The Nameless Terror,Comic (Dark Horse),2023-05-03 00:00:00,The Nameless Terror,movie,,movie,,,0.0,no_match
STARWARS.xlsx,CANON,1845,Hyperspace Stories,Comic (Dark Horse),2023-05-03 00:00:00,Hyperspace Stories,movie,,movie,,,0.0,no_match
STARWARS.xlsx,CANON,1846,The High Republic Adventures (2022),Comic (Dark Horse),2023-05-03 00:00:00,The High Republic Adventures (2022),movie,,movie,,,0.0,no_match
STARWARS.xlsx,CANON,1847,Yoda,Comic (Marvel),2023-05-03 00:00:00,Yoda,movie,879008,movie,The Nighthawk's First Love,2022-09-16,0.2399,review
STARWARS.xlsx,CANON,1848,Star Wars (2020),Comic (Marvel),2023-05-03 00:00:00,Star Wars (2020),movie,,movie,,,0.0,no_match
STARWARS.xlsx,CANON,1849,The Young Jedi/Yoda's Mission,TV (Junior Animated),2023-05-04 00:00:00,The Young Jedi/Yoda's Mission,tv,,tv,,,0.0,no_match
STARWARS.xlsx,CANON,1850,Nash's Race Day/The Lost Jedi Ship,TV (Junior Animated),2023-05-04 00:00:00,Nash's Race Day/The Lost Jedi Ship,tv,,tv,,,0.0,no_match
STARWARS.xlsx,CANON,1851,Get Well Nubs/The Junk Giant,TV (Junior Animated),2023-05-04 00:00:00,Get Well Nubs/The Junk Giant,tv,,tv,,,0.0,no_match
STARWARS.xlsx,CANON,1852,Lys and the Snowy Mountain Rescue/Attack of the Training Droids,TV (Junior Animated),2023-05-04 00:00:00,Lys and the Snowy Mountain Rescue/Attack of the Training Droids,tv,,tv,,,0.0,no_match
STARWARS.xlsx,CANON,1853,The Jellyfruit Pursuit/Creature Safari,TV (Junior Animated),2023-05-04 00:00:00,The Jellyfruit Pursuit/Creature Safari,tv,,tv,,,0.0,no_match
STARWARS.xlsx,CANON,1854,Squadron/Forest Defenders,TV (Junior Animated),2023-05-04 00:00:00,Squadron/Forest Defenders,tv,,tv,,,0.0,no_match
STARWARS.xlsx,CANON,1855,The Jedi and the Thief/The Missing Kibbin,TV (Junior Animated),2023-05-04 00:00:00,The Jedi and the Thief/The Missing Kibbin,tv,,tv,,,0.0,no_match
STARWARS.xlsx,CANON,1856,Young Jedi Adventures: Yoda's Mission,Book (Junior),2023-05-04 00:00:00,Young Jedi Adventures: Yoda's Mission,movie,,movie,,,0.0,no_match
STARWARS.xlsx,CANON,1857,Starlight Coda,Comic Story (Dark Horse),2023-05-06 00:00:00,Starlight Coda,movie,,movie,,,0.0,no_match
STARWARS.xlsx,CANON,1858,The High Republic (2022),Comic (Marvel),2023-05-10 00:00:00,The High Republic (2022),movie,,movie,,,0.0,no_match
STARWARS.xlsx,CANON,1859,Darth Vader (2020),Comic (Marvel),2023-05-10 00:00:00,Darth Vader (2020),movie,,movie,,,0.0,no_match
STARWARS.xlsx,CANON,1860,The Nameless Terror,Comic (Dark Horse),2023-05-17 00:00:00,The Nameless Terror,movie,,movie,,,0.0,no_match
STARWARS.xlsx,CANON,1861,The High Republic Adventures (2022),Comic (Dark Horse),2023-05-17 00:00:00,The High Republic Adventures (2022),movie,,movie,,,0.0,no_match
STARWARS.xlsx,CANON,1862,Bounty Hunters,Comic (Marvel),2023-05-17 00:00:00,Bounty Hunters,movie,,movie,,,0.0,no_match
STARWARS.xlsx,CANON,1863,The Edge of Balance: Precedent,Manga,2023-05-23 00:00:00,The Edge of Balance: Precedent,movie,,movie,,,0.0,no_match
STARWARS.xlsx,CANON,1864,The Endless Mercy,Comic Story (Marvel),2023-05-24 00:00:00,The Endless Mercy,movie,,movie,,,0.0,no_match
STARWARS.xlsx,CANON,1865,Power,Comic Story (Marvel),2023-05-24 00:00:00,Power,movie,1064511,movie,Power,2023-04-20,0.9502,matched
STARWARS.xlsx,CANON,1866,The High Republic (2022),Comic (Marvel),2023-05-24 00:00:00,The High Republic (2022),movie,,movie,,,0.0,no_match
STARWARS.xlsx,CANON,1867,"The Mandalorian: The Manga, Vol. 2",Manga,2023-05-25 00:00:00,"The Mandalorian: The Manga, Vol. 2",movie,,movie,,,0.0,no_match
STARWARS.xlsx,CANON,1868,Sana Starros,Comic (Marvel),2023-05-31 00:00:00,Sana Starros,movie,,movie,,,0.0,no_match
STARWARS.xlsx,CANON,1869,Doctor Aphra (2020),Comic (Marvel),2023-05-31 00:00:00,Doctor Aphra (2020),movie,,movie,,,0.0,no_match
STARWARS.xlsx,CANON,1870,Return of the Jedi: The Empire,Comic (Marvel),2023-06-07 00:00:00,Return of the Jedi: The Empire,movie,,movie,,,0.0,no_match
STARWARS.xlsx,CANON,1871,Yoda,Comic (Marvel),2023-06-07 00:00:00,Yoda,movie,879008,movie,The Nighthawk's First Love,2022-09-16,0.2399,review
STARWARS.xlsx,CANON,1872,Star Wars (2020),Comic (Marvel),2023-06-07 00:00:00,Star Wars (2020),movie,,movie,,,0.0,no_match
STARWARS.xlsx,CANON,1873,Tales of Enlightenment: Last Orders,Short Story (Insider),2023-06-13 00:00:00,Tales of Enlightenment: Last Orders,movie,,movie,,,0.0,no_match
STARWARS.xlsx,CANON,1874,Sana Starros,Comic (Marvel),2023-06-14 00:00:00,Sana Starros,movie,,movie,,,0.0,no_match
STARWARS.xlsx,CANON,1875,Darth Vader (2020),Comic (Marvel),2023-06-14 00:00:00,Darth Vader (2020),movie,,movie,,,0.0,no_match
STARWARS.xlsx,CANON,1876,The Mandalorian Season 2 (Adaptation),Comic (Marvel),2023-06-21 00:00:00,The Mandalorian Season 2 (Adaptation),movie,,movie,,,0.0,no_match
STARWARS.xlsx,CANON,1877,Bounty Hunters,Comic (Marvel),2023-06-21 00:00:00,Bounty Hunters,movie,,movie,,,0.0,no_match
STARWARS.xlsx,CANON,1878,Annihilated,Comic Story (Marvel),2023-06-28 00:00:00,Annihilated,movie,,movie,,,0.0,no_match
STARWARS.xlsx,CANON,1879,Diplomatic Impunity,Comic Story (Marvel),2023-06-28 00:00:00,Diplomatic Impunity,movie,,movie,,,0.0,no_match
STARWARS.xlsx,CANON,1880,Doctor Aphra (2020),Comic (Marvel),2023-06-28 00:00:00,Doctor Aphra (2020),movie,,movie,,,0.0,no_match
STARWARS.xlsx,CANON,1881,Hyperspace Stories,Comic (Dark Horse),2023-07-05 00:00:00,Hyperspace Stories,movie,,movie,,,0.0,no_match
STARWARS.xlsx,CANON,1882,Yoda,Comic (Marvel),2023-07-05 00:00:00,Yoda,movie,879008,movie,The Nighthawk's First Love,2022-09-16,0.2399,review
STARWARS.xlsx,CANON,1883,Star Wars (2020),Comic (Marvel),2023-07-05 00:00:00,Star Wars (2020),movie,,movie,,,0.0,no_match
STARWARS.xlsx,CANON,1884,Bounty Hunters,Comic (Marvel),2023-07-12 00:00:00,Bounty Hunters,movie,,movie,,,0.0,no_match
STARWARS.xlsx,CANON,1885,Darth Vader (2020),Comic (Marvel),2023-07-12 00:00:00,Darth Vader (2020),movie,,movie,,,0.0,no_match
STARWARS.xlsx,CANON,1886,Inquisitor: Rise of the Red Blade,Novel,2023-07-18 00:00:00,Inquisitor: Rise of the Red Blade,movie,,movie,,,0.0,no_match
STARWARS.xlsx,CANON,1887,Return of the Jedi: The Rebellion,Comic (Marvel),2023-07-19 00:00:00,Return of the Jedi: The Rebellion,movie,,movie,,,0.0,no_match
STARWARS.xlsx,CANON,1888,Doctor Aphra (2020),Comic (Marvel),2023-07-19 00:00:00,Doctor Aphra (2020),movie,,movie,,,0.0,no_match
STARWARS.xlsx,CANON,1889,Get Well Nubs! Little Golden Book,Book (Junior),2023-07-25 00:00:00,Get Well Nubs! Little Golden Book,movie,,movie,,,0.0,no_match
STARWARS.xlsx,CANON,1890,The Mandalorian Season 2 (Adaptation),Comic (Marvel),2023-07-26 00:00:00,The Mandalorian Season 2 (Adaptation),movie,,movie,,,0.0,no_match
STARWARS.xlsx,CANON,1891,The Inhabitant,Comic Story (Marvel),2023-07-26 00:00:00,The Inhabitant,movie,772973,movie,The Inhabitant,2022-10-07,0.9123,matched
STARWARS.xlsx,CANON,1892,Dark Droids,Comic (Marvel),2023-08-02 00:00:00,Dark Droids,movie,,movie,,,0.0,no_match
STARWARS.xlsx,CANON,1893,Hyperspace Stories,Comic (Dark Horse),2023-08-02 00:00:00,Hyperspace Stories,movie,,movie,,,0.0,no_match
STARWARS.xlsx,CANON,1894,Yoda,Comic (Marvel),2023-08-02 00:00:00,Yoda,movie,879008,movie,The Nighthawk's First Love,2022-09-16,0.2399,review
STARWARS.xlsx,CANON,1895,The Girl and Her Gargantua/The Show Must Go On,TV (Junior Animated),2023-08-02 00:00:00,The Girl and Her Gargantua/The Show Must Go On,tv,,tv,,,0.0,no_match
STARWARS.xlsx,CANON,1896,The Princess and the Jedi/Kai's Bad Day,TV (Junior Animated),2023-08-02 00:00:00,The Princess and the Jedi/Kai's Bad Day,tv,,tv,,,0.0,no_match
STARWARS.xlsx,CANON,1897,Visitor's Day/The Growing Green Danger,TV (Junior Animated),2023-08-02 00:00:00,Visitor's Day/The Growing Green Danger,tv,,tv,,,0.0,no_match
STARWARS.xlsx,CANON,1898,The Ganguls/Bad Eggs,TV (Junior Animated),2023-08-02 00:00:00,The Ganguls/Bad Eggs,tv,,tv,,,0.0,no_match
STARWARS.xlsx,CANON,1899,Off the Rails/The Thieves of Tharnaka,TV (Junior Animated),2023-08-02 00:00:00,Off the Rails/The Thieves of Tharnaka,tv,,tv,,,0.0,no_match
STARWARS.xlsx,CANON,1900,Tree Troubles/Big Brother's Bounty,TV (Junior Animated),2023-08-02 00:00:00,Tree Troubles/Big Brother's Bounty,tv,,tv,,,0.0,no_match
STARWARS.xlsx,CANON,1901,Return of the Jedi: Max Rebo,Comic (Marvel),2023-08-09 00:00:00,Return of the Jedi: Max Rebo,movie,,movie,,,0.0,no_match
STARWARS.xlsx,CANON,1902,Star Wars (2020),Comic (Marvel),2023-08-09 00:00:00,Star Wars (2020),movie,,movie,,,0.0,no_match
STARWARS.xlsx,CANON,1903,Galactic Tales: Shockwave,Short Story (Insider),2023-08-15 00:00:00,Galactic Tales: Shockwave,movie,,movie,,,0.0,no_match
STARWARS.xlsx,CANON,1904,Darth Vader (2020),Comic (Marvel),2023-08-16 00:00:00,Darth Vader (2020),movie,,movie,,,0.0,no_match
STARWARS.xlsx,CANON,1905,Part One: Master and Apprentice,TV (Live Action),2023-08-22 00:00:00,Part One: Master and Apprentice,tv,,tv,,,0.0,no_match
STARWARS.xlsx,CANON,1906,Part Two: Toil and Trouble,TV (Live Action),2023-08-22 00:00:00,Part Two: Toil and Trouble,tv,,tv,,,0.0,no_match
STARWARS.xlsx,CANON,1907,Doctor Aphra (2020),Comic (Marvel),2023-08-23 00:00:00,Doctor Aphra (2020),movie,,movie,,,0.0,no_match
STARWARS.xlsx,CANON,1908,Part Three: Time to Fly,TV (Live Action),2023-08-29 00:00:00,Part Three: Time to Fly,tv,,tv,,,0.0,no_match
STARWARS.xlsx,CANON,1909,Any Work Worth Doing,Short Story,2023-08-29 00:00:00,Any Work Worth Doing,movie,,movie,,,0.0,no_match
STARWARS.xlsx,CANON,1910,Fancy Man,Short Story,2023-08-29 00:00:00,Fancy Man,movie,,movie,,,0.0,no_match
STARWARS.xlsx,CANON,1911,The Key to Remembering,Short Story,2023-08-29 00:00:00,The Key to Remembering,movie,,movie,,,0.0,no_match
STARWARS.xlsx,CANON,1912,Fortuna Favors the Bold,Short Story,2023-08-29 00:00:00,Fortuna Favors the Bold,movie,,movie,,,0.0,no_match
STARWARS.xlsx,CANON,1913,Dune Sea Songs of Salt and Moonlight,Short Story,2023-08-29 00:00:00,Dune Sea Songs of Salt and Moonlight,movie,,movie,,,0.0,no_match
STARWARS.xlsx,CANON,1914,The Plan,Short Story,2023-08-29 00:00:00,The Plan,movie,1072106,movie,The Plan,2023-01-22,0.9502,matched
STARWARS.xlsx,CANON,1915,Reputation,Short Story,2023-08-29 00:00:00,Reputation,movie,19562,movie,The Magnificent One,1973-11-23,0.1993,review
STARWARS.xlsx,CANON,1916,Kickback,Short Story,2023-08-29 00:00:00,Kickback,movie,1648742,movie,Kickback Karma,2023-12-01,0.7541,matched
STARWARS.xlsx,CANON,1917,Everyone's a Critic,Short Story,2023-08-29 00:00:00,Everyone's a Critic,movie,,movie,,,0.0,no_match
STARWARS.xlsx,CANON,1918,Satisfaction,Short Story,2023-08-29 00:00:00,Satisfaction,movie,1194133,movie,Satisfaction Guaranteed,2023-11-26,0.7238,matched
STARWARS.xlsx,CANON,1919,My Mouth Never Closes,Short Story,2023-08-29 00:00:00,My Mouth Never Closes,movie,,movie,,,0.0,no_match
STARWARS.xlsx,CANON,1920,Kernels and Husks,Short Story,2023-08-29 00:00:00,Kernels and Husks,movie,,movie,,,0.0,no_match
STARWARS.xlsx,CANON,1921,The Light That Falls,Short Story,2023-08-29 00:00:00,The Light That Falls,movie,,movie,,,0.0,no_match
STARWARS.xlsx,CANON,1922,From a Certain Point of View,Short Story,2023-08-29 00:00:00,From a Certain Point of View,movie,,movie,,,0.0,no_match
STARWARS.xlsx,CANON,1923,No Contingency,Short Story,2023-08-29 00:00:00,No Contingency,movie,,movie,,,0.0,no_match
STARWARS.xlsx,CANON,1924,The Burden of Leadership,Short Story,2023-08-29 00:00:00,The Burden of Leadership,movie,,movie,,,0.0,no_match
STARWARS.xlsx,CANON,1925,Gone to the Winner's Circle,Short Story,2023-08-29 00:00:00,Gone to the Winner's Circle,movie,,movie,,,0.0,no_match
STARWARS.xlsx,CANON,1926,One Normal Day,Short Story,2023-08-29 00:00:00,One Normal Day,movie,,movie,,,0.0,no_match
STARWARS.xlsx,CANON,1927,Divine (?) Intervention,Short Story,2023-08-29 00:00:00,Divine (?) Intervention,movie,1160007,movie,Divine Intervention,2023-08-04,0.8816,matched
STARWARS.xlsx,CANON,1928,The Buy-In,Short Story,2023-08-29 00:00:00,The Buy-In,movie,1132998,movie,AEW Double or Nothing 2023: The Buy In,2023-05-28,0.5003,review
STARWARS.xlsx,CANON,1929,The Man Who Captured Luke Skywalker,Short Story,2023-08-29 00:00:00,The Man Who Captured Luke Skywalker,movie,,movie,,,0.0,no_match
STARWARS.xlsx,CANON,1930,Ackbar,Short Story,2023-08-29 00:00:00,Ackbar,movie,,movie,,,0.0,no_match
STARWARS.xlsx,CANON,1931,The Impossible Flight of Ash Angels,Short Story,2023-08-29 00:00:00,The Impossible Flight of Ash Angels,movie,,movie,,,0.0,no_match
STARWARS.xlsx,CANON,1932,Ending Protocol,Short Story,2023-08-29 00:00:00,Ending Protocol,movie,,movie,,,0.0,no_match
STARWARS.xlsx,CANON,1933,The Last Flight,Short Story,2023-08-29 00:00:00,The Last Flight,movie,,movie,,,0.0,no_match
STARWARS.xlsx,CANON,1934,Twenty and Out,Short Story,2023-08-29 00:00:00,Twenty and Out,movie,,movie,,,0.0,no_match
STARWARS.xlsx,CANON,1935,The Ballad of Nanta,Short Story,2023-08-29 00:00:00,The Ballad of Nanta,movie,,movie,,,0.0,no_match
STARWARS.xlsx,CANON,1936,"Then Fall, Sidious",Short Story,2023-08-29 00:00:00,"Then Fall, Sidious",movie,,movie,,,0.0,no_match
STARWARS.xlsx,CANON,1937,Impact,Short Story,2023-08-29 00:00:00,Impact,movie,1362489,movie,11 Mile Impact,2023-11-30,0.6622,matched
STARWARS.xlsx,CANON,1938,Trooper Trouble,Short Story,2023-08-29 00:00:00,Trooper Trouble,movie,,movie,,,0.0,no_match
STARWARS.xlsx,CANON,1939,To the Last,Short Story,2023-08-29 00:00:00,To the Last,movie,1137145,movie,To Fire You Come at Last,2023-07-02,0.6004,review
STARWARS.xlsx,CANON,1940,The Emperor's Red Guards,Short Story,2023-08-29 00:00:00,The Emperor's Red Guards,movie,,movie,,,0.0,no_match
STARWARS.xlsx,CANON,1941,Wolf Trap,Short Story,2023-08-29 00:00:00,Wolf Trap,movie,,movie,,,0.0,no_match
STARWARS.xlsx,CANON,1942,The Extra Five Percent,Short Story,2023-08-29 00:00:00,The Extra Five Percent,movie,,movie,,,0.0,no_match
STARWARS.xlsx,CANON,1943,When Fire Marked the Sky,Short Story,2023-08-29 00:00:00,When Fire Marked the Sky,movie,,movie,,,0.0,no_match
STARWARS.xlsx,CANON,1944,The Chronicler,Short Story,2023-08-29 00:00:00,The Chronicler,movie,,movie,,,0.0,no_match
STARWARS.xlsx,CANON,1945,The Veteran,Short Story,2023-08-29 00:00:00,The Veteran,movie,1193885,movie,The Veteran,2023-09-14,0.9502,matched
STARWARS.xlsx,CANON,1946,Brotherhood,Short Story,2023-08-29 00:00:00,Brotherhood,movie,25541,movie,Brotherhood,2009-10-21,0.7204,matched
STARWARS.xlsx,CANON,1947,The Steadfast Soldier,Short Story,2023-08-29 00:00:00,The Steadfast Soldier,movie,,movie,,,0.0,no_match
STARWARS.xlsx,CANON,1948,Return of the Whills,Short Story,2023-08-29 00:00:00,Return of the Whills,movie,,movie,,,0.0,no_match
STARWARS.xlsx,CANON,1949,The Mandalorian Season 2 (Adaptation),Comic (Marvel),2023-08-30 00:00:00,The Mandalorian Season 2 (Adaptation),movie,,movie,,,0.0,no_match
STARWARS.xlsx,CANON,1950,Hyperspace Stories,Comic (Dark Horse),2023-08-30 00:00:00,Hyperspace Stories,movie,,movie,,,0.0,no_match
STARWARS.xlsx,CANON,1951,Bounty Hunters,Comic (Marvel),2023-08-30 00:00:00,Bounty Hunters,movie,,movie,,,0.0,no_match
STARWARS.xlsx,CANON,1952,Part Four: Fallen Jedi,TV (Live Action),2023-09-05 00:00:00,Part Four: Fallen Jedi,tv,,tv,,,0.0,no_match
STARWARS.xlsx,CANON,1953,The Queen's Bloom,Short Story,2023-09-05 00:00:00,The Queen's Bloom,movie,,movie,,,0.0,no_match
STARWARS.xlsx,CANON,1954,A Closed Fist Has No Claws,Short Story,2023-09-05 00:00:00,A Closed Fist Has No Claws,movie,,movie,,,0.0,no_match
STARWARS.xlsx,CANON,1955,Shield of the Jedi,Short Story,2023-09-05 00:00:00,Shield of the Jedi,movie,,movie,,,0.0,no_match
STARWARS.xlsx,CANON,1956,The Lonely Traveler is Home,Short Story,2023-09-05 00:00:00,The Lonely Traveler is Home,movie,,movie,,,0.0,no_match
STARWARS.xlsx,CANON,1957,After the Fall,Short Story,2023-09-05 00:00:00,After the Fall,movie,,movie,,,0.0,no_match
STARWARS.xlsx,CANON,1958,The Force Provides,Short Story,2023-09-05 00:00:00,The Force Provides,movie,,movie,,,0.0,no_match
STARWARS.xlsx,CANON,1959,All Jedi Walk Their Own Path,Short Story,2023-09-05 00:00:00,All Jedi Walk Their Own Path,movie,,movie,,,0.0,no_match
STARWARS.xlsx,CANON,1960,Light in the Darkness,Short Story,2023-09-05 00:00:00,Light in the Darkness,movie,1302221,movie,A Darkness Shimmering in the Light,2023-01-01,0.4657,review
STARWARS.xlsx,CANON,1961,The Call of Coruscant,Short Story,2023-09-05 00:00:00,The Call of Coruscant,movie,,movie,,,0.0,no_match
STARWARS.xlsx,CANON,1962,Rogue Element,Short Story,2023-09-05 00:00:00,Rogue Element,movie,,movie,,,0.0,no_match
STARWARS.xlsx,CANON,1963,Young Jedi Adventures: The Young Jedi,Book (Junior),2023-09-05 00:00:00,Young Jedi Adventures: The Young Jedi,movie,,movie,,,0.0,no_match
STARWARS.xlsx,CANON,1964,Dark Droids,Comic (Marvel),2023-09-06 00:00:00,Dark Droids,movie,,movie,,,0.0,no_match
STARWARS.xlsx,CANON,1965,Star Wars (2020),Comic (Marvel),2023-09-06 00:00:00,Star Wars (2020),movie,,movie,,,0.0,no_match
STARWARS.xlsx,CANON,1966,Part Five: Shadow Warrior,TV (Live Action),2023-09-12 00:00:00,Part Five: Shadow Warrior,tv,,tv,,,0.0,no_match
STARWARS.xlsx,CANON,1967,Obi-Wan Kenobi (Adaptation),Comic (Marvel),2023-09-13 00:00:00,Obi-Wan Kenobi (Adaptation),movie,,movie,,,0.0,no_match
STARWARS.xlsx,CANON,1968,Darth Vader (2020),Comic (Marvel),2023-09-13 00:00:00,Darth Vader (2020),movie,,movie,,,0.0,no_match
STARWARS.xlsx,CANON,1969,"Part Six: Far, Far Away",TV (Live Action),2023-09-19 00:00:00,"Part Six: Far, Far Away",tv,,tv,,,0.0,no_match
STARWARS.xlsx,CANON,1970,The Book of Ajax,Comic Story (Marvel),2023-09-20 00:00:00,The Book of Ajax,movie,,movie,,,0.0,no_match
STARWARS.xlsx,CANON,1971,Dark Droids: D-Squad,Comic (Marvel),2023-09-20 00:00:00,Dark Droids: D-Squad,movie,,movie,,,0.0,no_match
STARWARS.xlsx,CANON,1972,Bounty Hunters,Comic (Marvel),2023-09-20 00:00:00,Bounty Hunters,movie,,movie,,,0.0,no_match
STARWARS.xlsx,CANON,1973,Galactic Tales: Lost in the Woods,Short Story (Insider),2023-09-26 00:00:00,Galactic Tales: Lost in the Woods,movie,,movie,,,0.0,no_match
STARWARS.xlsx,CANON,1974,Part Seven: Dreams and Madness,TV (Live Action),2023-09-26 00:00:00,Part Seven: Dreams and Madness,tv,,tv,,,0.0,no_match
STARWARS.xlsx,CANON,1975,The Mandalorian Season 2 (Adaptation),Comic (Marvel),2023-09-27 00:00:00,The Mandalorian Season 2 (Adaptation),movie,,movie,,,0.0,no_match
STARWARS.xlsx,CANON,1976,Hyperspace Stories,Comic (Dark Horse),2023-09-27 00:00:00,Hyperspace Stories,movie,,movie,,,0.0,no_match
STARWARS.xlsx,CANON,1977,Doctor Aphra (2020),Comic (Marvel),2023-09-27 00:00:00,Doctor Aphra (2020),movie,,movie,,,0.0,no_match
STARWARS.xlsx,CANON,1978,"Part Eight: The Jedi, the Witch, and the Warlord",TV (Live Action),2023-10-03 00:00:00,"Part Eight: The Jedi, the Witch, and the Warlord",tv,,tv,,,0.0,no_match
STARWARS.xlsx,CANON,1979,Shadows of Starlight,Comic (Marvel),2023-10-04 00:00:00,Shadows of Starlight,movie,,movie,,,0.0,no_match
STARWARS.xlsx,CANON,1980,Bounty Hunters,Comic (Marvel),2023-10-04 00:00:00,Bounty Hunters,movie,,movie,,,0.0,no_match
STARWARS.xlsx,CANON,1981,Darth Vader (2020),Comic (Marvel),2023-10-04 00:00:00,Darth Vader (2020),movie,,movie,,,0.0,no_match
STARWARS.xlsx,CANON,1982,Crimson Climb,Novel (Young Adult),2023-10-10 00:00:00,Crimson Climb,movie,,movie,,,0.0,no_match
STARWARS.xlsx,CANON,1983,Jedi Brave in Every Way,Book (Junior),2023-10-10 00:00:00,Jedi Brave in Every Way,movie,,movie,,,0.0,no_match
STARWARS.xlsx,CANON,1984,Dark Droids,Comic (Marvel),2023-10-11 00:00:00,Dark Droids,movie,,movie,,,0.0,no_match
STARWARS.xlsx,CANON,1985,The Mandalorian Season 2 (Adaptation),Comic (Marvel),2023-10-11 00:00:00,The Mandalorian Season 2 (Adaptation),movie,,movie,,,0.0,no_match
STARWARS.xlsx,CANON,1986,Frame Story,Comic Story (Dark Horse),2023-10-17 00:00:00,Frame Story,movie,,movie,,,0.0,no_match
STARWARS.xlsx,CANON,1987,Nightmares Long Remembered,Comic Story (Dark Horse),2023-10-17 00:00:00,Nightmares Long Remembered,movie,,movie,,,0.0,no_match
STARWARS.xlsx,CANON,1988,The Creature from the Trash Compactor,Comic Story (Dark Horse),2023-10-17 00:00:00,The Creature from the Trash Compactor,movie,,movie,,,0.0,no_match
STARWARS.xlsx,CANON,1989,The Wild Squadron,Comic Story (Dark Horse),2023-10-17 00:00:00,The Wild Squadron,movie,,movie,,,0.0,no_match
STARWARS.xlsx,CANON,1990,We Shall Double Our Efforts,Comic Story (Dark Horse),2023-10-17 00:00:00,We Shall Double Our Efforts,movie,,movie,,,0.0,no_match
STARWARS.xlsx,CANON,1991,The Haunting of Grand Moff Tarkin,Comic Story (Dark Horse),2023-10-17 00:00:00,The Haunting of Grand Moff Tarkin,movie,,movie,,,0.0,no_match
STARWARS.xlsx,CANON,1992,Obi-Wan Kenobi (Adaptation),Comic (Marvel),2023-10-18 00:00:00,Obi-Wan Kenobi (Adaptation),movie,,movie,,,0.0,no_match
STARWARS.xlsx,CANON,1993,Star Wars (2020),Comic (Marvel),2023-10-18 00:00:00,Star Wars (2020),movie,,movie,,,0.0,no_match
STARWARS.xlsx,CANON,1994,Dark Droids: D-Squad,Comic (Marvel),2023-10-25 00:00:00,Dark Droids: D-Squad,movie,,movie,,,0.0,no_match
STARWARS.xlsx,CANON,1995,Doctor Aphra (2020),Comic (Marvel),2023-10-25 00:00:00,Doctor Aphra (2020),movie,,movie,,,0.0,no_match
STARWARS.xlsx,CANON,1996,Tales from the Occlusion Zone: No Big Deal,Short Story (Insider),2023-10-31 00:00:00,Tales from the Occlusion Zone: No Big Deal,movie,,movie,,,0.0,no_match
STARWARS.xlsx,CANON,1997,Galactic Tales: Valnir and Laizhu,Short Story (Insider),2023-10-31 00:00:00,Galactic Tales: Valnir and Laizhu,movie,,movie,,,0.0,no_match
STARWARS.xlsx,CANON,1998,Star Wars (2020),Comic (Marvel),2023-11-01 00:00:00,Star Wars (2020),movie,,movie,,,0.0,no_match
STARWARS.xlsx,CANON,1999,The High Republic (2023),Comic (Marvel),2023-11-08 00:00:00,The High Republic (2023),movie,,movie,,,0.0,no_match
STARWARS.xlsx,CANON,2000,Shadows of Starlight,Comic (Marvel),2023-11-08 00:00:00,Shadows of Starlight,movie,,movie,,,0.0,no_match
STARWARS.xlsx,CANON,2001,Hyperspace Stories,Comic (Dark Horse),2023-11-08 00:00:00,Hyperspace Stories,movie,,movie,,,0.0,no_match
STARWARS.xlsx,CANON,2002,Darth Vader (2020),Comic (Marvel),2023-11-08 00:00:00,Darth Vader (2020),movie,,movie,,,0.0,no_match
STARWARS.xlsx,CANON,2003,Charhound Chase/Creature Comforts,TV (Junior Animated),2023-11-08 00:00:00,Charhound Chase/Creature Comforts,tv,,tv,,,0.0,no_match
STARWARS.xlsx,CANON,2004,An Adventure with Yoda/The Talon Takeover,TV (Junior Animated),2023-11-08 00:00:00,An Adventure with Yoda/The Talon Takeover,tv,,tv,,,0.0,no_match
STARWARS.xlsx,CANON,2005,Mystery of the Opal Cave/Clash,TV (Junior Animated),2023-11-08 00:00:00,Mystery of the Opal Cave/Clash,tv,,tv,,,0.0,no_match
STARWARS.xlsx,CANON,2006,Stuck in the Muck/Junkyard Sleepover,TV (Junior Animated),2023-11-08 00:00:00,Stuck in the Muck/Junkyard Sleepover,tv,,tv,,,0.0,no_match
STARWARS.xlsx,CANON,2007,The Great Leaf Glide/The Harvest Feast,TV (Junior Animated),2023-11-08 00:00:00,The Great Leaf Glide/The Harvest Feast,tv,,tv,,,0.0,no_match
STARWARS.xlsx,CANON,2008,Life Day/Raxlo Strikes Back,TV (Junior Animated),2023-11-08 00:00:00,Life Day/Raxlo Strikes Back,tv,,tv,,,0.0,no_match
STARWARS.xlsx,CANON,2009,The Eye of Darkness,Novel,2023-11-14 00:00:00,The Eye of Darkness,movie,,movie,,,0.0,no_match
STARWARS.xlsx,CANON,2010,Dark Droids,Comic (Marvel),2023-11-15 00:00:00,Dark Droids,movie,,movie,,,0.0,no_match
STARWARS.xlsx,CANON,2011,The Mandalorian Season 2 (Adaptation),Comic (Marvel),2023-11-15 00:00:00,The Mandalorian Season 2 (Adaptation),movie,,movie,,,0.0,no_match
STARWARS.xlsx,CANON,2012,Doctor Aphra (2020),Comic (Marvel),2023-11-15 00:00:00,Doctor Aphra (2020),movie,,movie,,,0.0,no_match
STARWARS.xlsx,CANON,2013,Dark Droids: D-Squad,Comic (Marvel),2023-11-22 00:00:00,Dark Droids: D-Squad,movie,,movie,,,0.0,no_match
STARWARS.xlsx,CANON,2014,Hyperspace Stories,Comic (Dark Horse),2023-11-22 00:00:00,Hyperspace Stories,movie,,movie,,,0.0,no_match
STARWARS.xlsx,CANON,2015,Bounty Hunters,Comic (Marvel),2023-11-22 00:00:00,Bounty Hunters,movie,,movie,,,0.0,no_match
STARWARS.xlsx,CANON,2016,Obi-Wan Kenobi (Adaptation),Comic (Marvel),2023-11-29 00:00:00,Obi-Wan Kenobi (Adaptation),movie,,movie,,,0.0,no_match
STARWARS.xlsx,CANON,2017,Dark Droids: D-Squad,Comic (Marvel),2023-12-06 00:00:00,Dark Droids: D-Squad,movie,,movie,,,0.0,no_match
STARWARS.xlsx,CANON,2018,Star Wars (2020),Comic (Marvel),2023-12-06 00:00:00,Star Wars (2020),movie,,movie,,,0.0,no_match
STARWARS.xlsx,CANON,2019,Tales from the Occlusion Zone: Friend or Foe?,Short Story (Insider),2023-12-12 00:00:00,Tales from the Occlusion Zone: Friend or Foe?,movie,,movie,,,0.0,no_match
STARWARS.xlsx,CANON,2020,The High Republic Adventures (2023),Comic (Dark Horse),2023-12-13 00:00:00,The High Republic Adventures (2023),movie,,movie,,,0.0,no_match
STARWARS.xlsx,CANON,2021,Shadows of Starlight,Comic (Marvel),2023-12-13 00:00:00,Shadows of Starlight,movie,,movie,,,0.0,no_match
STARWARS.xlsx,CANON,2022,Hyperspace Stories,Comic (Dark Horse),2023-12-13 00:00:00,Hyperspace Stories,movie,,movie,,,0.0,no_match
STARWARS.xlsx,CANON,2023,Bounty Hunters,Comic (Marvel),2023-12-13 00:00:00,Bounty Hunters,movie,,movie,,,0.0,no_match
STARWARS.xlsx,CANON,2024,All the Republic,Comic Story (Marvel),2023-12-20 00:00:00,All the Republic,movie,,movie,,,0.0,no_match
STARWARS.xlsx,CANON,2025,Showdown at Ocean's Deep,Comic Story (Marvel),2023-12-20 00:00:00,Showdown at Ocean's Deep,movie,,movie,,,0.0,no_match
STARWARS.xlsx,CANON,2026,Stolen Hope,Comic Story (Marvel),2023-12-20 00:00:00,Stolen Hope,movie,,movie,,,0.0,no_match
STARWARS.xlsx,CANON,2027,A Trick of the Mind,Comic Story (Marvel),2023-12-20 00:00:00,A Trick of the Mind,movie,280996,movie,Mr. Holmes,2015-06-19,0.1509,review
STARWARS.xlsx,CANON,2028,Tool of the Empire,Comic Story (Marvel),2023-12-20 00:00:00,Tool of the Empire,movie,,movie,,,0.0,no_match
STARWARS.xlsx,CANON,2029,Tall Tales,Comic Story (Marvel),2023-12-20 00:00:00,Tall Tales,movie,458252,movie,Tall Tales,2017-12-13,0.7205,matched
STARWARS.xlsx,CANON,2030,Duel of the Reprobates,Comic Story (Marvel),2023-12-20 00:00:00,Duel of the Reprobates,movie,,movie,,,0.0,no_match
STARWARS.xlsx,CANON,2031,The High Republic (2023),Comic (Marvel),2023-12-20 00:00:00,The High Republic (2023),movie,,movie,,,0.0,no_match
STARWARS.xlsx,CANON,2032,Doctor Aphra (2020),Comic (Marvel),2023-12-20 00:00:00,Doctor Aphra (2020),movie,,movie,,,0.0,no_match
STARWARS.xlsx,CANON,2033,Darth Vader (2020),Comic (Marvel),2023-12-20 00:00:00,Darth Vader (2020),movie,,movie,,,0.0,no_match
STARWARS.xlsx,CANON,2034,Dark Droids,Comic (Marvel),2023-12-27 00:00:00,Dark Droids,movie,,movie,,,0.0,no_match
STARWARS.xlsx,CANON,2035,The Mandalorian Season 2 (Adaptation),Comic (Marvel),2023-12-27 00:00:00,The Mandalorian Season 2 (Adaptation),movie,,movie,,,0.0,no_match
STARWARS.xlsx,CANON,2036,The Jellyfruit Pursuit Little Golden Book,Book (Junior),2024-01-02 00:00:00,The Jellyfruit Pursuit Little Golden Book,movie,,movie,,,0.0,no_match
STARWARS.xlsx,CANON,2037,Shadows of Starlight,Comic (Marvel),2024-01-03 00:00:00,Shadows of Starlight,movie,,movie,,,0.0,no_match
STARWARS.xlsx,CANON,2038,Darth Vader (2020),Comic (Marvel),2024-01-03 00:00:00,Darth Vader (2020),movie,,movie,,,0.0,no_match
STARWARS.xlsx,CANON,2039,The Mandalorian Season 2 (Adaptation),Comic (Marvel),2024-01-10 00:00:00,The Mandalorian Season 2 (Adaptation),movie,,movie,,,0.0,no_match
STARWARS.xlsx,CANON,2040,Star Wars (2020),Comic (Marvel),2024-01-10 00:00:00,Star Wars (2020),movie,,movie,,,0.0,no_match
STARWARS.xlsx,CANON,2041,The High Republic Adventures (2023),Comic (Dark Horse),2024-01-17 00:00:00,The High Republic Adventures (2023),movie,,movie,,,0.0,no_match
STARWARS.xlsx,CANON,2042,The High Republic (2023),Comic (Marvel),2024-01-17 00:00:00,The High Republic (2023),movie,,movie,,,0.0,no_match
STARWARS.xlsx,CANON,2043,Obi-Wan Kenobi (Adaptation),Comic (Marvel),2024-01-17 00:00:00,Obi-Wan Kenobi (Adaptation),movie,,movie,,,0.0,no_match
STARWARS.xlsx,CANON,2044,Bounty Hunters,Comic (Marvel),2024-01-17 00:00:00,Bounty Hunters,movie,,movie,,,0.0,no_match
STARWARS.xlsx,CANON,2045,Thrawn: Alliances (Adaptation),Comic (Marvel),2024-01-24 00:00:00,Thrawn: Alliances (Adaptation),movie,,movie,,,0.0,no_match
STARWARS.xlsx,CANON,2046,Escape from Valo,Novel (Middle-Grade),2024-01-30 00:00:00,Escape from Valo,movie,,movie,,,0.0,no_match
STARWARS.xlsx,CANON,2047,Doctor Aphra (2020),Comic (Marvel),2024-01-31 00:00:00,Doctor Aphra (2020),movie,,movie,,,0.0,no_match
STARWARS.xlsx,CANON,2048,Mace Windu,Comic (Marvel),2024-02-07 00:00:00,Mace Windu,movie,,movie,,,0.0,no_match
STARWARS.xlsx,CANON,2049,Obi-Wan Kenobi (Adaptation),Comic (Marvel),2024-02-07 00:00:00,Obi-Wan Kenobi (Adaptation),movie,,movie,,,0.0,no_match
STARWARS.xlsx,CANON,2050,The High Republic Adventures (2023),Comic (Dark Horse),2024-02-14 00:00:00,The High Republic Adventures (2023),movie,,movie,,,0.0,no_match
STARWARS.xlsx,CANON,2051,Darth Vader (2020),Comic (Marvel),2024-02-14 00:00:00,Darth Vader (2020),movie,,movie,,,0.0,no_match
STARWARS.xlsx,CANON,2052,Aftershock/Feather Frenzy,TV (Junior Animated),2024-02-14 00:00:00,Aftershock/Feather Frenzy,tv,,tv,,,0.0,no_match
STARWARS.xlsx,CANON,2053,"Best Friends/Happy Trails, Nubs",TV (Junior Animated),2024-02-14 00:00:00,"Best Friends/Happy Trails, Nubs",tv,,tv,,,0.0,no_match
STARWARS.xlsx,CANON,2054,The Tale of the Short Spire/The Team Up,TV (Junior Animated),2024-02-14 00:00:00,The Tale of the Short Spire/The Team Up,tv,,tv,,,0.0,no_match
STARWARS.xlsx,CANON,2055,Star Wars (2020),Comic (Marvel),2024-02-21 00:00:00,Star Wars (2020),movie,,movie,,,0.0,no_match
STARWARS.xlsx,CANON,2056,Confined,TV (Animated),2024-02-21 00:00:00,Confined,tv,,tv,,,0.0,no_match
STARWARS.xlsx,CANON,2057,Paths Unknown,TV (Animated),2024-02-21 00:00:00,Paths Unknown,tv,,tv,,,0.0,no_match
STARWARS.xlsx,CANON,2058,Shadows of Tantiss,TV (Animated),2024-02-21 00:00:00,Shadows of Tantiss,tv,,tv,,,0.0,no_match
STARWARS.xlsx,CANON,2059,Thrawn: Alliances (Adaptation),Comic (Marvel),2024-02-28 00:00:00,Thrawn: Alliances (Adaptation),movie,,movie,,,0.0,no_match
STARWARS.xlsx,CANON,2060,A Different Approach,TV (Animated),2024-02-28 00:00:00,A Different Approach,tv,,tv,,,0.0,no_match
STARWARS.xlsx,CANON,2061,The Caves of Batuu/Finders Keepers,TV (Junior Animated),2024-03-01 00:00:00,The Caves of Batuu/Finders Keepers,tv,,tv,,,0.0,no_match
STARWARS.xlsx,CANON,2062,Defy the Storm,Novel (Young Adult),2024-03-05 00:00:00,Defy the Storm,movie,,movie,,,0.0,no_match
STARWARS.xlsx,CANON,2063,The High Republic (2023),Comic (Marvel),2024-03-06 00:00:00,The High Republic (2023),movie,,movie,,,0.0,no_match
STARWARS.xlsx,CANON,2064,Star Wars (2020),Comic (Marvel),2024-03-06 00:00:00,Star Wars (2020),movie,,movie,,,0.0,no_match
STARWARS.xlsx,CANON,2065,The Return,TV (Animated),2024-03-06 00:00:00,The Return,tv,274762,tv,Gavi: The Return,2024-10-20,0.7841,matched
STARWARS.xlsx,CANON,2066,The Starship Show/Nash's Super Busy Day,TV (Junior Animated),2024-03-08 00:00:00,The Starship Show/Nash's Super Busy Day,tv,,tv,,,0.0,no_match
STARWARS.xlsx,CANON,2067,Tales from the Occlusion Zone: Survivors,Short Story (Insider),2024-03-12 00:00:00,Tales from the Occlusion Zone: Survivors,movie,,movie,,,0.0,no_match
STARWARS.xlsx,CANON,2068,Mace Windu,Comic (Marvel),2024-03-13 00:00:00,Mace Windu,movie,,movie,,,0.0,no_match
STARWARS.xlsx,CANON,2069,The High Republic Adventures (2023),Comic (Dark Horse),2024-03-13 00:00:00,The High Republic Adventures (2023),movie,,movie,,,0.0,no_match
STARWARS.xlsx,CANON,2070,Darth Vader (2020),Comic (Marvel),2024-03-13 00:00:00,Darth Vader (2020),movie,,movie,,,0.0,no_match
STARWARS.xlsx,CANON,2071,Infiltration,TV (Animated),2024-03-13 00:00:00,Infiltration,tv,,tv,,,0.0,no_match
STARWARS.xlsx,CANON,2072,Extraction,TV (Animated),2024-03-13 00:00:00,Extraction,tv,,tv,,,0.0,no_match
STARWARS.xlsx,CANON,2073,The Prince and the Pirate,TV (Junior Animated),2024-03-15 00:00:00,The Prince and the Pirate,tv,,tv,,,0.0,no_match
STARWARS.xlsx,CANON,2074,Jango Fett,Comic (Marvel),2024-03-20 00:00:00,Jango Fett,movie,,movie,,,0.0,no_match
STARWARS.xlsx,CANON,2075,Thrawn: Alliances (Adaptation),Comic (Marvel),2024-03-20 00:00:00,Thrawn: Alliances (Adaptation),movie,,movie,,,0.0,no_match
STARWARS.xlsx,CANON,2076,The High Republic (2023),Comic (Marvel),2024-03-20 00:00:00,The High Republic (2023),movie,,movie,,,0.0,no_match
STARWARS.xlsx,CANON,2077,Bad Territory,TV (Animated),2024-03-20 00:00:00,Bad Territory,tv,,tv,,,0.0,no_match
STARWARS.xlsx,CANON,2078,Obi-Wan Kenobi (Adaptation),Comic (Marvel),2024-03-27 00:00:00,Obi-Wan Kenobi (Adaptation),movie,,movie,,,0.0,no_match
STARWARS.xlsx,CANON,2079,The Harbinger,TV (Animated),2024-03-27 00:00:00,The Harbinger,tv,,tv,,,0.0,no_match
STARWARS.xlsx,CANON,2080,The High Republic Adventures: Crash Landing,Comic (Dark Horse),2024-03-27 00:00:00,The High Republic Adventures: Crash Landing,movie,,movie,,,0.0,no_match
STARWARS.xlsx,CANON,2081,Tales of Enlightenment: Missing Pieces,Short Story (Insider),2024-04-02 00:00:00,Tales of Enlightenment: Missing Pieces,movie,,movie,,,0.0,no_match
STARWARS.xlsx,CANON,2082,Star Wars (2020),Comic (Marvel),2024-04-03 00:00:00,Star Wars (2020),movie,,movie,,,0.0,no_match
STARWARS.xlsx,CANON,2083,Identity Crisis,TV (Animated),2024-04-03 00:00:00,Identity Crisis,tv,,tv,,,0.0,no_match
STARWARS.xlsx,CANON,2084,Point of No Return,TV (Animated),2024-04-03 00:00:00,Point of No Return,tv,,tv,,,0.0,no_match
STARWARS.xlsx,CANON,2085,The Living Force,Novel,2024-04-09 00:00:00,The Living Force,movie,,movie,,,0.0,no_match
STARWARS.xlsx,CANON,2086,Thrawn: Alliances (Adaptation),Comic (Marvel),2024-04-10 00:00:00,Thrawn: Alliances (Adaptation),movie,,movie,,,0.0,no_match
STARWARS.xlsx,CANON,2087,The High Republic (2023),Comic (Marvel),2024-04-10 00:00:00,The High Republic (2023),movie,,movie,,,0.0,no_match
STARWARS.xlsx,CANON,2088,Darth Vader (2020),Comic (Marvel),2024-04-10 00:00:00,Darth Vader (2020),movie,,movie,,,0.0,no_match
STARWARS.xlsx,CANON,2089,Juggernaut,TV (Animated),2024-04-10 00:00:00,Juggernaut,tv,,tv,,,0.0,no_match
STARWARS.xlsx,CANON,2090,Saber for Hire,Comic (Dark Horse),2024-04-17 00:00:00,Saber for Hire,movie,,movie,,,0.0,no_match
STARWARS.xlsx,CANON,2091,Mace Windu,Comic (Marvel),2024-04-17 00:00:00,Mace Windu,movie,,movie,,,0.0,no_match
STARWARS.xlsx,CANON,2092,Into the Breach,TV (Animated),2024-04-17 00:00:00,Into the Breach,tv,,tv,,,0.0,no_match
STARWARS.xlsx,CANON,2093,"Darth Maul: Black, White & Red",Comic (Marvel),2024-04-24 00:00:00,"Darth Maul: Black, White & Red",movie,,movie,,,0.0,no_match
STARWARS.xlsx,CANON,2094,Jango Fett,Comic (Marvel),2024-04-24 00:00:00,Jango Fett,movie,,movie,,,0.0,no_match
STARWARS.xlsx,CANON,2095,The High Republic Adventures (2023),Comic (Dark Horse),2024-04-24 00:00:00,The High Republic Adventures (2023),movie,,movie,,,0.0,no_match
STARWARS.xlsx,CANON,2096,Flash Strike,TV (Animated),2024-04-24 00:00:00,Flash Strike,tv,,tv,,,0.0,no_match
STARWARS.xlsx,CANON,2097,Tales from the Occlusion Zone: Pathogen,Short Story (Insider),2024-04-30 00:00:00,Tales from the Occlusion Zone: Pathogen,movie,,movie,,,0.0,no_match
STARWARS.xlsx,CANON,2098,The Empire Strikes Back: A Collector's Classic Board Book,Book (Junior),2024-04-30 00:00:00,The Empire Strikes Back: A Collector's Classic Board Book,movie,,movie,,,0.0,no_match
STARWARS.xlsx,CANON,2099,The Phantom Menace 25th Anniversary Special,Comic (Marvel),2024-05-01 00:00:00,The Phantom Menace 25th Anniversary Special,movie,,movie,,,0.0,no_match
STARWARS.xlsx,CANON,2100,The Cavalry Has Arrived,TV (Animated),2024-05-01 00:00:00,The Cavalry Has Arrived,tv,,tv,,,0.0,no_match
STARWARS.xlsx,CANON,2101,Sky Parade Rescue,Comic Story (Dark Horse),2024-05-04 00:00:00,Sky Parade Rescue,movie,,movie,,,0.0,no_match
STARWARS.xlsx,CANON,2102,Return to Echo Base,Comic Story (Marvel),2024-05-04 00:00:00,Return to Echo Base,movie,,movie,,,0.0,no_match
STARWARS.xlsx,CANON,2103,The Curse,Comic Story (Marvel),2024-05-04 00:00:00,The Curse,movie,982573,movie,The Curse,2024-10-02,0.9502,matched
STARWARS.xlsx,CANON,2104,The Path of Anger (Morgan Elsbeth),TV (Animated),2024-05-04 00:00:00,The Path of Anger (Morgan Elsbeth),tv,,tv,,,0.0,no_match
STARWARS.xlsx,CANON,2105,The Path of Fear (Morgan Elsbeth),TV (Animated),2024-05-04 00:00:00,The Path of Fear (Morgan Elsbeth),tv,,tv,,,0.0,no_match
STARWARS.xlsx,CANON,2106,The Path of Hate (Morgan Elsbeth),TV (Animated),2024-05-04 00:00:00,The Path of Hate (Morgan Elsbeth),tv,,tv,,,0.0,no_match
STARWARS.xlsx,CANON,2107,Devoted (Barriss Offee),TV (Animated),2024-05-04 00:00:00,Devoted (Barriss Offee),tv,,tv,,,0.0,no_match
STARWARS.xlsx,CANON,2108,The Way Out (Barriss Offee),TV (Animated),2024-05-04 00:00:00,The Way Out (Barriss Offee),tv,,tv,,,0.0,no_match
STARWARS.xlsx,CANON,2109,Realization (Barriss Offee),TV (Animated),2024-05-04 00:00:00,Realization (Barriss Offee),tv,,tv,,,0.0,no_match
STARWARS.xlsx,CANON,2110,The High Republic (2023),Comic (Marvel),2024-05-08 00:00:00,The High Republic (2023),movie,,movie,,,0.0,no_match
STARWARS.xlsx,CANON,2111,Darth Vader (2020),Comic (Marvel),2024-05-08 00:00:00,Darth Vader (2020),movie,,movie,,,0.0,no_match
STARWARS.xlsx,CANON,2112,Mace Windu,Comic (Marvel),2024-05-15 00:00:00,Mace Windu,movie,,movie,,,0.0,no_match
STARWARS.xlsx,CANON,2113,Star Wars (2020),Comic (Marvel),2024-05-22 00:00:00,Star Wars (2020),movie,,movie,,,0.0,no_match
STARWARS.xlsx,CANON,2114,"Darth Maul: Black, White & Red",Comic (Marvel),2024-05-29 00:00:00,"Darth Maul: Black, White & Red",movie,,movie,,,0.0,no_match
STARWARS.xlsx,CANON,2115,Saber for Hire,Comic (Dark Horse),2024-05-29 00:00:00,Saber for Hire,movie,,movie,,,0.0,no_match
STARWARS.xlsx,CANON,2116,Jango Fett,Comic (Marvel),2024-05-29 00:00:00,Jango Fett,movie,,movie,,,0.0,no_match
STARWARS.xlsx,CANON,2117,The High Republic Adventures (2023),Comic (Dark Horse),2024-05-29 00:00:00,The High Republic Adventures (2023),movie,,movie,,,0.0,no_match
STARWARS.xlsx,CANON,2118,Lost/Found,TV (Live Action),2024-06-04 00:00:00,Lost/Found,tv,272642,tv,Lost and Found,2024-10-25,0.7706,matched
STARWARS.xlsx,CANON,2119,Revenge/Justice,TV (Live Action),2024-06-04 00:00:00,Revenge/Justice,tv,,tv,,,0.0,no_match
STARWARS.xlsx,CANON,2120,Young Jedi Adventures: Pop-Up Peekaboo!,Book (Junior),2024-06-04 00:00:00,Young Jedi Adventures: Pop-Up Peekaboo!,movie,,movie,,,0.0,no_match
STARWARS.xlsx,CANON,2121,The High Republic (2023),Comic (Marvel),2024-06-05 00:00:00,The High Republic (2023),movie,,movie,,,0.0,no_match
STARWARS.xlsx,CANON,2122,Star Wars (2020),Comic (Marvel),2024-06-05 00:00:00,Star Wars (2020),movie,,movie,,,0.0,no_match
STARWARS.xlsx,CANON,2123,Destiny,TV (Live Action),2024-06-11 00:00:00,Destiny,tv,248345,tv,Destiny,2024-04-09,0.9508,matched
STARWARS.xlsx,CANON,2124,Temptation of the Force,Novel,2024-06-11 00:00:00,Temptation of the Force,movie,,movie,,,0.0,no_match
STARWARS.xlsx,CANON,2125,Darth Vader (2020),Comic (Marvel),2024-06-12 00:00:00,Darth Vader (2020),movie,,movie,,,0.0,no_match
STARWARS.xlsx,CANON,2126,Nubs Loses his Lightsaber,Short (Junior),2024-06-14 00:00:00,Nubs Loses his Lightsaber,movie,,movie,,,0.0,no_match
STARWARS.xlsx,CANON,2127,RJ Repairs the Firehawk,Short (Junior),2024-06-14 00:00:00,RJ Repairs the Firehawk,movie,,movie,,,0.0,no_match
STARWARS.xlsx,CANON,2128,Nubs Cleans Up,Short (Junior),2024-06-14 00:00:00,Nubs Cleans Up,movie,,movie,,,0.0,no_match
STARWARS.xlsx,CANON,2129,RJ Needs a Tool,Short (Junior),2024-06-14 00:00:00,RJ Needs a Tool,movie,,movie,,,0.0,no_match
STARWARS.xlsx,CANON,2130,Day,TV (Live Action),2024-06-18 00:00:00,Day,tv,240667,tv,One Day,2024-02-08,0.6637,matched
STARWARS.xlsx,CANON,2131,Jango Fett,Comic (Marvel),2024-06-19 00:00:00,Jango Fett,movie,,movie,,,0.0,no_match
STARWARS.xlsx,CANON,2132,Nubs Tries to Meditate,Short (Junior),2024-06-21 00:00:00,Nubs Tries to Meditate,movie,,movie,,,0.0,no_match
STARWARS.xlsx,CANON,2133,Tales from the Occlusion Zone: Family Ties,Short Story (Insider),2024-06-25 00:00:00,Tales from the Occlusion Zone: Family Ties,movie,,movie,,,0.0,no_match
STARWARS.xlsx,CANON,2134,Night,TV (Live Action),2024-06-25 00:00:00,Night,tv,234901,tv,Deep Night,2024-03-07,0.7108,matched
STARWARS.xlsx,CANON,2135,"Darth Maul: Black, White & Red",Comic (Marvel),2024-06-26 00:00:00,"Darth Maul: Black, White & Red",movie,,movie,,,0.0,no_match
STARWARS.xlsx,CANON,2136,Saber for Hire,Comic (Dark Horse),2024-06-26 00:00:00,Saber for Hire,movie,,movie,,,0.0,no_match
STARWARS.xlsx,CANON,2137,RJ Goes For A Swim,Short (Junior),2024-06-28 00:00:00,RJ Goes For A Swim,movie,,movie,,,0.0,no_match
STARWARS.xlsx,CANON,2138,Teach/Corrupt,TV (Live Action),2024-07-02 00:00:00,Teach/Corrupt,tv,,tv,,,0.0,no_match
STARWARS.xlsx,CANON,2139,Inquisitors,Comic (Marvel),2024-07-03 00:00:00,Inquisitors,movie,,movie,,,0.0,no_match
STARWARS.xlsx,CANON,2140,The High Republic (2023),Comic (Marvel),2024-07-03 00:00:00,The High Republic (2023),movie,,movie,,,0.0,no_match
STARWARS.xlsx,CANON,2141,Nubs Gardens,Short (Junior),2024-07-05 00:00:00,Nubs Gardens,movie,,movie,,,0.0,no_match
STARWARS.xlsx,CANON,2142,Choice,TV (Live Action),2024-07-09 00:00:00,Choice,tv,271488,tv,First Choice,2024-09-15,0.7104,matched
STARWARS.xlsx,CANON,2143,Ahsoka (Adaptation),Comic (Marvel),2024-07-10 00:00:00,Ahsoka (Adaptation),movie,,movie,,,0.0,no_match
STARWARS.xlsx,CANON,2144,The High Republic Adventures (2023),Comic (Dark Horse),2024-07-10 00:00:00,The High Republic Adventures (2023),movie,,movie,,,0.0,no_match
STARWARS.xlsx,CANON,2145,RJ Fixes the Speeder,Short (Junior),2024-07-12 00:00:00,RJ Fixes the Speeder,movie,,movie,,,0.0,no_match
STARWARS.xlsx,CANON,2146,The Acolyte,TV (Live Action),2024-07-16 00:00:00,The Acolyte,tv,114479,tv,The Acolyte,2024-06-04,0.9538,matched
STARWARS.xlsx,CANON,2147,Star Wars (2020),Comic (Marvel),2024-07-17 00:00:00,Star Wars (2020),movie,,movie,,,0.0,no_match
STARWARS.xlsx,CANON,2148,Nubs and RJ Dance,Short (Junior),2024-07-19 00:00:00,Nubs and RJ Dance,movie,,movie,,,0.0,no_match
STARWARS.xlsx,CANON,2149,Darth Vader (2020),Comic (Marvel),2024-07-24 00:00:00,Darth Vader (2020),movie,,movie,,,0.0,no_match
STARWARS.xlsx,CANON,2150,Young Jedi Adventures: The Charhound Chase,Book (Junior),2024-07-24 00:00:00,Young Jedi Adventures: The Charhound Chase,movie,,movie,,,0.0,no_match
STARWARS.xlsx,CANON,2151,Nubs Can't Stop Sneezing,Short (Junior),2024-07-26 00:00:00,Nubs Can't Stop Sneezing,movie,,movie,,,0.0,no_match
STARWARS.xlsx,CANON,2152,"Darth Maul: Black, White & Red",Comic (Marvel),2024-07-31 00:00:00,"Darth Maul: Black, White & Red",movie,,movie,,,0.0,no_match
STARWARS.xlsx,CANON,2153,Inquisitors,Comic (Marvel),2024-08-07 00:00:00,Inquisitors,movie,,movie,,,0.0,no_match
STARWARS.xlsx,CANON,2154,The High Republic Adventures (2023),Comic (Dark Horse),2024-08-07 00:00:00,The High Republic Adventures (2023),movie,,movie,,,0.0,no_match
STARWARS.xlsx,CANON,2155,The High Republic (2023),Comic (Marvel),2024-08-07 00:00:00,The High Republic (2023),movie,,movie,,,0.0,no_match
STARWARS.xlsx,CANON,2156,The Edge of Balance Vol.3,Manga,2024-08-13 00:00:00,The Edge of Balance Vol.3,movie,,movie,,,0.0,no_match
STARWARS.xlsx,CANON,2157,Darth Vader (2020),Comic (Marvel),2024-08-14 00:00:00,Darth Vader (2020),movie,,movie,,,0.0,no_match
STARWARS.xlsx,CANON,2158,Heroes and Hotshots/A Jedi or a Pirate,TV (Junior Animated),2024-08-14 00:00:00,Heroes and Hotshots/A Jedi or a Pirate,tv,,tv,,,0.0,no_match
STARWARS.xlsx,CANON,2159,The Rustler Roundup/A New Discovery,TV (Junior Animated),2024-08-14 00:00:00,The Rustler Roundup/A New Discovery,tv,,tv,,,0.0,no_match
STARWARS.xlsx,CANON,2160,A Pirate's Pet/The Secret Ship,TV (Junior Animated),2024-08-14 00:00:00,A Pirate's Pet/The Secret Ship,tv,,tv,,,0.0,no_match
STARWARS.xlsx,CANON,2161,Nubs' Big Mistake/The Jedi Rescue,TV (Junior Animated),2024-08-14 00:00:00,Nubs' Big Mistake/The Jedi Rescue,tv,,tv,,,0.0,no_match
STARWARS.xlsx,CANON,2162,The Terror of Tenoo/The Prince of Masks,TV (Junior Animated),2024-08-14 00:00:00,The Terror of Tenoo/The Prince of Masks,tv,,tv,,,0.0,no_match
STARWARS.xlsx,CANON,2163,Battle for the Band/Uprooted,TV (Junior Animated),2024-08-14 00:00:00,Battle for the Band/Uprooted,tv,,tv,,,0.0,no_match
STARWARS.xlsx,CANON,2164,Mine and Ours/The Andraven Circuit,TV (Junior Animated),2024-08-14 00:00:00,Mine and Ours/The Andraven Circuit,tv,,tv,,,0.0,no_match
STARWARS.xlsx,CANON,2165,The Great Gomgourd Quest/A Sticky Situation,TV (Junior Animated),2024-08-14 00:00:00,The Great Gomgourd Quest/A Sticky Situation,tv,,tv,,,0.0,no_match
STARWARS.xlsx,CANON,2166,The Missing Life Day Feast/The Lost Treasure of Tenoo,TV (Junior Animated),2024-08-14 00:00:00,The Missing Life Day Feast/The Lost Treasure of Tenoo,tv,,tv,,,0.0,no_match
STARWARS.xlsx,CANON,2167,The Wild Acklyrr/Lys' Lost Lightsaber,TV (Junior Animated),2024-08-14 00:00:00,The Wild Acklyrr/Lys' Lost Lightsaber,tv,,tv,,,0.0,no_match
STARWARS.xlsx,CANON,2168,Tower Run/The Jumping Jetpack,TV (Junior Animated),2024-08-14 00:00:00,Tower Run/The Jumping Jetpack,tv,,tv,,,0.0,no_match
STARWARS.xlsx,CANON,2169,The High Republic Adventures (2023),Comic (Dark Horse),2024-08-21 00:00:00,The High Republic Adventures (2023),movie,,movie,,,0.0,no_match
STARWARS.xlsx,CANON,2170,Star Wars (2020),Comic (Marvel),2024-08-21 00:00:00,Star Wars (2020),movie,,movie,,,0.0,no_match
STARWARS.xlsx,CANON,2171,Chronicles of Corellia: Heir Apparent,Short Story (Insider),2024-08-27 00:00:00,Chronicles of Corellia: Heir Apparent,movie,,movie,,,0.0,no_match
STARWARS.xlsx,CANON,2172,Beware the Nameless,Novel (Middle-Grade),2024-08-27 00:00:00,Beware the Nameless,movie,,movie,,,0.0,no_match
STARWARS.xlsx,CANON,2173,Ahsoka (Adaptation),Comic (Marvel),2024-08-28 00:00:00,Ahsoka (Adaptation),movie,,movie,,,0.0,no_match
STARWARS.xlsx,CANON,2174,Star Wars: Outlaws,Video Game,2024-08-30 00:00:00,Star Wars: Outlaws,movie,,movie,,,0.0,no_match
STARWARS.xlsx,CANON,2175,Snowy Mountain Rescue Little Golden Book,Book (Junior),2024-09-03 00:00:00,Snowy Mountain Rescue Little Golden Book,movie,,movie,,,0.0,no_match
STARWARS.xlsx,CANON,2176,Young Jedi Adventures: The Harvest Feast,Book (Junior),2024-09-03 00:00:00,Young Jedi Adventures: The Harvest Feast,movie,,movie,,,0.0,no_match
STARWARS.xlsx,CANON,2177,Echoes of Fear,Comic (Dark Horse),2024-09-04 00:00:00,Echoes of Fear,movie,,movie,,,0.0,no_match
STARWARS.xlsx,CANON,2178,The Acolyte: Kelnacca,Comic (Marvel),2024-09-04 00:00:00,The Acolyte: Kelnacca,movie,,movie,,,0.0,no_match
STARWARS.xlsx,CANON,2179,The High Republic Adventures: Crash and Burn,Comic (Dark Horse),2024-09-04 00:00:00,The High Republic Adventures: Crash and Burn,movie,,movie,,,0.0,no_match
STARWARS.xlsx,CANON,2180,Inquisitors,Comic (Marvel),2024-09-11 00:00:00,Inquisitors,movie,,movie,,,0.0,no_match
STARWARS.xlsx,CANON,2181,Star Wars (2020),Comic (Marvel),2024-09-11 00:00:00,Star Wars (2020),movie,,movie,,,0.0,no_match
STARWARS.xlsx,CANON,2182,The High Republic Adventures (2023),Comic (Dark Horse),2024-09-18 00:00:00,The High Republic Adventures (2023),movie,,movie,,,0.0,no_match
STARWARS.xlsx,CANON,2183,Darth Vader (2020),Comic (Marvel),2024-09-18 00:00:00,Darth Vader (2020),movie,,movie,,,0.0,no_match
STARWARS.xlsx,CANON,2184,Padawan's Pride,Audio Drama (Junior),2024-09-19 00:00:00,Padawan's Pride,movie,,movie,,,0.0,no_match
STARWARS.xlsx,CANON,2185,Tears of the Nameless,Novel (Young Adult),2024-09-24 00:00:00,Tears of the Nameless,movie,,movie,,,0.0,no_match
STARWARS.xlsx,CANON,2186,Ahsoka (Adaptation),Comic (Marvel),2024-09-25 00:00:00,Ahsoka (Adaptation),movie,,movie,,,0.0,no_match
STARWARS.xlsx,CANON,2187,Battle of Jakku: Insurgency Rising,Comic (Marvel),2024-10-02 00:00:00,Battle of Jakku: Insurgency Rising,movie,,movie,,,0.0,no_match
STARWARS.xlsx,CANON,2188,The Rising,Comic Story (Marvel),2024-10-02 00:00:00,The Rising,movie,1277284,movie,The Rising of the Sap,2024-05-11,0.6946,matched
STARWARS.xlsx,CANON,2189,Inquisitors,Comic (Marvel),2024-10-02 00:00:00,Inquisitors,movie,,movie,,,0.0,no_match
STARWARS.xlsx,CANON,2190,Dispatches from the Occlusion Zone,Comic (Dark Horse),2024-10-09 00:00:00,Dispatches from the Occlusion Zone,movie,,movie,,,0.0,no_match
STARWARS.xlsx,CANON,2191,Ewoks,Comic (Marvel),2024-10-09 00:00:00,Ewoks,movie,,movie,,,0.0,no_match
STARWARS.xlsx,CANON,2192,Echoes of Fear,Comic (Dark Horse),2024-10-09 00:00:00,Echoes of Fear,movie,,movie,,,0.0,no_match
STARWARS.xlsx,CANON,2193,Ahsoka (Adaptation),Comic (Marvel),2024-10-09 00:00:00,Ahsoka (Adaptation),movie,,movie,,,0.0,no_match
STARWARS.xlsx,CANON,2194,Saber for Hire,Comic (Dark Horse),2024-10-09 00:00:00,Saber for Hire,movie,,movie,,,0.0,no_match
STARWARS.xlsx,CANON,2195,Mace Windu: The Glass Abyss,Novel,2024-10-15 00:00:00,Mace Windu: The Glass Abyss,movie,,movie,,,0.0,no_match
STARWARS.xlsx,CANON,2196,Battle of Jakku: Insurgency Rising,Comic (Marvel),2024-10-16 00:00:00,Battle of Jakku: Insurgency Rising,movie,,movie,,,0.0,no_match
STARWARS.xlsx,CANON,2197,The High Republic Adventures (2023),Comic (Dark Horse),2024-10-16 00:00:00,The High Republic Adventures (2023),movie,,movie,,,0.0,no_match
STARWARS.xlsx,CANON,2198,Chronicles of Corellia: Cracking the Mask,Short Story (Insider),2024-10-29 00:00:00,Chronicles of Corellia: Cracking the Mask,movie,,movie,,,0.0,no_match
STARWARS.xlsx,CANON,2199,Battle of Jakku: Insurgency Rising,Comic (Marvel),2024-10-30 00:00:00,Battle of Jakku: Insurgency Rising,movie,,movie,,,0.0,no_match
STARWARS.xlsx,CANON,2200,The Mandalorian: The Graphic Novel of Season 3,Graphic Novel,2024-11-05 00:00:00,The Mandalorian: The Graphic Novel of Season 3,movie,,movie,,,0.0,no_match
STARWARS.xlsx,CANON,2201,Battle of Jakku: Insurgency Rising,Comic (Marvel),2024-11-06 00:00:00,Battle of Jakku: Insurgency Rising,movie,,movie,,,0.0,no_match
STARWARS.xlsx,CANON,2202,Ahsoka (Adaptation),Comic (Marvel),2024-11-06 00:00:00,Ahsoka (Adaptation),movie,,movie,,,0.0,no_match
STARWARS.xlsx,CANON,2203,Dispatches from the Occlusion Zone,Comic (Dark Horse),2024-11-13 00:00:00,Dispatches from the Occlusion Zone,movie,,movie,,,0.0,no_match
STARWARS.xlsx,CANON,2204,Ewoks,Comic (Marvel),2024-11-13 00:00:00,Ewoks,movie,,movie,,,0.0,no_match
STARWARS.xlsx,CANON,2205,Echoes of Fear,Comic (Dark Horse),2024-11-13 00:00:00,Echoes of Fear,movie,,movie,,,0.0,no_match
STARWARS.xlsx,CANON,2206,Seeds of Starlight,Audio Drama (Junior),2024-11-14 00:00:00,Seeds of Starlight,movie,,movie,,,0.0,no_match
STARWARS.xlsx,CANON,2207,Battle of Jakku: Republic Under Siege,Comic (Marvel),2024-11-20 00:00:00,Battle of Jakku: Republic Under Siege,movie,,movie,,,0.0,no_match
STARWARS.xlsx,CANON,2208,Consolidation,Comic Story (Marvel),2024-11-20 00:00:00,Consolidation,movie,,movie,,,0.0,no_match
STARWARS.xlsx,CANON,2209,The High Republic Adventures (2023),Comic (Dark Horse),2024-11-20 00:00:00,The High Republic Adventures (2023),movie,,movie,,,0.0,no_match
STARWARS.xlsx,CANON,2210,Battle of Jakku: Republic Under Siege,Comic (Marvel),2024-11-27 00:00:00,Battle of Jakku: Republic Under Siege,movie,,movie,,,0.0,no_match
STARWARS.xlsx,CANON,2211,This Could Be A Real Adventure,TV (Live Action),2024-12-02 00:00:00,This Could Be A Real Adventure,tv,,tv,,,0.0,no_match
STARWARS.xlsx,CANON,2212,"Way, Way Out Past The Barrier",TV (Live Action),2024-12-02 00:00:00,"Way, Way Out Past The Barrier",tv,,tv,,,0.0,no_match
STARWARS.xlsx,CANON,2213,Someone Who Loves You,Book (Junior),2024-12-03 00:00:00,Someone Who Loves You,movie,,movie,,,0.0,no_match
STARWARS.xlsx,CANON,2214,Tempest Breaker,Audio Drama,2024-12-03 00:00:00,Tempest Breaker,movie,,movie,,,0.0,no_match
STARWARS.xlsx,CANON,2215,Battle of Jakku: Republic Under Siege,Comic (Marvel),2024-12-04 00:00:00,Battle of Jakku: Republic Under Siege,movie,,movie,,,0.0,no_match
STARWARS.xlsx,CANON,2216,Tales from the Occlusion Zone: The Fate of Eriadu,Short Story (Insider),2024-12-10 00:00:00,Tales from the Occlusion Zone: The Fate of Eriadu,movie,,movie,,,0.0,no_match
STARWARS.xlsx,CANON,2217,"Very Interesting, As An Astrogation Problem",TV (Live Action),2024-12-10 00:00:00,"Very Interesting, As An Astrogation Problem",tv,,tv,,,0.0,no_match
STARWARS.xlsx,CANON,2218,Battle of Jakku: Republic Under Siege,Comic (Marvel),2024-12-11 00:00:00,Battle of Jakku: Republic Under Siege,movie,,movie,,,0.0,no_match
STARWARS.xlsx,CANON,2219,The High Republic Adventures (2023),Comic (Dark Horse),2024-12-11 00:00:00,The High Republic Adventures (2023),movie,,movie,,,0.0,no_match
STARWARS.xlsx,CANON,2220,Can't Say I Remember No At Attin,TV (Live Action),2024-12-17 00:00:00,Can't Say I Remember No At Attin,tv,,tv,,,0.0,no_match
STARWARS.xlsx,CANON,2221,Dispatches from the Occlusion Zone,Comic (Dark Horse),2024-12-18 00:00:00,Dispatches from the Occlusion Zone,movie,,movie,,,0.0,no_match
STARWARS.xlsx,CANON,2222,Ewoks,Comic (Marvel),2024-12-18 00:00:00,Ewoks,movie,,movie,,,0.0,no_match
STARWARS.xlsx,CANON,2223,Echoes of Fear,Comic (Dark Horse),2024-12-18 00:00:00,Echoes of Fear,movie,,movie,,,0.0,no_match
STARWARS.xlsx,CANON,2224,Ahsoka (Adaptation),Comic (Marvel),2024-12-18 00:00:00,Ahsoka (Adaptation),movie,,movie,,,0.0,no_match
STARWARS.xlsx,CANON,2225,The High Republic Adventures: The Wedding Spectacular,Comic (Dark Horse),2024-12-18 00:00:00,The High Republic Adventures: The Wedding Spectacular,movie,,movie,,,0.0,no_match
STARWARS.xlsx,CANON,2226,You Have A Lot To Learn About Pirates,TV (Live Action),2024-12-24 00:00:00,You Have A Lot To Learn About Pirates,tv,,tv,,,0.0,no_match
STARWARS.xlsx,CANON,2227,Battle of Jakku: Last Stand,Comic (Marvel),2024-12-25 00:00:00,Battle of Jakku: Last Stand,movie,,movie,,,0.0,no_match
STARWARS.xlsx,CANON,2228,False Histories,Comic Story (Marvel),2024-12-25 00:00:00,False Histories,movie,,movie,,,0.0,no_match
STARWARS.xlsx,CANON,2229,Zero Friends Again,TV (Live Action),2024-12-31 00:00:00,Zero Friends Again,tv,,tv,,,0.0,no_match
STARWARS.xlsx,CANON,2230,Ahsoka (Adaptation),Comic (Marvel),2025-01-01 00:00:00,Ahsoka (Adaptation),movie,,movie,,,0.0,no_match
STARWARS.xlsx,CANON,2231,We're Gonna Be In So Much Trouble,TV (Live Action),2025-01-07 00:00:00,We're Gonna Be In So Much Trouble,tv,,tv,,,0.0,no_match
STARWARS.xlsx,CANON,2232,Battle of Jakku: Last Stand,Comic (Marvel),2025-01-08 00:00:00,Battle of Jakku: Last Stand,movie,,movie,,,0.0,no_match
STARWARS.xlsx,CANON,2233,The Real Good Guys,TV (Live Action),2025-01-14 00:00:00,The Real Good Guys,tv,,tv,,,0.0,no_match
STARWARS.xlsx,CANON,2234,Battle of Jakku: Last Stand,Comic (Marvel),2025-01-15 00:00:00,Battle of Jakku: Last Stand,movie,,movie,,,0.0,no_match
STARWARS.xlsx,CANON,2235,The High Republic Adventures (2023),Comic (Dark Horse),2025-01-15 00:00:00,The High Republic Adventures (2023),movie,,movie,,,0.0,no_match
STARWARS.xlsx,CANON,2236,Battle of Jakku: Last Stand,Comic (Marvel),2025-01-22 00:00:00,Battle of Jakku: Last Stand,movie,,movie,,,0.0,no_match
STARWARS.xlsx,CANON,2237,"The Mandalorian: The Manga, Vol. 3",Manga,2025-01-24 00:00:00,"The Mandalorian: The Manga, Vol. 3",movie,,movie,,,0.0,no_match
STARWARS.xlsx,CANON,2238,"The Mandalorian: The Manga, Vol. 4",Manga,2025-01-24 00:00:00,"The Mandalorian: The Manga, Vol. 4",movie,,movie,,,0.0,no_match
STARWARS.xlsx,CANON,2239,The Grand Imperial Jubilee,Comic Story (Marvel),2025-01-29 00:00:00,The Grand Imperial Jubilee,movie,,movie,,,0.0,no_match
STARWARS.xlsx,CANON,2240,Rogue's Gambit,Comic Story (Marvel),2025-01-29 00:00:00,Rogue's Gambit,movie,,movie,,,0.0,no_match
STARWARS.xlsx,CANON,2241,For the Love of the Empire,Comic Story (Marvel),2025-01-29 00:00:00,For the Love of the Empire,movie,,movie,,,0.0,no_match
STARWARS.xlsx,CANON,2242,Three Younglings & the Snackfrog of Doom,Comic Story (Dark Horse),2025-01-29 00:00:00,Three Younglings & the Snackfrog of Doom,movie,,movie,,,0.0,no_match
STARWARS.xlsx,CANON,2243,Heart to Heart,Comic Story (Dark Horse),2025-01-29 00:00:00,Heart to Heart,movie,1454828,movie,Heart to Heart,2025-05-01,0.9502,matched
STARWARS.xlsx,CANON,2244,The Adventures of Churo the Hutt and the Heart of Eroudac,Comic Story (Dark Horse),2025-01-29 00:00:00,The Adventures of Churo the Hutt and the Heart of Eroudac,movie,,movie,,,0.0,no_match
STARWARS.xlsx,CANON,2245,Brothers and Sisters,Comic Story (Dark Horse),2025-01-29 00:00:00,Brothers and Sisters,movie,,movie,,,0.0,no_match
STARWARS.xlsx,CANON,2246,Stellan's Wisdom,Comic Story (Dark Horse),2025-01-29 00:00:00,Stellan's Wisdom,movie,,movie,,,0.0,no_match
STARWARS.xlsx,CANON,2247,Dispatches from the Occlusion Zone,Comic (Dark Horse),2025-01-29 00:00:00,Dispatches from the Occlusion Zone,movie,,movie,,,0.0,no_match
STARWARS.xlsx,CANON,2248,Ewoks,Comic (Marvel),2025-01-29 00:00:00,Ewoks,movie,,movie,,,0.0,no_match
STARWARS.xlsx,CANON,2249,Nubs Gets Stuck,Short (Junior),2025-02-01 00:00:00,Nubs Gets Stuck,movie,,movie,,,0.0,no_match
STARWARS.xlsx,CANON,2250,Legacy of Vader,Comic (Marvel),2025-02-05 00:00:00,Legacy of Vader,movie,,movie,,,0.0,no_match
STARWARS.xlsx,CANON,2251,RJ Makes a Friend,Short (Junior),2025-02-08 00:00:00,RJ Makes a Friend,movie,,movie,,,0.0,no_match
STARWARS.xlsx,CANON,2252,The Bad Batch: Ghost Agents,Comic (Dark Horse),2025-02-12 00:00:00,The Bad Batch: Ghost Agents,movie,,movie,,,0.0,no_match
STARWARS.xlsx,CANON,2253,The High Republic Adventures (2023),Comic (Dark Horse),2025-02-12 00:00:00,The High Republic Adventures (2023),movie,,movie,,,0.0,no_match
STARWARS.xlsx,CANON,2254,Nubs Learns To Paint,Short (Junior),2025-02-15 00:00:00,Nubs Learns To Paint,movie,,movie,,,0.0,no_match
STARWARS.xlsx,CANON,2255,Fear of the Jedi,Comic (Marvel),2025-02-19 00:00:00,Fear of the Jedi,movie,,movie,,,0.0,no_match
STARWARS.xlsx,CANON,2256,Ahsoka (Adaptation),Comic (Marvel),2025-02-19 00:00:00,Ahsoka (Adaptation),movie,,movie,,,0.0,no_match
STARWARS.xlsx,CANON,2257,RJ Makes Music,Short (Junior),2025-02-22 00:00:00,RJ Makes Music,movie,,movie,,,0.0,no_match
STARWARS.xlsx,CANON,2258,Tales from the Occlusion Zone: Sparks Fly,Short Story (Insider),2025-02-25 00:00:00,Tales from the Occlusion Zone: Sparks Fly,movie,,movie,,,0.0,no_match
STARWARS.xlsx,CANON,2259,Galaxy's Edge: A Batuu Adventure Little Golden Book,Book (Junior),2025-02-25 00:00:00,Galaxy's Edge: A Batuu Adventure Little Golden Book,movie,,movie,,,0.0,no_match
STARWARS.xlsx,CANON,2260,Reign of the Empire: The Mask of Fear,Novel,2025-02-25 00:00:00,Reign of the Empire: The Mask of Fear,movie,,movie,,,0.0,no_match
STARWARS.xlsx,CANON,2261,The Rise of Skywalker (Adaptation),Comic (Marvel),2025-02-26 00:00:00,The Rise of Skywalker (Adaptation),movie,,movie,,,0.0,no_match
STARWARS.xlsx,CANON,2262,Nubs Tries to Sleep,Short (Junior),2025-03-01 00:00:00,Nubs Tries to Sleep,movie,,movie,,,0.0,no_match
STARWARS.xlsx,CANON,2263,Hyperspace Stories: Qui-Gon,Graphic Novel,2025-03-04 00:00:00,Hyperspace Stories: Qui-Gon,movie,,movie,,,0.0,no_match
STARWARS.xlsx,CANON,2264,Jedi Knights,Comic (Marvel),2025-03-05 00:00:00,Jedi Knights,movie,,movie,,,0.0,no_match
STARWARS.xlsx,CANON,2265,RJ Learns to Fly,Short (Junior),2025-03-05 00:00:00,RJ Learns to Fly,movie,,movie,,,0.0,no_match
STARWARS.xlsx,CANON,2266,Haunted Starlight,Audio Drama (Junior),2025-03-06 00:00:00,Haunted Starlight,movie,,movie,,,0.0,no_match
STARWARS.xlsx,CANON,2267,Nubs Gets a Tummy Ache,Short (Junior),2025-03-08 00:00:00,Nubs Gets a Tummy Ache,movie,,movie,,,0.0,no_match
STARWARS.xlsx,CANON,2268,Legacy of Vader,Comic (Marvel),2025-03-12 00:00:00,Legacy of Vader,movie,,movie,,,0.0,no_match
STARWARS.xlsx,CANON,2269,RJ Makes a Speedy Delivery,Short (Junior),2025-03-12 00:00:00,RJ Makes a Speedy Delivery,movie,,movie,,,0.0,no_match
STARWARS.xlsx,CANON,2270,Nubs Faces a Bug,Short (Junior),2025-03-15 00:00:00,Nubs Faces a Bug,movie,,movie,,,0.0,no_match
STARWARS.xlsx,CANON,2271,The High Republic Adventures (2023),Comic (Dark Horse),2025-03-19 00:00:00,The High Republic Adventures (2023),movie,,movie,,,0.0,no_match
STARWARS.xlsx,CANON,2272,Nubs and RJ Jam Out,Short (Junior),2025-03-19 00:00:00,Nubs and RJ Jam Out,movie,,movie,,,0.0,no_match
STARWARS.xlsx,CANON,2273,Unmasked,TV (Junior Animated),2025-03-19 00:00:00,Unmasked,tv,239006,tv,Unmasked,2025-01-15,0.9522,matched
STARWARS.xlsx,CANON,2274,Just Like Wes/Raxlo to the Rescue,TV (Junior Animated),2025-03-19 00:00:00,Just Like Wes/Raxlo to the Rescue,tv,,tv,,,0.0,no_match
STARWARS.xlsx,CANON,2275,The Helpful Harvester/Little Lost Droid,TV (Junior Animated),2025-03-19 00:00:00,The Helpful Harvester/Little Lost Droid,tv,,tv,,,0.0,no_match
STARWARS.xlsx,CANON,2276,Tenoo's Fastest/Home Sweet Temple,TV (Junior Animated),2025-03-19 00:00:00,Tenoo's Fastest/Home Sweet Temple,tv,,tv,,,0.0,no_match
STARWARS.xlsx,CANON,2277,The Firehawk Feud/The Chop Shop Calamity,TV (Junior Animated),2025-03-19 00:00:00,The Firehawk Feud/The Chop Shop Calamity,tv,,tv,,,0.0,no_match
STARWARS.xlsx,CANON,2278,Big Pooba Problems/Best Bounty Buddies,TV (Junior Animated),2025-03-19 00:00:00,Big Pooba Problems/Best Bounty Buddies,tv,,tv,,,0.0,no_match
STARWARS.xlsx,CANON,2279,The Rainy Day Beast/Upgraded,TV (Junior Animated),2025-03-19 00:00:00,The Rainy Day Beast/Upgraded,tv,,tv,,,0.0,no_match
STARWARS.xlsx,CANON,2280,Journey to the Bracca Badlands/The Search for the Missing Dunnels,TV (Junior Animated),2025-03-19 00:00:00,Journey to the Bracca Badlands/The Search for the Missing Dunnels,tv,,tv,,,0.0,no_match
STARWARS.xlsx,CANON,2281,The Spaceport Setback/The Mission Mixup,TV (Junior Animated),2025-03-19 00:00:00,The Spaceport Setback/The Mission Mixup,tv,,tv,,,0.0,no_match
STARWARS.xlsx,CANON,2282,Yoda Rescue/Fossil Hunt,TV (Junior Animated),2025-03-19 00:00:00,Yoda Rescue/Fossil Hunt,tv,,tv,,,0.0,no_match
STARWARS.xlsx,CANON,2283,A Mission to Remember/The Bounty Hunter and the Thief,TV (Junior Animated),2025-03-19 00:00:00,A Mission to Remember/The Bounty Hunter and the Thief,tv,,tv,,,0.0,no_match
STARWARS.xlsx,CANON,2284,The Battle of Tenoo,TV (Junior Animated),2025-03-19 00:00:00,The Battle of Tenoo,tv,,tv,,,0.0,no_match
STARWARS.xlsx,CANON,2285,Fear of the Jedi,Comic (Marvel),2025-03-26 00:00:00,Fear of the Jedi,movie,,movie,,,0.0,no_match
STARWARS.xlsx,CANON,2286,The Rise of Skywalker (Adaptation),Comic (Marvel),2025-03-26 00:00:00,The Rise of Skywalker (Adaptation),movie,,movie,,,0.0,no_match
STARWARS.xlsx,CANON,2287,Into the Light,Novel (Young Adult),2025-04-01 00:00:00,Into the Light,movie,1536060,movie,Into the Light,2025-09-20,0.9502,matched
STARWARS.xlsx,CANON,2288,The Bad Batch: Ghost Agents,Comic (Dark Horse),2025-04-02 00:00:00,The Bad Batch: Ghost Agents,movie,,movie,,,0.0,no_match
STARWARS.xlsx,CANON,2289,The Edge of Balance: Premonition,Manga,2025-04-08 00:00:00,The Edge of Balance: Premonition,movie,,movie,,,0.0,no_match
STARWARS.xlsx,CANON,2290,Jedi Knights,Comic (Marvel),2025-04-09 00:00:00,Jedi Knights,movie,,movie,,,0.0,no_match
STARWARS.xlsx,CANON,2291,A New Hope: A Collector's Classic Board Book,Book (Junior),2025-04-15 00:00:00,A New Hope: A Collector's Classic Board Book,movie,,movie,,,0.0,no_match
STARWARS.xlsx,CANON,2292,Legacy of Vader,Comic (Marvel),2025-04-16 00:00:00,Legacy of Vader,movie,,movie,,,0.0,no_match
STARWARS.xlsx,CANON,2293,Beyond Victory,Comic (Marvel),2025-04-18 00:00:00,Beyond Victory,movie,,movie,,,0.0,no_match
STARWARS.xlsx,CANON,2294,One Year Later,TV (Live Action),2025-04-22 00:00:00,One Year Later,tv,,tv,,,0.0,no_match
STARWARS.xlsx,CANON,2295,Sagrona Teema,TV (Live Action),2025-04-22 00:00:00,Sagrona Teema,tv,,tv,,,0.0,no_match
STARWARS.xlsx,CANON,2296,Harvest,TV (Live Action),2025-04-22 00:00:00,Harvest,tv,288013,tv,Life's Harvest,2025-06-04,0.7104,matched
STARWARS.xlsx,CANON,2297,The Edge of Balance Vol.4,Manga,2025-04-22 00:00:00,The Edge of Balance Vol.4,movie,,movie,,,0.0,no_match
STARWARS.xlsx,CANON,2298,Hyperspace Stories: Codebreaker,Comic (Dark Horse),2025-04-23 00:00:00,Hyperspace Stories: Codebreaker,movie,,movie,,,0.0,no_match
STARWARS.xlsx,CANON,2299,Tales from the Occlusion Zone: Out with a Bang,Short Story (Insider),2025-04-29 00:00:00,Tales from the Occlusion Zone: Out with a Bang,movie,,movie,,,0.0,no_match
STARWARS.xlsx,CANON,2300,Ever Been to Ghorman?,TV (Live Action),2025-04-29 00:00:00,Ever Been to Ghorman?,tv,,tv,,,0.0,no_match
STARWARS.xlsx,CANON,2301,I Have Friends Everywhere,TV (Live Action),2025-04-29 00:00:00,I Have Friends Everywhere,tv,,tv,,,0.0,no_match
STARWARS.xlsx,CANON,2302,What a Festive Evening,TV (Live Action),2025-04-29 00:00:00,What a Festive Evening,tv,,tv,,,0.0,no_match
STARWARS.xlsx,CANON,2303,Fear of the Jedi,Comic (Marvel),2025-04-30 00:00:00,Fear of the Jedi,movie,,movie,,,0.0,no_match
STARWARS.xlsx,CANON,2304,The Rise of Skywalker (Adaptation),Comic (Marvel),2025-04-30 00:00:00,The Rise of Skywalker (Adaptation),movie,,movie,,,0.0,no_match
STARWARS.xlsx,CANON,2305,The High Republic Adventures (2023),Comic (Dark Horse),2025-04-30 00:00:00,The High Republic Adventures (2023),movie,,movie,,,0.0,no_match
STARWARS.xlsx,CANON,2306,The High Republic Adventures: The Battle of Eriadu,Comic (Dark Horse),2025-04-30 00:00:00,The High Republic Adventures: The Battle of Eriadu,movie,,movie,,,0.0,no_match
STARWARS.xlsx,CANON,2307,Scavenger Hunt,Comic Story (Dark Horse),2025-05-03 00:00:00,Scavenger Hunt,movie,,movie,,,0.0,no_match
STARWARS.xlsx,CANON,2308,The Moon of Death,Comic Story (Marvel),2025-05-03 00:00:00,The Moon of Death,movie,,movie,,,0.0,no_match
STARWARS.xlsx,CANON,2309,Past is Prologue,Comic Story (Marvel),2025-05-03 00:00:00,Past is Prologue,movie,1505473,movie,Shakespeare Corrected: What's Past is Prologue,2025-06-12,0.6017,review
STARWARS.xlsx,CANON,2310,Legacy of Vaneé,Comic (Marvel),2025-05-03 00:00:00,Legacy of Vaneé,movie,,movie,,,0.0,no_match
STARWARS.xlsx,CANON,2311,A Way Forward (Asajj Ventress),TV (Animated),2025-05-04 00:00:00,A Way Forward (Asajj Ventress),tv,,tv,,,0.0,no_match
STARWARS.xlsx,CANON,2312,Friends (Asajj Ventress),TV (Animated),2025-05-04 00:00:00,Friends (Asajj Ventress),tv,,tv,,,0.0,no_match
STARWARS.xlsx,CANON,2313,One Warrior to Another (Asajj Ventress),TV (Animated),2025-05-04 00:00:00,One Warrior to Another (Asajj Ventress),tv,,tv,,,0.0,no_match
STARWARS.xlsx,CANON,2314,The Good Life (Cad Bane),TV (Animated),2025-05-04 00:00:00,The Good Life (Cad Bane),tv,,tv,,,0.0,no_match
STARWARS.xlsx,CANON,2315,A Good Turn (Cad Bane),TV (Animated),2025-05-04 00:00:00,A Good Turn (Cad Bane),tv,,tv,,,0.0,no_match
STARWARS.xlsx,CANON,2316,One Good Deed (Cad Bane),TV (Animated),2025-05-04 00:00:00,One Good Deed (Cad Bane),tv,,tv,,,0.0,no_match
STARWARS.xlsx,CANON,2317,Messenger,TV (Live Action),2025-05-06 00:00:00,Messenger,tv,,tv,,,0.0,no_match
STARWARS.xlsx,CANON,2318,Who Are You?,TV (Live Action),2025-05-06 00:00:00,Who Are You?,tv,304306,tv,Who Are You?,2025-10-24,0.9502,matched
STARWARS.xlsx,CANON,2319,Welcome to the Rebellion,TV (Live Action),2025-05-06 00:00:00,Welcome to the Rebellion,tv,,tv,,,0.0,no_match
STARWARS.xlsx,CANON,2320,A Valiant Vow,Novel (Middle-Grade),2025-05-06 00:00:00,A Valiant Vow,movie,,movie,,,0.0,no_match
STARWARS.xlsx,CANON,2321,The Acolyte: Wayseeker,Novel,2025-05-06 00:00:00,The Acolyte: Wayseeker,movie,,movie,,,0.0,no_match
STARWARS.xlsx,CANON,2322,Star Wars (2025),Comic (Marvel),2025-05-07 00:00:00,Star Wars (2025),movie,,movie,,,0.0,no_match
STARWARS.xlsx,CANON,2323,The Bad Batch: Ghost Agents,Comic (Dark Horse),2025-05-07 00:00:00,The Bad Batch: Ghost Agents,movie,,movie,,,0.0,no_match
STARWARS.xlsx,CANON,2324,Make It Stop,TV (Live Action),2025-05-13 00:00:00,Make It Stop,tv,,tv,,,0.0,no_match
STARWARS.xlsx,CANON,2325,Who Else Knows?,TV (Live Action),2025-05-13 00:00:00,Who Else Knows?,tv,,tv,,,0.0,no_match
STARWARS.xlsx,CANON,2326,"Jedha, Kyber, Erso",TV (Live Action),2025-05-13 00:00:00,"Jedha, Kyber, Erso",tv,,tv,,,0.0,no_match
STARWARS.xlsx,CANON,2327,Jedi Knights,Comic (Marvel),2025-05-14 00:00:00,Jedi Knights,movie,,movie,,,0.0,no_match
STARWARS.xlsx,CANON,2328,Fear of the Jedi,Comic (Marvel),2025-05-21 00:00:00,Fear of the Jedi,movie,,movie,,,0.0,no_match
STARWARS.xlsx,CANON,2329,Legacy of Vader,Comic (Marvel),2025-05-21 00:00:00,Legacy of Vader,movie,,movie,,,0.0,no_match
STARWARS.xlsx,CANON,2330,The High Republic Adventures (2023),Comic (Dark Horse),2025-05-21 00:00:00,The High Republic Adventures (2023),movie,,movie,,,0.0,no_match
STARWARS.xlsx,CANON,2331,The Rise of Skywalker (Adaptation),Comic (Marvel),2025-05-28 00:00:00,The Rise of Skywalker (Adaptation),movie,,movie,,,0.0,no_match
STARWARS.xlsx,CANON,2332,Jedi Knights,Comic (Marvel),2025-06-04 00:00:00,Jedi Knights,movie,,movie,,,0.0,no_match
STARWARS.xlsx,CANON,2333,Fear of the Jedi,Comic (Marvel),2025-06-04 00:00:00,Fear of the Jedi,movie,,movie,,,0.0,no_match
STARWARS.xlsx,CANON,2334,Star Wars (2025),Comic (Marvel),2025-06-11 00:00:00,Star Wars (2025),movie,,movie,,,0.0,no_match
STARWARS.xlsx,CANON,2335,The Bad Batch: Ghost Agents,Comic (Dark Horse),2025-06-11 00:00:00,The Bad Batch: Ghost Agents,movie,,movie,,,0.0,no_match
STARWARS.xlsx,CANON,2336,The Rise of Skywalker (Adaptation),Comic (Marvel),2025-06-11 00:00:00,The Rise of Skywalker (Adaptation),movie,,movie,,,0.0,no_match
STARWARS.xlsx,CANON,2337,Trials of the Jedi,Novel,2025-06-17 00:00:00,Trials of the Jedi,movie,,movie,,,0.0,no_match
STARWARS.xlsx,CANON,2338,Doctor Aphra: Chaos Agent,Comic (Marvel),2025-06-18 00:00:00,Doctor Aphra: Chaos Agent,movie,,movie,,,0.0,no_match
STARWARS.xlsx,CANON,2339,Tales from the Occlusion Zone: The Will to Fight,Short Story (Insider),2025-06-24 00:00:00,Tales from the Occlusion Zone: The Will to Fight,movie,,movie,,,0.0,no_match
STARWARS.xlsx,CANON,2340,Legacy of Vader,Comic (Marvel),2025-06-25 00:00:00,Legacy of Vader,movie,,movie,,,0.0,no_match
STARWARS.xlsx,CANON,2341,The High Republic Adventures (2023),Comic (Dark Horse),2025-06-25 00:00:00,The High Republic Adventures (2023),movie,,movie,,,0.0,no_match
STARWARS.xlsx,CANON,2342,Hyperspace Stories: Codebreaker,Comic (Dark Horse),2025-07-02 00:00:00,Hyperspace Stories: Codebreaker,movie,,movie,,,0.0,no_match
STARWARS.xlsx,CANON,2343,Jedi Knights,Comic (Marvel),2025-07-02 00:00:00,Jedi Knights,movie,,movie,,,0.0,no_match
STARWARS.xlsx,CANON,2344,Legacy of Vader,Comic (Marvel),2025-07-09 00:00:00,Legacy of Vader,movie,,movie,,,0.0,no_match
STARWARS.xlsx,CANON,2345,Star Wars (2025),Comic (Marvel),2025-07-16 00:00:00,Star Wars (2025),movie,,movie,,,0.0,no_match
STARWARS.xlsx,CANON,2346,The Bad Batch: Ghost Agents,Comic (Dark Horse),2025-07-16 00:00:00,The Bad Batch: Ghost Agents,movie,,movie,,,0.0,no_match
STARWARS.xlsx,CANON,2347,The High Republic Adventures (2023),Comic (Dark Horse),2025-07-16 00:00:00,The High Republic Adventures (2023),movie,,movie,,,0.0,no_match
STARWARS.xlsx,CANON,2348,Doctor Aphra: Chaos Agent,Comic (Marvel),2025-07-23 00:00:00,Doctor Aphra: Chaos Agent,movie,,movie,,,0.0,no_match
STARWARS.xlsx,CANON,2349,The Acolyte: The Crystal Crown,Novel (Young Adult),2025-07-29 00:00:00,The Acolyte: The Crystal Crown,movie,,movie,,,0.0,no_match
STARWARS.xlsx,CANON,2350,Hyperspace Stories: Tides of Terror,Comic (Dark Horse),2025-07-30 00:00:00,Hyperspace Stories: Tides of Terror,movie,,movie,,,0.0,no_match
STARWARS.xlsx,CANON,2351,The High Republic: The Finale,Comic (Marvel),2025-07-30 00:00:00,The High Republic: The Finale,movie,,movie,,,0.0,no_match
STARWARS.xlsx,CANON,2352,Sanctuary: A Bad Batch Novel,Novel,2025-08-05 00:00:00,Sanctuary: A Bad Batch Novel,movie,,movie,,,0.0,no_match
STARWARS.xlsx,CANON,2353,Hyperspace Stories: Codebreaker,Comic (Dark Horse),2025-08-06 00:00:00,Hyperspace Stories: Codebreaker,movie,,movie,,,0.0,no_match
STARWARS.xlsx,CANON,2354,Jedi Knights,Comic (Marvel),2025-08-06 00:00:00,Jedi Knights,movie,,movie,,,0.0,no_match
STARWARS.xlsx,CANON,2355,Legacy of Vader,Comic (Marvel),2025-08-06 00:00:00,Legacy of Vader,movie,,movie,,,0.0,no_match
STARWARS.xlsx,CANON,2356,Galactic Tales: The Failing of the Light,Short Story (Insider),2025-08-19 00:00:00,Galactic Tales: The Failing of the Light,movie,,movie,,,0.0,no_match
STARWARS.xlsx,CANON,2357,Star Wars (2025),Comic (Marvel),2025-08-20 00:00:00,Star Wars (2025),movie,,movie,,,0.0,no_match
STARWARS.xlsx,CANON,2358,Doctor Aphra: Chaos Agent,Comic (Marvel),2025-08-27 00:00:00,Doctor Aphra: Chaos Agent,movie,,movie,,,0.0,no_match
STARWARS.xlsx,CANON,2359,Han Solo: Hunt for the Falcon,Comic (Marvel),2025-09-03 00:00:00,Han Solo: Hunt for the Falcon,movie,,movie,,,0.0,no_match
STARWARS.xlsx,CANON,2360,Hyperspace Stories: Tides of Terror,Comic (Dark Horse),2025-09-03 00:00:00,Hyperspace Stories: Tides of Terror,movie,,movie,,,0.0,no_match
STARWARS.xlsx,CANON,2361,Hyperspace Stories: Codebreaker,Comic (Dark Horse),2025-09-03 00:00:00,Hyperspace Stories: Codebreaker,movie,,movie,,,0.0,no_match
STARWARS.xlsx,CANON,2362,Legacy of Vader,Comic (Marvel),2025-09-03 00:00:00,Legacy of Vader,movie,,movie,,,0.0,no_match
STARWARS.xlsx,CANON,2363,R2-D2 and BB-8's Messy Mission,Short (Junior),2025-09-05 00:00:00,R2-D2 and BB-8's Messy Mission,movie,,movie,,,0.0,no_match
STARWARS.xlsx,CANON,2364,Tales From the Nightlands,Comic (Dark Horse),2025-09-10 00:00:00,Tales From the Nightlands,movie,,movie,,,0.0,no_match
STARWARS.xlsx,CANON,2365,Jedi Knights,Comic (Marvel),2025-09-10 00:00:00,Jedi Knights,movie,,movie,,,0.0,no_match
STARWARS.xlsx,CANON,2366,Babu Frik's Repair Shop Malfunction,Short (Junior),2025-09-12 00:00:00,Babu Frik's Repair Shop Malfunction,movie,,movie,,,0.0,no_match
STARWARS.xlsx,CANON,2367,"Boba Fett: Black, White, and Red",Comic (Marvel),2025-09-17 00:00:00,"Boba Fett: Black, White, and Red",movie,,movie,,,0.0,no_match
STARWARS.xlsx,CANON,2368,Star Wars (2025),Comic (Marvel),2025-09-17 00:00:00,Star Wars (2025),movie,,movie,,,0.0,no_match
STARWARS.xlsx,CANON,2369,Rey's Lightsaber On The Loose,Short (Junior),2025-09-18 00:00:00,Rey's Lightsaber On The Loose,movie,,movie,,,0.0,no_match
STARWARS.xlsx,CANON,2370,Doctor Aphra: Chaos Agent,Comic (Marvel),2025-09-24 00:00:00,Doctor Aphra: Chaos Agent,movie,,movie,,,0.0,no_match
STARWARS.xlsx,CANON,2371,Helping Chewbacca Save The Millennium Falcon!,Short (Junior),2025-09-26 00:00:00,Helping Chewbacca Save The Millennium Falcon!,movie,,movie,,,0.0,no_match
STARWARS.xlsx,CANON,2372,Hyperspace Stories: Tides of Terror,Comic (Dark Horse),2025-10-01 00:00:00,Hyperspace Stories: Tides of Terror,movie,,movie,,,0.0,no_match
STARWARS.xlsx,CANON,2373,Star Wars (2025),Comic (Marvel),2025-10-01 00:00:00,Star Wars (2025),movie,,movie,,,0.0,no_match
STARWARS.xlsx,CANON,2374,Beyond Victory,Video Game,2025-10-07 00:00:00,Beyond Victory,movie,,movie,,,0.0,no_match
STARWARS.xlsx,CANON,2375,Han Solo: Hunt for the Falcon,Comic (Marvel),2025-10-08 00:00:00,Han Solo: Hunt for the Falcon,movie,,movie,,,0.0,no_match
STARWARS.xlsx,CANON,2376,The Jaws of Jakku,Audio Drama (Junior),2025-10-09 00:00:00,The Jaws of Jakku,movie,,movie,,,0.0,no_match
STARWARS.xlsx,CANON,2377,Galactic Tales: The Crimson Corsair and the Sinister Secret of the Binary Star,Short Story (Insider),2025-10-14 00:00:00,Galactic Tales: The Crimson Corsair and the Sinister Secret of the Binary Star,movie,,movie,,,0.0,no_match
STARWARS.xlsx,CANON,2378,Legacy of Vader,Comic (Marvel),2025-10-15 00:00:00,Legacy of Vader,movie,,movie,,,0.0,no_match
STARWARS.xlsx,CANON,2379,Who's Making That Noise in The Millennium Falcon?!,Short (Junior),2025-10-17 00:00:00,Who's Making That Noise in The Millennium Falcon?!,movie,,movie,,,0.0,no_match
STARWARS.xlsx,CANON,2380,Tales From the Nightlands,Comic (Dark Horse),2025-10-22 00:00:00,Tales From the Nightlands,movie,,movie,,,0.0,no_match
STARWARS.xlsx,CANON,2381,Jedi Knights,Comic (Marvel),2025-10-22 00:00:00,Jedi Knights,movie,,movie,,,0.0,no_match
STARWARS.xlsx,CANON,2382,BB-8 and R2-D2 Go Undercover!,Short (Junior),2025-10-24 00:00:00,BB-8 and R2-D2 Go Undercover!,movie,,movie,,,0.0,no_match
STARWARS.xlsx,CANON,2383,The Last Order,Novel (Young Adult),2025-10-25 00:00:00,The Last Order,movie,,movie,,,0.0,no_match
STARWARS.xlsx,CANON,2384,"Boba Fett: Black, White, and Red",Comic (Marvel),2025-10-29 00:00:00,"Boba Fett: Black, White, and Red",movie,,movie,,,0.0,no_match
STARWARS.xlsx,CANON,2385,Doctor Aphra: Chaos Agent,Comic (Marvel),2025-10-29 00:00:00,Doctor Aphra: Chaos Agent,movie,,movie,,,0.0,no_match
STARWARS.xlsx,CANON,2386,R2-D2 and BB-8's Super Snowy Shenanigans,Short (Junior),2025-10-31 00:00:00,R2-D2 and BB-8's Super Snowy Shenanigans,movie,,movie,,,0.0,no_match
STARWARS.xlsx,CANON,2387,Legacy of Vader,Comic (Marvel),2025-11-05 00:00:00,Legacy of Vader,movie,,movie,,,0.0,no_match
STARWARS.xlsx,CANON,2388,R2-D2 and BB-8 Chased By A Bounty Hunter?!,Short (Junior),2025-11-07 00:00:00,R2-D2 and BB-8 Chased By A Bounty Hunter?!,movie,,movie,,,0.0,no_match
STARWARS.xlsx,CANON,2389,Master of Evil,Novel,2025-11-11 00:00:00,Master of Evil,movie,,movie,,,0.0,no_match
STARWARS.xlsx,CANON,2390,Path of the Lightsaber Vol.1,Manga,2025-11-11 00:00:00,Path of the Lightsaber Vol.1,movie,,movie,,,0.0,no_match
STARWARS.xlsx,CANON,2391,Han Solo: Hunt for the Falcon,Comic (Marvel),2025-11-12 00:00:00,Han Solo: Hunt for the Falcon,movie,,movie,,,0.0,no_match
STARWARS.xlsx,CANON,2392,Star Wars (2025),Comic (Marvel),2025-11-12 00:00:00,Star Wars (2025),movie,,movie,,,0.0,no_match
STARWARS.xlsx,CANON,2393,Jedi Knights,Comic (Marvel),2025-11-19 00:00:00,Jedi Knights,movie,,movie,,,0.0,no_match
STARWARS.xlsx,CANON,2394,"Boba Fett: Black, White, and Red",Comic (Marvel),2025-11-26 00:00:00,"Boba Fett: Black, White, and Red",movie,,movie,,,0.0,no_match
STARWARS.xlsx,CANON,2395,Legacy of Vader,Comic (Marvel),2025-12-03 00:00:00,Legacy of Vader,movie,,movie,,,0.0,no_match
STARWARS.xlsx,CANON,2396,The New Droid Friends/Batuu Bonanza,TV (Junior Animated),2025-12-08 00:00:00,The New Droid Friends/Batuu Bonanza,tv,,tv,,,0.0,no_match
STARWARS.xlsx,CANON,2397,Music Mayhem/The Night Lights of Tenoo,TV (Junior Animated),2025-12-08 00:00:00,Music Mayhem/The Night Lights of Tenoo,tv,,tv,,,0.0,no_match
STARWARS.xlsx,CANON,2398,Journey to the Bottom of Naboo/Speeder Surprise,TV (Junior Animated),2025-12-08 00:00:00,Journey to the Bottom of Naboo/Speeder Surprise,tv,,tv,,,0.0,no_match
STARWARS.xlsx,CANON,2399,Scrapping for a Song/Bell and the Band,TV (Junior Animated),2025-12-08 00:00:00,Scrapping for a Song/Bell and the Band,tv,,tv,,,0.0,no_match
STARWARS.xlsx,CANON,2400,To Do Good/Nubs and the Bumbling Bandits,TV (Junior Animated),2025-12-08 00:00:00,To Do Good/Nubs and the Bumbling Bandits,tv,,tv,,,0.0,no_match
STARWARS.xlsx,CANON,2401,Apexx Awakens/Harvester Madness,TV (Junior Animated),2025-12-08 00:00:00,Apexx Awakens/Harvester Madness,tv,,tv,,,0.0,no_match
STARWARS.xlsx,CANON,2402,Making Friends,TV (Junior Animated),2025-12-08 00:00:00,Making Friends,tv,,tv,,,0.0,no_match
STARWARS.xlsx,CANON,2403,The Trees of Kashyyyk,Comic Story (Dark Horse),2025-12-09 00:00:00,The Trees of Kashyyyk,movie,,movie,,,0.0,no_match
STARWARS.xlsx,CANON,2404,Galactic Tales: A Loose Connection,Short Story (Insider),2025-12-09 00:00:00,Galactic Tales: A Loose Connection,movie,,movie,,,0.0,no_match
STARWARS.xlsx,CANON,2405,Tales From the Nightlands,Comic (Dark Horse),2025-12-10 00:00:00,Tales From the Nightlands,movie,,movie,,,0.0,no_match
STARWARS.xlsx,CANON,2406,Han Solo: Hunt for the Falcon,Comic (Marvel),2025-12-10 00:00:00,Han Solo: Hunt for the Falcon,movie,,movie,,,0.0,no_match
STARWARS.xlsx,CANON,2407,Jedi Knights,Comic (Marvel),2025-12-17 00:00:00,Jedi Knights,movie,,movie,,,0.0,no_match
STARWARS.xlsx,CANON,2408,Star Wars (2025),Comic (Marvel),2025-12-24 00:00:00,Star Wars (2025),movie,,movie,,,0.0,no_match
STARWARS.xlsx,CANON,2409,The Bad Batch: Rogue Agents,Comic (Dark Horse),2025-12-31 00:00:00,The Bad Batch: Rogue Agents,movie,,movie,,,0.0,no_match
STARWARS.xlsx,CANON,2410,"Boba Fett: Black, White, and Red",Comic (Marvel),2025-12-31 00:00:00,"Boba Fett: Black, White, and Red",movie,,movie,,,0.0,no_match
STARWARS.xlsx,CANON,2411,Hyperspace Stories: Tides of Terror,Comic (Dark Horse),2026-01-07 00:00:00,Hyperspace Stories: Tides of Terror,movie,,movie,,,0.0,no_match
STARWARS.xlsx,CANON,2412,Han Solo: Hunt for the Falcon,Comic (Marvel),2026-01-07 00:00:00,Han Solo: Hunt for the Falcon,movie,,movie,,,0.0,no_match
STARWARS.xlsx,CANON,2413,Legacy of Vader,Comic (Marvel),2026-01-14 00:00:00,Legacy of Vader,movie,,movie,,,0.0,no_match
STARWARS.xlsx,CANON,2414,Star Wars (2025),Comic (Marvel),2026-01-21 00:00:00,Star Wars (2025),movie,,movie,,,0.0,no_match
STARWARS.xlsx,CANON,2415,Star Wars Outlaws: Low Red Moon,Novel,2026-02-03 00:00:00,Star Wars Outlaws: Low Red Moon,movie,,movie,,,0.0,no_match
STARWARS.xlsx,CANON,2416,Jar Jar,Comic (Marvel),2026-02-11 00:00:00,Jar Jar,movie,1610924,movie,The Memory Jar,2026-01-08,0.573,review
STARWARS.xlsx,CANON,2417,Star Wars (2025),Comic (Marvel),2026-02-18 00:00:00,Star Wars (2025),movie,,movie,,,0.0,no_match
STARWARS.xlsx,CANON,2418,Galactic Tales: A Death in Elderblock 26-0640,Short Story (Insider),2026-02-24 00:00:00,Galactic Tales: A Death in Elderblock 26-0640,movie,,movie,,,0.0,no_match
STARWARS.xlsx,CANON,2419,"Jedi: Fallen Order, Vol 1.",Manga,2026-03-03 00:00:00,"Jedi: Fallen Order, Vol 1.",movie,,movie,,,0.0,no_match
STARWARS.xlsx,CANON,2420,Shadow of Maul,Comic (Marvel),2026-03-04 00:00:00,Shadow of Maul,movie,,movie,,,0.0,no_match
STARWARS.xlsx,CANON,2421,The Bad Batch: Rogue Agents,Comic (Dark Horse),2026-03-04 00:00:00,The Bad Batch: Rogue Agents,movie,,movie,,,0.0,no_match
STARWARS.xlsx,CANON,2422,Hyperspace Stories: Grievous,Graphic Novel,2026-03-17 00:00:00,Hyperspace Stories: Grievous,movie,,movie,,,0.0,no_match
STARWARS.xlsx,CANON,2423,The High Republic Adventures: Pathfinders,Comic (Dark Horse),2026-03-25 00:00:00,The High Republic Adventures: Pathfinders,movie,,movie,,,0.0,no_match
STARWARS.xlsx,CANON,2424,Chapter 1: The Dark Revenge,TV (Animated),2026-04-06 00:00:00,Chapter 1: The Dark Revenge,tv,,tv,,,0.0,no_match
STARWARS.xlsx,CANON,2425,Chapter 2: Sinister Schemes,TV (Animated),2026-04-06 00:00:00,Chapter 2: Sinister Schemes,tv,,tv,,,0.0,no_match
STARWARS.xlsx,CANON,2426,Shadow of Maul,Comic (Marvel),2026-04-08 00:00:00,Shadow of Maul,movie,,movie,,,0.0,no_match
STARWARS.xlsx,CANON,2427,Chapter 3: Whispers in the Unknown,TV (Animated),2026-04-13 00:00:00,Chapter 3: Whispers in the Unknown,tv,,tv,,,0.0,no_match
STARWARS.xlsx,CANON,2428,Chapter 4: Pride and Vengeance,TV (Animated),2026-04-13 00:00:00,Chapter 4: Pride and Vengeance,tv,,tv,,,0.0,no_match
STARWARS.xlsx,CANON,2429,Chapter 5: Inquisition,TV (Animated),2026-04-20 00:00:00,Chapter 5: Inquisition,tv,,tv,,,0.0,no_match
STARWARS.xlsx,CANON,2430,Chapter 6: Night of the Hunted,TV (Animated),2026-04-20 00:00:00,Chapter 6: Night of the Hunted,tv,,tv,,,0.0,no_match
STARWARS.xlsx,CANON,2431,Galaxy's Edge: Echoes of the Empire,Comic (Marvel),2026-04-22 00:00:00,Galaxy's Edge: Echoes of the Empire,movie,,movie,,,0.0,no_match
STARWARS.xlsx,CANON,2432,Chapter 7: Call to the Oblivion,TV (Animated),2026-04-27 00:00:00,Chapter 7: Call to the Oblivion,tv,,tv,,,0.0,no_match
STARWARS.xlsx,CANON,2433,Chapter 8: The Creeping Fear,TV (Animated),2026-04-27 00:00:00,Chapter 8: The Creeping Fear,tv,,tv,,,0.0,no_match
STARWARS.xlsx,CANON,2434,Terror on Mustafar,Audio Drama (Junior),2026-04-30 00:00:00,Terror on Mustafar,movie,,movie,,,0.0,no_match
STARWARS.xlsx,CANON,2435,Chapter 9: Strange Allies,TV (Animated),2026-05-04 00:00:00,Chapter 9: Strange Allies,tv,,tv,,,0.0,no_match
STARWARS.xlsx,CANON,2436,Chapter 10: The Dark Lord,TV (Animated),2026-05-04 00:00:00,Chapter 10: The Dark Lord,tv,,tv,,,0.0,no_match
STARWARS.xlsx,CANON,2437,"Jedi: Fallen Order, Vol 2.",Manga,2026-05-05 00:00:00,"Jedi: Fallen Order, Vol 2.",movie,,movie,,,0.0,no_match
STARWARS.xlsx,CANON,2438,Rogue One - Cassian Andor,Comic (Marvel),2026-05-06 00:00:00,Rogue One - Cassian Andor,movie,,movie,,,0.0,no_match
STARWARS.xlsx,CANON,2439,The Bad Batch: Rogue Agents,Comic (Dark Horse),2026-05-06 00:00:00,The Bad Batch: Rogue Agents,movie,,movie,,,0.0,no_match
STARWARS.xlsx,CANON,2440,Shadow of Maul,Comic (Marvel),2026-05-13 00:00:00,Shadow of Maul,movie,,movie,,,0.0,no_match
STARWARS.xlsx,CANON,2441,The Mandalorian and Grogu,Film,2026-05-22 00:00:00,The Mandalorian and Grogu,movie,1228710,movie,The Mandalorian and Grogu,2026-05-20,0.9741,matched
STARWARS.xlsx,CANON,2442,The High Republic Adventures: Pathfinders,Comic (Dark Horse),2026-05-27 00:00:00,The High Republic Adventures: Pathfinders,movie,,movie,,,0.0,no_match
STARWARS.xlsx,CANON,2443,Galaxy's Edge: Echoes of the Empire,Comic (Marvel),2026-05-27 00:00:00,Galaxy's Edge: Echoes of the Empire,movie,,movie,,,0.0,no_match
STARWARS.xlsx,CANON,2444,Rogue One - Jyn Erso,Comic (Marvel),2026-06-03 00:00:00,Rogue One - Jyn Erso,movie,,movie,,,0.0,no_match
STARWARS.xlsx,CANON,2445,The Bad Batch: Rogue Agents,Comic (Dark Horse),2026-06-03 00:00:00,The Bad Batch: Rogue Agents,movie,,movie,,,0.0,no_match
STARWARS.xlsx,CANON,2446,Shadow of Maul,Comic (Marvel),2026-06-10 00:00:00,Shadow of Maul,movie,,movie,,,0.0,no_match
STARWARS.xlsx,CANON,2447,The High Republic Adventures: Pathfinders,Comic (Dark Horse),2026-06-17 00:00:00,The High Republic Adventures: Pathfinders,movie,,movie,,,0.0,no_match
STARWARS.xlsx,CANON,2448,Galaxy's Edge: Echoes of the Empire,Comic (Marvel),2026-06-24 00:00:00,Galaxy's Edge: Echoes of the Empire,movie,,movie,,,0.0,no_match
STARWARS.xlsx,CANON,2449,Rogue One - Saw Gerrera,Comic (Marvel),2026-07-01 00:00:00,Rogue One - Saw Gerrera,movie,,movie,,,0.0,no_match
STARWARS.xlsx,CANON,2450,Shadow of Maul,Comic (Marvel),2026-07-08 00:00:00,Shadow of Maul,movie,,movie,,,0.0,no_match
STARWARS.xlsx,CANON,2451,Galaxy's Edge: Echoes of the Empire,Comic (Marvel),2026-07-15 00:00:00,Galaxy's Edge: Echoes of the Empire,movie,,movie,,,0.0,no_match
STARWARS.xlsx,CANON,2452,Eyes Like Stars,Novel (Young Adult),2026-07-21 00:00:00,Eyes Like Stars,movie,,movie,,,0.0,no_match
STARWARS.xlsx,CANON,2453,Legacy,Novel,2026-07-28 00:00:00,Legacy,movie,1637532,movie,Legacy,2025-10-08,0.912,matched
STARWARS.xlsx,CANON,2454,The High Republic Adventures: Pathfinders,Comic (Dark Horse),2026-08-19 00:00:00,The High Republic Adventures: Pathfinders,movie,,movie,,,0.0,no_match
STARWARS.xlsx,CANON,2455,Galaxy's Edge: Echoes of the Empire,Comic (Marvel),2026-08-19 00:00:00,Galaxy's Edge: Echoes of the Empire,movie,,movie,,,0.0,no_match
STARWARS.xlsx,CANON,2456,Star Wars: Zero Company,Video Game,2026-08-27 00:00:00,Star Wars: Zero Company,movie,,movie,,,0.0,no_match
STARWARS.xlsx,CANON,2457,Hiding from the Dark,Novel (Middle-Grade),2026-09-01 00:00:00,Hiding from the Dark,movie,,movie,,,0.0,no_match
STARWARS.xlsx,CANON,2458,The High Republic Adventures: Pathfinders,Comic (Dark Horse),2026-09-09 00:00:00,The High Republic Adventures: Pathfinders,movie,,movie,,,0.0,no_match
STARWARS.xlsx,CANON,2459,Reign of the Empire: Edge of the Abyss,Novel,2026-09-15 00:00:00,Reign of the Empire: Edge of the Abyss,movie,,movie,,,0.0,no_match
STARWARS.xlsx,CANON,2460,Smugglers and Scoundrels: The Race for Jabba's Bounty,Graphic Novel,2026-10-06 00:00:00,Smugglers and Scoundrels: The Race for Jabba's Bounty,movie,,movie,,,0.0,no_match
STARWARS.xlsx,CANON,2461,Star Wars: Galactic Racer,Video Game,2026-10-06 00:00:00,Star Wars: Galactic Racer,movie,,movie,,,0.0,no_match
STARWARS.xlsx,CANON,2462,Tales from the Outer Rim: The Legend of Beggar's Canyon,Graphic Novel,2026-10-13 00:00:00,Tales from the Outer Rim: The Legend of Beggar's Canyon,movie,,movie,,,0.0,no_match
STARWARS.xlsx,CANON,2463,Hyperspace Stories: Mace,Graphic Novel,2026-10-20 00:00:00,Hyperspace Stories: Mace,movie,,movie,,,0.0,no_match
STARWARS.xlsx,CANON,2464,The High Republic Adventures: Pathfinders,Comic (Dark Horse),2026-10-21 00:00:00,The High Republic Adventures: Pathfinders,movie,,movie,,,0.0,no_match
STARWARS.xlsx,CANON,2465,The Mandalorian and Grogu Junior Novelization,Novel (Middle-Grade),2027-02-23 00:00:00,The Mandalorian and Grogu Junior Novelization,movie,,movie,,,0.0,no_match
STARWARS.xlsx,CANON,2466,Star Wars: Starfighter,Film,2027-05-27 00:00:00,Star Wars: Starfighter,movie,1417668,movie,Star Wars: Starfighter,2027-05-26,0.9506,matched
STARWARS.xlsx,CANON,2467,Reign of the Empire: From the Ashes,Novel,2027-??-??,Reign of the Empire: From the Ashes,movie,,movie,,,0.0,no_match
STARWARS.xlsx,CANON,2468,Untitled Star Wars Film (James Mangold),Film,????-??-??,Untitled Star Wars Film (James Mangold),movie,,movie,,,0.0,no_match
STARWARS.xlsx,CANON,2469,Rogue One - Chirrut & Baze,Comic (Marvel),2026-08-XX,Rogue One - Chirrut & Baze,movie,,movie,,,0.0,no_match
STARWARS.xlsx,CANON,2470,Rogue One - Darth Vader,Comic (Marvel),2026-09-XX,Rogue One - Darth Vader,movie,,movie,,,0.0,no_match
STARWARS.xlsx,LEGENDS,2,Dawn of the Jedi: Into the Void,Novel,2013-05-07 00:00:00,Dawn of the Jedi: Into the Void,movie,,movie,,,0.0,no_match
STARWARS.xlsx,LEGENDS,3,Dawn of the Jedi: Force Storm,Comic (Dark Horse),2012-02-15 00:00:00,Dawn of the Jedi: Force Storm,movie,,movie,,,0.0,no_match
STARWARS.xlsx,LEGENDS,4,Dawn of the Jedi: Force Storm,Comic (Dark Horse),2012-03-21 00:00:00,Dawn of the Jedi: Force Storm,movie,,movie,,,0.0,no_match
STARWARS.xlsx,LEGENDS,5,Dawn of the Jedi: Force Storm,Comic (Dark Horse),2012-04-18 00:00:00,Dawn of the Jedi: Force Storm,movie,,movie,,,0.0,no_match
STARWARS.xlsx,LEGENDS,6,Dawn of the Jedi: Force Storm,Comic (Dark Horse),2012-05-16 00:00:00,Dawn of the Jedi: Force Storm,movie,,movie,,,0.0,no_match
STARWARS.xlsx,LEGENDS,7,Dawn of the Jedi: Force Storm,Comic (Dark Horse),2012-06-20 00:00:00,Dawn of the Jedi: Force Storm,movie,,movie,,,0.0,no_match
STARWARS.xlsx,LEGENDS,8,Dawn of the Jedi: The Prisoner of Bogan,Comic (Dark Horse),2012-11-28 00:00:00,Dawn of the Jedi: The Prisoner of Bogan,movie,,movie,,,0.0,no_match
STARWARS.xlsx,LEGENDS,9,Dawn of the Jedi: The Prisoner of Bogan,Comic (Dark Horse),2012-12-19 00:00:00,Dawn of the Jedi: The Prisoner of Bogan,movie,,movie,,,0.0,no_match
STARWARS.xlsx,LEGENDS,10,Dawn of the Jedi: The Prisoner of Bogan,Comic (Dark Horse),2013-02-27 00:00:00,Dawn of the Jedi: The Prisoner of Bogan,movie,,movie,,,0.0,no_match
STARWARS.xlsx,LEGENDS,11,Dawn of the Jedi: The Prisoner of Bogan,Comic (Dark Horse),2013-03-27 00:00:00,Dawn of the Jedi: The Prisoner of Bogan,movie,,movie,,,0.0,no_match
STARWARS.xlsx,LEGENDS,12,Dawn of the Jedi: The Prisoner of Bogan,Comic (Dark Horse),2013-05-22 00:00:00,Dawn of the Jedi: The Prisoner of Bogan,movie,,movie,,,0.0,no_match
STARWARS.xlsx,LEGENDS,13,Dawn of the Jedi: Force War,Comic (Dark Horse),2013-11-20 00:00:00,Dawn of the Jedi: Force War,movie,,movie,,,0.0,no_match
STARWARS.xlsx,LEGENDS,14,Dawn of the Jedi: Force War,Comic (Dark Horse),2013-12-18 00:00:00,Dawn of the Jedi: Force War,movie,,movie,,,0.0,no_match
STARWARS.xlsx,LEGENDS,15,Dawn of the Jedi: Force War,Comic (Dark Horse),2014-01-15 00:00:00,Dawn of the Jedi: Force War,movie,,movie,,,0.0,no_match
STARWARS.xlsx,LEGENDS,16,Dawn of the Jedi: Force War,Comic (Dark Horse),2014-02-19 00:00:00,Dawn of the Jedi: Force War,movie,,movie,,,0.0,no_match
STARWARS.xlsx,LEGENDS,17,Dawn of the Jedi: Force War,Comic (Dark Horse),2014-03-19 00:00:00,Dawn of the Jedi: Force War,movie,,movie,,,0.0,no_match
STARWARS.xlsx,LEGENDS,18,Tales of the Jedi – The Golden Age of the Sith,Comic (Dark Horse),1996-07-31 00:00:00,Tales of the Jedi – The Golden Age of the Sith,movie,,movie,,,0.0,no_match
STARWARS.xlsx,LEGENDS,19,Tales of the Jedi – The Golden Age of the Sith,Comic (Dark Horse),1996-10-09 00:00:00,Tales of the Jedi – The Golden Age of the Sith,movie,,movie,,,0.0,no_match
STARWARS.xlsx,LEGENDS,20,Tales of the Jedi – The Golden Age of the Sith,Comic (Dark Horse),1996-11-13 00:00:00,Tales of the Jedi – The Golden Age of the Sith,movie,,movie,,,0.0,no_match
STARWARS.xlsx,LEGENDS,21,Tales of the Jedi – The Golden Age of the Sith,Comic (Dark Horse),1996-12-11 00:00:00,Tales of the Jedi – The Golden Age of the Sith,movie,,movie,,,0.0,no_match
STARWARS.xlsx,LEGENDS,22,Tales of the Jedi – The Golden Age of the Sith,Comic (Dark Horse),1997-01-08 00:00:00,Tales of the Jedi – The Golden Age of the Sith,movie,,movie,,,0.0,no_match
STARWARS.xlsx,LEGENDS,23,Tales of the Jedi – The Golden Age of the Sith,Comic (Dark Horse),1997-02-12 00:00:00,Tales of the Jedi – The Golden Age of the Sith,movie,,movie,,,0.0,no_match
STARWARS.xlsx,LEGENDS,24,Tales of the Jedi – The Fall of the Sith Empire,Comic (Dark Horse),1997-06-18 00:00:00,Tales of the Jedi – The Fall of the Sith Empire,movie,,movie,,,0.0,no_match
STARWARS.xlsx,LEGENDS,25,Tales of the Jedi – The Fall of the Sith Empire,Comic (Dark Horse),1997-07-23 00:00:00,Tales of the Jedi – The Fall of the Sith Empire,movie,,movie,,,0.0,no_match
STARWARS.xlsx,LEGENDS,26,Tales of the Jedi – The Fall of the Sith Empire,Comic (Dark Horse),1997-08-20 00:00:00,Tales of the Jedi – The Fall of the Sith Empire,movie,,movie,,,0.0,no_match
STARWARS.xlsx,LEGENDS,27,Tales of the Jedi – The Fall of the Sith Empire,Comic (Dark Horse),1997-09-17 00:00:00,Tales of the Jedi – The Fall of the Sith Empire,movie,,movie,,,0.0,no_match
STARWARS.xlsx,LEGENDS,28,Tales of the Jedi – The Fall of the Sith Empire,Comic (Dark Horse),1997-10-22 00:00:00,Tales of the Jedi – The Fall of the Sith Empire,movie,,movie,,,0.0,no_match
STARWARS.xlsx,LEGENDS,29,Tales of the Jedi,Comic (Dark Horse),1993-10-19 00:00:00,Tales of the Jedi,movie,,movie,,,0.0,no_match
STARWARS.xlsx,LEGENDS,30,Tales of the Jedi,Comic (Dark Horse),1993-11-16 00:00:00,Tales of the Jedi,movie,,movie,,,0.0,no_match
STARWARS.xlsx,LEGENDS,31,Tales of the Jedi,Comic (Dark Horse),1993-12-21 00:00:00,Tales of the Jedi,movie,,movie,,,0.0,no_match
STARWARS.xlsx,LEGENDS,32,Tales of the Jedi,Comic (Dark Horse),1994-01-18 00:00:00,Tales of the Jedi,movie,,movie,,,0.0,no_match
STARWARS.xlsx,LEGENDS,33,Tales of the Jedi,Comic (Dark Horse),1994-02-15 00:00:00,Tales of the Jedi,movie,,movie,,,0.0,no_match
STARWARS.xlsx,LEGENDS,34,Tales of the Jedi – The Freedon Nadd Uprising,Comic (Dark Horse),1994-08-02 00:00:00,Tales of the Jedi – The Freedon Nadd Uprising,movie,,movie,,,0.0,no_match
STARWARS.xlsx,LEGENDS,35,Tales of the Jedi – The Freedon Nadd Uprising,Comic (Dark Horse),1994-09-06 00:00:00,Tales of the Jedi – The Freedon Nadd Uprising,movie,,movie,,,0.0,no_match
STARWARS.xlsx,LEGENDS,36,Tales of the Jedi – Dark Lords of the Sith,Comic (Dark Horse),1994-10-04 00:00:00,Tales of the Jedi – Dark Lords of the Sith,movie,,movie,,,0.0,no_match
STARWARS.xlsx,LEGENDS,37,Tales of the Jedi – Dark Lords of the Sith,Comic (Dark Horse),1994-11-08 00:00:00,Tales of the Jedi – Dark Lords of the Sith,movie,,movie,,,0.0,no_match
STARWARS.xlsx,LEGENDS,38,Tales of the Jedi – Dark Lords of the Sith,Comic (Dark Horse),1994-12-13 00:00:00,Tales of the Jedi – Dark Lords of the Sith,movie,,movie,,,0.0,no_match
STARWARS.xlsx,LEGENDS,39,Tales of the Jedi – Dark Lords of the Sith,Comic (Dark Horse),1995-01-10 00:00:00,Tales of the Jedi – Dark Lords of the Sith,movie,,movie,,,0.0,no_match
STARWARS.xlsx,LEGENDS,40,Tales of the Jedi – Dark Lords of the Sith,Comic (Dark Horse),1995-02-14 00:00:00,Tales of the Jedi – Dark Lords of the Sith,movie,,movie,,,0.0,no_match
STARWARS.xlsx,LEGENDS,41,Tales of the Jedi – Dark Lords of the Sith,Comic (Dark Horse),1995-03-14 00:00:00,Tales of the Jedi – Dark Lords of the Sith,movie,,movie,,,0.0,no_match
STARWARS.xlsx,LEGENDS,42,Tales of the Jedi – The Sith War,Comic (Dark Horse),1995-08-15 00:00:00,Tales of the Jedi – The Sith War,movie,,movie,,,0.0,no_match
STARWARS.xlsx,LEGENDS,43,Tales of the Jedi – The Sith War,Comic (Dark Horse),1995-09-19 00:00:00,Tales of the Jedi – The Sith War,movie,,movie,,,0.0,no_match
STARWARS.xlsx,LEGENDS,44,Tales of the Jedi – The Sith War,Comic (Dark Horse),1995-10-17 00:00:00,Tales of the Jedi – The Sith War,movie,,movie,,,0.0,no_match
STARWARS.xlsx,LEGENDS,45,Tales of the Jedi – The Sith War,Comic (Dark Horse),1995-11-01 00:00:00,Tales of the Jedi – The Sith War,movie,,movie,,,0.0,no_match
STARWARS.xlsx,LEGENDS,46,Tales of the Jedi – The Sith War,Comic (Dark Horse),1995-12-09 00:00:00,Tales of the Jedi – The Sith War,movie,,movie,,,0.0,no_match
STARWARS.xlsx,LEGENDS,47,Tales of the Jedi – The Sith War,Comic (Dark Horse),1996-01-01 00:00:00,Tales of the Jedi – The Sith War,movie,,movie,,,0.0,no_match
STARWARS.xlsx,LEGENDS,48,Tales of the Jedi – Redemption,Comic (Dark Horse),1998-07-22 00:00:00,Tales of the Jedi – Redemption,movie,,movie,,,0.0,no_match
STARWARS.xlsx,LEGENDS,49,Tales of the Jedi – Redemption,Comic (Dark Horse),1998-08-26 00:00:00,Tales of the Jedi – Redemption,movie,,movie,,,0.0,no_match
STARWARS.xlsx,LEGENDS,50,Tales of the Jedi – Redemption,Comic (Dark Horse),1998-09-23 00:00:00,Tales of the Jedi – Redemption,movie,,movie,,,0.0,no_match
STARWARS.xlsx,LEGENDS,51,Tales of the Jedi – Redemption,Comic (Dark Horse),1998-10-28 00:00:00,Tales of the Jedi – Redemption,movie,,movie,,,0.0,no_match
STARWARS.xlsx,LEGENDS,52,Tales of the Jedi – Redemption,Comic (Dark Horse),1998-11-25 00:00:00,Tales of the Jedi – Redemption,movie,,movie,,,0.0,no_match
STARWARS.xlsx,LEGENDS,53,Knights of the Old Republic,Comic (Dark Horse),2006-03-01 00:00:00,Knights of the Old Republic,movie,,movie,,,0.0,no_match
STARWARS.xlsx,LEGENDS,54,Knights of the Old Republic,Comic (Dark Horse),2006-01-25 00:00:00,Knights of the Old Republic,movie,,movie,,,0.0,no_match
STARWARS.xlsx,LEGENDS,55,Knights of the Old Republic,Comic (Dark Horse),2006-02-22 00:00:00,Knights of the Old Republic,movie,,movie,,,0.0,no_match
STARWARS.xlsx,LEGENDS,56,Knights of the Old Republic,Comic (Dark Horse),2006-03-29 00:00:00,Knights of the Old Republic,movie,,movie,,,0.0,no_match
STARWARS.xlsx,LEGENDS,57,Knights of the Old Republic,Comic (Dark Horse),2006-04-26 00:00:00,Knights of the Old Republic,movie,,movie,,,0.0,no_match
STARWARS.xlsx,LEGENDS,58,Knights of the Old Republic,Comic (Dark Horse),2006-05-31 00:00:00,Knights of the Old Republic,movie,,movie,,,0.0,no_match
STARWARS.xlsx,LEGENDS,59,Knights of the Old Republic,Comic (Dark Horse),2006-06-28 00:00:00,Knights of the Old Republic,movie,,movie,,,0.0,no_match
STARWARS.xlsx,LEGENDS,60,Knights of the Old Republic,Comic (Dark Horse),2006-07-26 00:00:00,Knights of the Old Republic,movie,,movie,,,0.0,no_match
STARWARS.xlsx,LEGENDS,61,Knights of the Old Republic,Comic (Dark Horse),2006-09-20 00:00:00,Knights of the Old Republic,movie,,movie,,,0.0,no_match
STARWARS.xlsx,LEGENDS,62,Knights of the Old Republic,Comic (Dark Horse),2006-10-25 00:00:00,Knights of the Old Republic,movie,,movie,,,0.0,no_match
STARWARS.xlsx,LEGENDS,63,Knights of the Old Republic,Comic (Dark Horse),2006-11-22 00:00:00,Knights of the Old Republic,movie,,movie,,,0.0,no_match
STARWARS.xlsx,LEGENDS,64,Knights of the Old Republic,Comic (Dark Horse),2006-12-27 00:00:00,Knights of the Old Republic,movie,,movie,,,0.0,no_match
STARWARS.xlsx,LEGENDS,65,Knights of the Old Republic,Comic (Dark Horse),2007-01-10 00:00:00,Knights of the Old Republic,movie,,movie,,,0.0,no_match
STARWARS.xlsx,LEGENDS,66,Knights of the Old Republic,Comic (Dark Horse),2007-01-31 00:00:00,Knights of the Old Republic,movie,,movie,,,0.0,no_match
STARWARS.xlsx,LEGENDS,67,Knights of the Old Republic,Comic (Dark Horse),2007-02-28 00:00:00,Knights of the Old Republic,movie,,movie,,,0.0,no_match
STARWARS.xlsx,LEGENDS,68,Knights of the Old Republic,Comic (Dark Horse),2007-04-04 00:00:00,Knights of the Old Republic,movie,,movie,,,0.0,no_match
STARWARS.xlsx,LEGENDS,69,Knights of the Old Republic,Comic (Dark Horse),2007-05-02 00:00:00,Knights of the Old Republic,movie,,movie,,,0.0,no_match
STARWARS.xlsx,LEGENDS,70,Knights of the Old Republic,Comic (Dark Horse),2007-05-30 00:00:00,Knights of the Old Republic,movie,,movie,,,0.0,no_match
STARWARS.xlsx,LEGENDS,71,Knights of the Old Republic,Comic (Dark Horse),2007-07-25 00:00:00,Knights of the Old Republic,movie,,movie,,,0.0,no_match
STARWARS.xlsx,LEGENDS,72,Knights of the Old Republic,Comic (Dark Horse),2007-08-22 00:00:00,Knights of the Old Republic,movie,,movie,,,0.0,no_match
STARWARS.xlsx,LEGENDS,73,Knights of the Old Republic,Comic (Dark Horse),2007-09-19 00:00:00,Knights of the Old Republic,movie,,movie,,,0.0,no_match
STARWARS.xlsx,LEGENDS,74,Knights of the Old Republic,Comic (Dark Horse),2007-10-24 00:00:00,Knights of the Old Republic,movie,,movie,,,0.0,no_match
STARWARS.xlsx,LEGENDS,75,Knights of the Old Republic,Comic (Dark Horse),2007-11-07 00:00:00,Knights of the Old Republic,movie,,movie,,,0.0,no_match
STARWARS.xlsx,LEGENDS,76,Knights of the Old Republic,Comic (Dark Horse),2007-11-28 00:00:00,Knights of the Old Republic,movie,,movie,,,0.0,no_match
STARWARS.xlsx,LEGENDS,77,Knights of the Old Republic,Comic (Dark Horse),2007-12-26 00:00:00,Knights of the Old Republic,movie,,movie,,,0.0,no_match
STARWARS.xlsx,LEGENDS,78,Knights of the Old Republic,Comic (Dark Horse),2008-01-30 00:00:00,Knights of the Old Republic,movie,,movie,,,0.0,no_match
STARWARS.xlsx,LEGENDS,79,Knights of the Old Republic,Comic (Dark Horse),2008-03-26 00:00:00,Knights of the Old Republic,movie,,movie,,,0.0,no_match
STARWARS.xlsx,LEGENDS,80,Knights of the Old Republic,Comic (Dark Horse),2008-04-23 00:00:00,Knights of the Old Republic,movie,,movie,,,0.0,no_match
STARWARS.xlsx,LEGENDS,81,Knights of the Old Republic,Comic (Dark Horse),2008-05-14 00:00:00,Knights of the Old Republic,movie,,movie,,,0.0,no_match
STARWARS.xlsx,LEGENDS,82,Knights of the Old Republic,Comic (Dark Horse),2008-05-29 00:00:00,Knights of the Old Republic,movie,,movie,,,0.0,no_match
STARWARS.xlsx,LEGENDS,83,Knights of the Old Republic,Comic (Dark Horse),2008-06-18 00:00:00,Knights of the Old Republic,movie,,movie,,,0.0,no_match
STARWARS.xlsx,LEGENDS,84,Knights of the Old Republic,Comic (Dark Horse),2008-07-23 00:00:00,Knights of the Old Republic,movie,,movie,,,0.0,no_match
STARWARS.xlsx,LEGENDS,85,Knights of the Old Republic,Comic (Dark Horse),2008-08-20 00:00:00,Knights of the Old Republic,movie,,movie,,,0.0,no_match
STARWARS.xlsx,LEGENDS,86,Knights of the Old Republic,Comic (Dark Horse),2008-09-17 00:00:00,Knights of the Old Republic,movie,,movie,,,0.0,no_match
STARWARS.xlsx,LEGENDS,87,Knights of the Old Republic,Comic (Dark Horse),2008-10-22 00:00:00,Knights of the Old Republic,movie,,movie,,,0.0,no_match
STARWARS.xlsx,LEGENDS,88,Knights of the Old Republic,Comic (Dark Horse),2008-11-19 00:00:00,Knights of the Old Republic,movie,,movie,,,0.0,no_match
STARWARS.xlsx,LEGENDS,89,Knights of the Old Republic,Comic (Dark Horse),2008-12-24 00:00:00,Knights of the Old Republic,movie,,movie,,,0.0,no_match
STARWARS.xlsx,LEGENDS,90,Knights of the Old Republic,Comic (Dark Horse),2009-01-21 00:00:00,Knights of the Old Republic,movie,,movie,,,0.0,no_match
STARWARS.xlsx,LEGENDS,91,Knights of the Old Republic,Comic (Dark Horse),2009-02-18 00:00:00,Knights of the Old Republic,movie,,movie,,,0.0,no_match
STARWARS.xlsx,LEGENDS,92,Knights of the Old Republic,Comic (Dark Horse),2009-03-18 00:00:00,Knights of the Old Republic,movie,,movie,,,0.0,no_match
STARWARS.xlsx,LEGENDS,93,Knights of the Old Republic,Comic (Dark Horse),2009-04-22 00:00:00,Knights of the Old Republic,movie,,movie,,,0.0,no_match
STARWARS.xlsx,LEGENDS,94,Knights of the Old Republic,Comic (Dark Horse),2009-05-20 00:00:00,Knights of the Old Republic,movie,,movie,,,0.0,no_match
STARWARS.xlsx,LEGENDS,95,Knights of the Old Republic,Comic (Dark Horse),2009-06-17 00:00:00,Knights of the Old Republic,movie,,movie,,,0.0,no_match
STARWARS.xlsx,LEGENDS,96,Knights of the Old Republic,Comic (Dark Horse),2009-07-15 00:00:00,Knights of the Old Republic,movie,,movie,,,0.0,no_match
STARWARS.xlsx,LEGENDS,97,Knights of the Old Republic,Comic (Dark Horse),2009-08-19 00:00:00,Knights of the Old Republic,movie,,movie,,,0.0,no_match
STARWARS.xlsx,LEGENDS,98,Knights of the Old Republic,Comic (Dark Horse),2009-09-16 00:00:00,Knights of the Old Republic,movie,,movie,,,0.0,no_match
STARWARS.xlsx,LEGENDS,99,Knights of the Old Republic,Comic (Dark Horse),2009-10-21 00:00:00,Knights of the Old Republic,movie,,movie,,,0.0,no_match
STARWARS.xlsx,LEGENDS,100,Knights of the Old Republic,Comic (Dark Horse),2009-11-18 00:00:00,Knights of the Old Republic,movie,,movie,,,0.0,no_match
STARWARS.xlsx,LEGENDS,101,Knights of the Old Republic,Comic (Dark Horse),2009-12-23 00:00:00,Knights of the Old Republic,movie,,movie,,,0.0,no_match
STARWARS.xlsx,LEGENDS,102,Knights of the Old Republic,Comic (Dark Horse),2010-01-20 00:00:00,Knights of the Old Republic,movie,,movie,,,0.0,no_match
STARWARS.xlsx,LEGENDS,103,Knights of the Old Republic,Comic (Dark Horse),2010-02-17 00:00:00,Knights of the Old Republic,movie,,movie,,,0.0,no_match
STARWARS.xlsx,LEGENDS,104,Knights of the Old Republic: War,Comic (Dark Horse),2012-01-11 00:00:00,Knights of the Old Republic: War,movie,,movie,,,0.0,no_match
STARWARS.xlsx,LEGENDS,105,Knights of the Old Republic: War,Comic (Dark Horse),2012-02-08 00:00:00,Knights of the Old Republic: War,movie,,movie,,,0.0,no_match
STARWARS.xlsx,LEGENDS,106,Knights of the Old Republic: War,Comic (Dark Horse),2012-03-14 00:00:00,Knights of the Old Republic: War,movie,,movie,,,0.0,no_match
STARWARS.xlsx,LEGENDS,107,Knights of the Old Republic: War,Comic (Dark Horse),2012-04-11 00:00:00,Knights of the Old Republic: War,movie,,movie,,,0.0,no_match
STARWARS.xlsx,LEGENDS,108,Knights of the Old Republic: War,Comic (Dark Horse),2012-05-09 00:00:00,Knights of the Old Republic: War,movie,,movie,,,0.0,no_match
STARWARS.xlsx,LEGENDS,109,Knights of the Old Republic,Video Game,2003-07-15 00:00:00,Knights of the Old Republic,movie,,movie,,,0.0,no_match
STARWARS.xlsx,LEGENDS,110,The Old Republic: Revan,Novel,2011-11-15 00:00:00,The Old Republic: Revan,movie,,movie,,,0.0,no_match
STARWARS.xlsx,LEGENDS,111,Knights of the Old Republic II: The Sith Lords,Video Game,2004-12-06 00:00:00,Knights of the Old Republic II: The Sith Lords,movie,,movie,,,0.0,no_match
STARWARS.xlsx,LEGENDS,112,Shades of the Sith,Comic (Dark Horse),2010-04-23 00:00:00,Shades of the Sith,movie,,movie,,,0.0,no_match
STARWARS.xlsx,LEGENDS,113,The Broken World,Comic (Dark Horse),2010-06-18 00:00:00,The Broken World,movie,,movie,,,0.0,no_match
STARWARS.xlsx,LEGENDS,114,Burn the Future,Comic (Dark Horse),2010-08-13 00:00:00,Burn the Future,movie,,movie,,,0.0,no_match
STARWARS.xlsx,LEGENDS,115,Treaty of Coruscant,Comic (Dark Horse),2009-02-27 00:00:00,Treaty of Coruscant,movie,,movie,,,0.0,no_match
STARWARS.xlsx,LEGENDS,116,The Old Republic: Deceived,Novel,2011-03-22 00:00:00,The Old Republic: Deceived,movie,,movie,,,0.0,no_match
STARWARS.xlsx,LEGENDS,117,New Galactic Order,Comic (Dark Horse),2009-07-03 00:00:00,New Galactic Order,movie,,movie,,,0.0,no_match
STARWARS.xlsx,LEGENDS,118,Uncertain Surrender,Comic (Dark Horse),2009-11-06 00:00:00,Uncertain Surrender,movie,,movie,,,0.0,no_match
STARWARS.xlsx,LEGENDS,119,Red Harvest,Novel,2010-12-28 00:00:00,Red Harvest,movie,,movie,,,0.0,no_match
STARWARS.xlsx,LEGENDS,120,The Old Republic: Fatal Alliance,Novel,2010-07-20 00:00:00,The Old Republic: Fatal Alliance,movie,,movie,,,0.0,no_match
STARWARS.xlsx,LEGENDS,121,Star Wars: The Old Republic,Video Game,2011-12-13 00:00:00,Star Wars: The Old Republic,movie,,movie,,,0.0,no_match
STARWARS.xlsx,LEGENDS,122,The Old Republic — The Lost Suns,Comic (Dark Horse),2011-06-08 00:00:00,The Old Republic — The Lost Suns,movie,,movie,,,0.0,no_match
STARWARS.xlsx,LEGENDS,123,The Old Republic — The Lost Suns,Comic (Dark Horse),2011-07-20 00:00:00,The Old Republic — The Lost Suns,movie,,movie,,,0.0,no_match
STARWARS.xlsx,LEGENDS,124,The Old Republic — The Lost Suns,Comic (Dark Horse),2011-08-10 00:00:00,The Old Republic — The Lost Suns,movie,,movie,,,0.0,no_match
STARWARS.xlsx,LEGENDS,125,The Old Republic — The Lost Suns,Comic (Dark Horse),2011-09-14 00:00:00,The Old Republic — The Lost Suns,movie,,movie,,,0.0,no_match
STARWARS.xlsx,LEGENDS,126,The Old Republic — The Lost Suns,Comic (Dark Horse),2011-10-12 00:00:00,The Old Republic — The Lost Suns,movie,,movie,,,0.0,no_match
STARWARS.xlsx,LEGENDS,127,The Old Republic: Annihilation,Novel,2012-11-13 00:00:00,The Old Republic: Annihilation,movie,,movie,,,0.0,no_match
STARWARS.xlsx,LEGENDS,128,Star Wars: The Old Republic: Rise of the Hutt Cartel,Video Game,2013-04-09 00:00:00,Star Wars: The Old Republic: Rise of the Hutt Cartel,movie,,movie,,,0.0,no_match
STARWARS.xlsx,LEGENDS,129,Star Wars: The Old Republic: Galactic Starfighter,Video Game,2013-12-03 00:00:00,Star Wars: The Old Republic: Galactic Starfighter,movie,,movie,,,0.0,no_match
STARWARS.xlsx,LEGENDS,130,Star Wars: The Old Republic: Galactic Strongholds,Video Game,2014-08-19 00:00:00,Star Wars: The Old Republic: Galactic Strongholds,movie,,movie,,,0.0,no_match
STARWARS.xlsx,LEGENDS,131,Star Wars: The Old Republic: Shadow of Revan,Video Game,2014-12-02 00:00:00,Star Wars: The Old Republic: Shadow of Revan,movie,,movie,,,0.0,no_match
STARWARS.xlsx,LEGENDS,132,Star Wars: The Old Republic: Knights of the Fallen Empire,Video Game,2015-10-20 00:00:00,Star Wars: The Old Republic: Knights of the Fallen Empire,movie,,movie,,,0.0,no_match
STARWARS.xlsx,LEGENDS,133,Star Wars: The Old Republic: Knights of the Eternal Throne,Video Game,2016-12-02 00:00:00,Star Wars: The Old Republic: Knights of the Eternal Throne,movie,,movie,,,0.0,no_match
STARWARS.xlsx,LEGENDS,134,Star Wars: The Old Republic: Onslaught,Video Game,2019-10-22 00:00:00,Star Wars: The Old Republic: Onslaught,movie,,movie,,,0.0,no_match
STARWARS.xlsx,LEGENDS,135,Star Wars: The Old Republic: Legacy of the Sith,Video Game,2022-02-15 00:00:00,Star Wars: The Old Republic: Legacy of the Sith,movie,,movie,,,0.0,no_match
STARWARS.xlsx,LEGENDS,136,Star Wars: Galactic Battlegrounds,Video Game,2001-11-11 00:00:00,Star Wars: Galactic Battlegrounds,movie,,movie,,,0.0,no_match
STARWARS.xlsx,LEGENDS,137,Lost Tribe of the Sith — Spiral,Comic (Dark Horse),2012-08-08 00:00:00,Lost Tribe of the Sith — Spiral,movie,,movie,,,0.0,no_match
STARWARS.xlsx,LEGENDS,138,Lost Tribe of the Sith — Spiral,Comic (Dark Horse),2012-09-12 00:00:00,Lost Tribe of the Sith — Spiral,movie,,movie,,,0.0,no_match
STARWARS.xlsx,LEGENDS,139,Lost Tribe of the Sith — Spiral,Comic (Dark Horse),2012-10-10 00:00:00,Lost Tribe of the Sith — Spiral,movie,,movie,,,0.0,no_match
STARWARS.xlsx,LEGENDS,140,Lost Tribe of the Sith — Spiral,Comic (Dark Horse),2012-11-14 00:00:00,Lost Tribe of the Sith — Spiral,movie,,movie,,,0.0,no_match
STARWARS.xlsx,LEGENDS,141,Lost Tribe of the Sith — Spiral,Comic (Dark Horse),2012-12-12 00:00:00,Lost Tribe of the Sith — Spiral,movie,,movie,,,0.0,no_match
STARWARS.xlsx,LEGENDS,142,Knight Errant,Comic (Dark Horse),2010-08-12 00:00:00,Knight Errant,movie,,movie,,,0.0,no_match
STARWARS.xlsx,LEGENDS,143,Knight Errant,Comic (Dark Horse),2010-10-13 00:00:00,Knight Errant,movie,,movie,,,0.0,no_match
STARWARS.xlsx,LEGENDS,144,Knight Errant,Comic (Dark Horse),2010-11-10 00:00:00,Knight Errant,movie,,movie,,,0.0,no_match
STARWARS.xlsx,LEGENDS,145,Knight Errant,Comic (Dark Horse),2010-12-08 00:00:00,Knight Errant,movie,,movie,,,0.0,no_match
STARWARS.xlsx,LEGENDS,146,Knight Errant,Comic (Dark Horse),2011-01-12 00:00:00,Knight Errant,movie,1461578,movie,The Wandering Knight,2011-11-24,0.4919,review
STARWARS.xlsx,LEGENDS,147,Knight Errant,Comic (Dark Horse),2011-02-16 00:00:00,Knight Errant,movie,1461578,movie,The Wandering Knight,2011-11-24,0.4919,review
STARWARS.xlsx,LEGENDS,148,Knight Errant,Novel,2011-01-25 00:00:00,Knight Errant,movie,1461578,movie,The Wandering Knight,2011-11-24,0.4919,review
STARWARS.xlsx,LEGENDS,149,Knight Errant: Deluge,Comic (Dark Horse),2011-08-17 00:00:00,Knight Errant: Deluge,movie,,movie,,,0.0,no_match
STARWARS.xlsx,LEGENDS,150,Knight Errant: Deluge,Comic (Dark Horse),2011-09-21 00:00:00,Knight Errant: Deluge,movie,,movie,,,0.0,no_match
STARWARS.xlsx,LEGENDS,151,Knight Errant: Deluge,Comic (Dark Horse),2011-10-19 00:00:00,Knight Errant: Deluge,movie,,movie,,,0.0,no_match
STARWARS.xlsx,LEGENDS,152,Knight Errant: Deluge,Comic (Dark Horse),2011-11-16 00:00:00,Knight Errant: Deluge,movie,,movie,,,0.0,no_match
STARWARS.xlsx,LEGENDS,153,Knight Errant: Deluge,Comic (Dark Horse),2011-12-21 00:00:00,Knight Errant: Deluge,movie,,movie,,,0.0,no_match
STARWARS.xlsx,LEGENDS,154,Knight Errant: Escape,Comic (Dark Horse),2012-06-13 00:00:00,Knight Errant: Escape,movie,,movie,,,0.0,no_match
STARWARS.xlsx,LEGENDS,155,Knight Errant: Escape,Comic (Dark Horse),2012-07-11 00:00:00,Knight Errant: Escape,movie,,movie,,,0.0,no_match
STARWARS.xlsx,LEGENDS,156,Knight Errant: Escape,Comic (Dark Horse),2012-08-08 00:00:00,Knight Errant: Escape,movie,,movie,,,0.0,no_match
STARWARS.xlsx,LEGENDS,157,Knight Errant: Escape,Comic (Dark Horse),2012-09-12 00:00:00,Knight Errant: Escape,movie,,movie,,,0.0,no_match
STARWARS.xlsx,LEGENDS,158,Knight Errant: Escape,Comic (Dark Horse),2012-10-10 00:00:00,Knight Errant: Escape,movie,,movie,,,0.0,no_match
STARWARS.xlsx,LEGENDS,159,Darth Bane: Path of Destruction,Novel,2006-09-26 00:00:00,Darth Bane: Path of Destruction,movie,,movie,,,0.0,no_match
STARWARS.xlsx,LEGENDS,160,Jedi vs. Sith,Comic (Dark Horse),2001-04-18 00:00:00,Jedi vs. Sith,movie,,movie,,,0.0,no_match
STARWARS.xlsx,LEGENDS,161,Jedi vs. Sith,Comic (Dark Horse),2001-05-16 00:00:00,Jedi vs. Sith,movie,,movie,,,0.0,no_match
STARWARS.xlsx,LEGENDS,162,Jedi vs. Sith,Comic (Dark Horse),2001-06-20 00:00:00,Jedi vs. Sith,movie,,movie,,,0.0,no_match
STARWARS.xlsx,LEGENDS,163,Jedi vs. Sith,Comic (Dark Horse),2001-07-18 00:00:00,Jedi vs. Sith,movie,,movie,,,0.0,no_match
STARWARS.xlsx,LEGENDS,164,Jedi vs. Sith,Comic (Dark Horse),2001-08-15 00:00:00,Jedi vs. Sith,movie,,movie,,,0.0,no_match
STARWARS.xlsx,LEGENDS,165,Jedi vs. Sith,Comic (Dark Horse),2001-09-19 00:00:00,Jedi vs. Sith,movie,,movie,,,0.0,no_match
STARWARS.xlsx,LEGENDS,166,Darth Bane: Rule of Two,Novel,2007-12-26 00:00:00,Darth Bane: Rule of Two,movie,,movie,,,0.0,no_match
STARWARS.xlsx,LEGENDS,167,Darth Bane: Dynasty of Evil,Novel,2009-12-08 00:00:00,Darth Bane: Dynasty of Evil,movie,,movie,,,0.0,no_match
STARWARS.xlsx,LEGENDS,168,Darth Plagueis,Novel,2012-01-10 00:00:00,Darth Plagueis,movie,,movie,,,0.0,no_match
STARWARS.xlsx,LEGENDS,169,Maul: Lockdown,Novel,2014-01-28 00:00:00,Maul: Lockdown,movie,,movie,,,0.0,no_match
STARWARS.xlsx,LEGENDS,170,Cloak of Deception,Novel,2001-05-29 00:00:00,Cloak of Deception,movie,,movie,,,0.0,no_match
STARWARS.xlsx,LEGENDS,171,Darth Maul: Shadow Hunter,Novel,2001-01-30 00:00:00,Darth Maul: Shadow Hunter,movie,,movie,,,0.0,no_match
STARWARS.xlsx,LEGENDS,172,Star Wars Episode I: The Phantom Menace,Film,1999-05-19 00:00:00,Star Wars Episode I: The Phantom Menace,movie,1893,movie,Star Wars: Episode I - The Phantom Menace,1999-05-19,0.9187,matched
STARWARS.xlsx,LEGENDS,173,Rogue Planet,Novel,2000-05-02 00:00:00,Rogue Planet,movie,,movie,,,0.0,no_match
STARWARS.xlsx,LEGENDS,174,Outbound Flight,Novel,2006-01-31 00:00:00,Outbound Flight,movie,,movie,,,0.0,no_match
STARWARS.xlsx,LEGENDS,175,Jedi Starfighter,Video Game,2002-03-11 00:00:00,Jedi Starfighter,movie,,movie,,,0.0,no_match
STARWARS.xlsx,LEGENDS,176,The Approaching Storm,Novel,2002-01-29 00:00:00,The Approaching Storm,movie,,movie,,,0.0,no_match
STARWARS.xlsx,LEGENDS,177,Star Wars Episode II: Attack of the Clones,Film,2002-05-16 00:00:00,Star Wars Episode II: Attack of the Clones,movie,1894,movie,Star Wars: Episode II - Attack of the Clones,2002-05-15,0.9205,matched
STARWARS.xlsx,LEGENDS,178,Star Wars: Republic Commando,Video Game,2005-02-28 00:00:00,Star Wars: Republic Commando,movie,,movie,,,0.0,no_match
STARWARS.xlsx,LEGENDS,179,The Clone Wars (Video Game),Video Game,2002-10-29 00:00:00,The Clone Wars (Video Game),movie,,movie,,,0.0,no_match
STARWARS.xlsx,LEGENDS,180,Republic Commando: Hard Contact,Novel,2004-10-26 00:00:00,Republic Commando: Hard Contact,movie,,movie,,,0.0,no_match
STARWARS.xlsx,LEGENDS,181,Chapter 1,Animated TV,2003-11-07 00:00:00,Chapter 1,tv,,tv,,,0.0,no_match
STARWARS.xlsx,LEGENDS,182,Chapter 2,Animated TV,2003-11-10 00:00:00,Chapter 2,tv,,tv,,,0.0,no_match
STARWARS.xlsx,LEGENDS,183,Chapter 3,Animated TV,2003-11-11 00:00:00,Chapter 3,tv,,tv,,,0.0,no_match
STARWARS.xlsx,LEGENDS,184,Chapter 4,Animated TV,2003-11-12 00:00:00,Chapter 4,tv,,tv,,,0.0,no_match
STARWARS.xlsx,LEGENDS,185,Chapter 5,Animated TV,2003-11-13 00:00:00,Chapter 5,tv,,tv,,,0.0,no_match
STARWARS.xlsx,LEGENDS,186,Chapter 6,Animated TV,2003-11-15 00:00:00,Chapter 6,tv,,tv,,,0.0,no_match
STARWARS.xlsx,LEGENDS,187,Chapter 7,Animated TV,2003-11-17 00:00:00,Chapter 7,tv,,tv,,,0.0,no_match
STARWARS.xlsx,LEGENDS,188,Chapter 8,Animated TV,2003-11-18 00:00:00,Chapter 8,tv,,tv,,,0.0,no_match
STARWARS.xlsx,LEGENDS,189,Chapter 9,Animated TV,2003-11-19 00:00:00,Chapter 9,tv,,tv,,,0.0,no_match
STARWARS.xlsx,LEGENDS,190,Chapter 10,Animated TV,2003-11-20 00:00:00,Chapter 10,tv,,tv,,,0.0,no_match
STARWARS.xlsx,LEGENDS,191,Chapter 11,Animated TV,2004-03-26 00:00:00,Chapter 11,tv,,tv,,,0.0,no_match
STARWARS.xlsx,LEGENDS,192,Chapter 12,Animated TV,2004-03-29 00:00:00,Chapter 12,tv,,tv,,,0.0,no_match
STARWARS.xlsx,LEGENDS,193,Chapter 13,Animated TV,2004-03-30 00:00:00,Chapter 13,tv,,tv,,,0.0,no_match
STARWARS.xlsx,LEGENDS,194,Chapter 14,Animated TV,2004-03-31 00:00:00,Chapter 14,tv,,tv,,,0.0,no_match
STARWARS.xlsx,LEGENDS,195,Chapter 15,Animated TV,2004-04-01 00:00:00,Chapter 15,tv,,tv,,,0.0,no_match
STARWARS.xlsx,LEGENDS,196,Chapter 16,Animated TV,2004-04-02 00:00:00,Chapter 16,tv,,tv,,,0.0,no_match
STARWARS.xlsx,LEGENDS,197,Chapter 17,Animated TV,2004-04-05 00:00:00,Chapter 17,tv,,tv,,,0.0,no_match
STARWARS.xlsx,LEGENDS,198,Chapter 18,Animated TV,2004-04-06 00:00:00,Chapter 18,tv,,tv,,,0.0,no_match
STARWARS.xlsx,LEGENDS,199,Chapter 19,Animated TV,2004-04-07 00:00:00,Chapter 19,tv,,tv,,,0.0,no_match
STARWARS.xlsx,LEGENDS,200,Chapter 20,Animated TV,2004-04-08 00:00:00,Chapter 20,tv,,tv,,,0.0,no_match
STARWARS.xlsx,LEGENDS,201,Chapter 21,Animated TV,2005-03-21 00:00:00,Chapter 21,tv,,tv,,,0.0,no_match
STARWARS.xlsx,LEGENDS,202,The Cestus Deception,Novel,2004-06-01 00:00:00,The Cestus Deception,movie,,movie,,,0.0,no_match
STARWARS.xlsx,LEGENDS,203,Jedi Trial,Novel,2004-10-26 00:00:00,Jedi Trial,movie,,movie,,,0.0,no_match
STARWARS.xlsx,LEGENDS,204,Cat and Mouse,Animated TV,2010-03-26 00:00:00,Cat and Mouse,tv,,tv,,,0.0,no_match
STARWARS.xlsx,LEGENDS,205,The Hidden Enemy,Animated TV,2009-02-06 00:00:00,The Hidden Enemy,tv,,tv,,,0.0,no_match
STARWARS.xlsx,LEGENDS,206,Star Wars: The Clone Wars,Film,2008-08-15 00:00:00,Star Wars: The Clone Wars,movie,12180,movie,Star Wars: The Clone Wars,2008-08-05,0.9517,matched
STARWARS.xlsx,LEGENDS,207,Clone Cadets,Animated TV,2010-09-17 00:00:00,Clone Cadets,tv,,tv,,,0.0,no_match
STARWARS.xlsx,LEGENDS,208,Supply Lines,Animated TV,2010-09-24 00:00:00,Supply Lines,tv,,tv,,,0.0,no_match
STARWARS.xlsx,LEGENDS,209,Ambush,Animated TV,2008-10-03 00:00:00,Ambush,tv,,tv,,,0.0,no_match
STARWARS.xlsx,LEGENDS,210,Rising Malevolence,Animated TV,2008-10-03 00:00:00,Rising Malevolence,tv,,tv,,,0.0,no_match
STARWARS.xlsx,LEGENDS,211,Shadow of Malevolence,Animated TV,2008-10-10 00:00:00,Shadow of Malevolence,tv,,tv,,,0.0,no_match
STARWARS.xlsx,LEGENDS,212,Destroy Malevolence,Animated TV,2008-10-17 00:00:00,Destroy Malevolence,tv,,tv,,,0.0,no_match
STARWARS.xlsx,LEGENDS,213,Rookies,Animated TV,2008-10-24 00:00:00,Rookies,tv,45273,tv,Rookies,2008-04-19,0.9511,matched
STARWARS.xlsx,LEGENDS,214,The Clone Wars: Wild Space,Novel,2008-12-09 00:00:00,The Clone Wars: Wild Space,movie,,movie,,,0.0,no_match
STARWARS.xlsx,LEGENDS,215,Downfall of a Droid,Animated TV,2008-11-07 00:00:00,Downfall of a Droid,tv,,tv,,,0.0,no_match
STARWARS.xlsx,LEGENDS,216,Duel of the Droids,Animated TV,2008-11-14 00:00:00,Duel of the Droids,tv,,tv,,,0.0,no_match
STARWARS.xlsx,LEGENDS,217,Shatterpoint,Novel,2003-06-03 00:00:00,Shatterpoint,movie,,movie,,,0.0,no_match
STARWARS.xlsx,LEGENDS,218,The Clone Wars: No Prisoners,Novel,2009-05-19 00:00:00,The Clone Wars: No Prisoners,movie,,movie,,,0.0,no_match
STARWARS.xlsx,LEGENDS,219,Republic Commando: Triple Zero,Novel,2006-02-28 00:00:00,Republic Commando: Triple Zero,movie,,movie,,,0.0,no_match
STARWARS.xlsx,LEGENDS,220,Bombad Jedi,Animated TV,2008-11-21 00:00:00,Bombad Jedi,tv,,tv,,,0.0,no_match
STARWARS.xlsx,LEGENDS,221,Cloak of Darkness,Animated TV,2008-12-05 00:00:00,Cloak of Darkness,tv,,tv,,,0.0,no_match
STARWARS.xlsx,LEGENDS,222,Lair of Grievous,Animated TV,2008-12-12 00:00:00,Lair of Grievous,tv,,tv,,,0.0,no_match
STARWARS.xlsx,LEGENDS,223,Dooku Captured,Animated TV,2009-01-02 00:00:00,Dooku Captured,tv,,tv,,,0.0,no_match
STARWARS.xlsx,LEGENDS,224,The Gungan General,Animated TV,2009-01-09 00:00:00,The Gungan General,tv,,tv,,,0.0,no_match
STARWARS.xlsx,LEGENDS,225,Jedi Crash,Animated TV,2009-01-16 00:00:00,Jedi Crash,tv,,tv,,,0.0,no_match
STARWARS.xlsx,LEGENDS,226,Defenders of Peace,Animated TV,2009-01-23 00:00:00,Defenders of Peace,tv,,tv,,,0.0,no_match
STARWARS.xlsx,LEGENDS,227,Tresspass,Animated TV,2009-01-30 00:00:00,Tresspass,tv,,tv,,,0.0,no_match
STARWARS.xlsx,LEGENDS,228,Blue Shadow Virus,Animated TV,2009-02-13 00:00:00,Blue Shadow Virus,tv,,tv,,,0.0,no_match
STARWARS.xlsx,LEGENDS,229,Mystery of a Thousand Moons,Animated TV,2009-02-13 00:00:00,Mystery of a Thousand Moons,tv,,tv,,,0.0,no_match
STARWARS.xlsx,LEGENDS,230,Storm Over Ryloth,Animated TV,2009-02-27 00:00:00,Storm Over Ryloth,tv,,tv,,,0.0,no_match
STARWARS.xlsx,LEGENDS,231,Innocents of Ryloth,Animated TV,2009-03-06 00:00:00,Innocents of Ryloth,tv,,tv,,,0.0,no_match
STARWARS.xlsx,LEGENDS,232,Liberty on Ryloth,Animated TV,2009-03-13 00:00:00,Liberty on Ryloth,tv,,tv,,,0.0,no_match
STARWARS.xlsx,LEGENDS,233,Holocron Heist,Animated TV,2009-10-02 00:00:00,Holocron Heist,tv,,tv,,,0.0,no_match
STARWARS.xlsx,LEGENDS,234,Cargo of Doom,Animated TV,2009-10-02 00:00:00,Cargo of Doom,tv,,tv,,,0.0,no_match
STARWARS.xlsx,LEGENDS,235,Children of the Force,Animated TV,2009-10-09 00:00:00,Children of the Force,tv,,tv,,,0.0,no_match
STARWARS.xlsx,LEGENDS,236,Bounty Hunters,Animated TV,2010-04-02 00:00:00,Bounty Hunters,tv,,tv,,,0.0,no_match
STARWARS.xlsx,LEGENDS,237,The Zillo Beast,Animated TV,2010-04-09 00:00:00,The Zillo Beast,tv,,tv,,,0.0,no_match
STARWARS.xlsx,LEGENDS,238,The Zillo Beast Strikes Back,Animated TV,2010-04-16 00:00:00,The Zillo Beast Strikes Back,tv,,tv,,,0.0,no_match
STARWARS.xlsx,LEGENDS,239,Senate Spy,Animated TV,2009-10-16 00:00:00,Senate Spy,tv,,tv,,,0.0,no_match
STARWARS.xlsx,LEGENDS,240,Clone Wars Gambit: Stealth,Novel,2010-02-23 00:00:00,Clone Wars Gambit: Stealth,movie,,movie,,,0.0,no_match
STARWARS.xlsx,LEGENDS,241,Clone Wars Gambit: Siege,Novel,2010-07-06 00:00:00,Clone Wars Gambit: Siege,movie,,movie,,,0.0,no_match
STARWARS.xlsx,LEGENDS,242,Republic Commando: True Colors,Novel,2007-10-30 00:00:00,Republic Commando: True Colors,movie,,movie,,,0.0,no_match
STARWARS.xlsx,LEGENDS,243,Landing at Point Rain,Animated TV,2009-11-04 00:00:00,Landing at Point Rain,tv,,tv,,,0.0,no_match
STARWARS.xlsx,LEGENDS,244,Weapons Factory,Animated TV,2009-11-13 00:00:00,Weapons Factory,tv,,tv,,,0.0,no_match
STARWARS.xlsx,LEGENDS,245,Legacy of Terror,Animated TV,2009-11-20 00:00:00,Legacy of Terror,tv,,tv,,,0.0,no_match
STARWARS.xlsx,LEGENDS,246,Brain Invaders,Animated TV,2009-12-04 00:00:00,Brain Invaders,tv,,tv,,,0.0,no_match
STARWARS.xlsx,LEGENDS,247,Grievous Intrigue,Animated TV,2010-01-01 00:00:00,Grievous Intrigue,tv,,tv,,,0.0,no_match
STARWARS.xlsx,LEGENDS,248,The Deserter,Animated TV,2010-01-01 00:00:00,The Deserter,tv,,tv,,,0.0,no_match
STARWARS.xlsx,LEGENDS,249,Lightsaber Lost,Animated TV,2010-01-22 00:00:00,Lightsaber Lost,tv,,tv,,,0.0,no_match
STARWARS.xlsx,LEGENDS,250,The Mandalore Plot,Animated TV,2010-01-29 00:00:00,The Mandalore Plot,tv,,tv,,,0.0,no_match
STARWARS.xlsx,LEGENDS,251,Voyage of Temptation,Animated TV,2010-02-05 00:00:00,Voyage of Temptation,tv,,tv,,,0.0,no_match
STARWARS.xlsx,LEGENDS,252,Duchess of Mandalore,Animated TV,2010-02-12 00:00:00,Duchess of Mandalore,tv,,tv,,,0.0,no_match
STARWARS.xlsx,LEGENDS,253,Death Trap,Animated TV,2010-04-23 00:00:00,Death Trap,tv,,tv,,,0.0,no_match
STARWARS.xlsx,LEGENDS,254,R2 Come Home,Animated TV,2010-04-30 00:00:00,R2 Come Home,tv,,tv,,,0.0,no_match
STARWARS.xlsx,LEGENDS,255,Lethal Trackdown,Animated TV,2010-04-30 00:00:00,Lethal Trackdown,tv,,tv,,,0.0,no_match
STARWARS.xlsx,LEGENDS,256,Corruption,Animated TV,2010-10-08 00:00:00,Corruption,tv,,tv,,,0.0,no_match
STARWARS.xlsx,LEGENDS,257,The Academy,Animated TV,2010-10-15 00:00:00,The Academy,tv,37947,tv,12 Nights at the Academy,2010-11-29,0.6827,matched
STARWARS.xlsx,LEGENDS,258,Assassin,Animated TV,2010-10-22 00:00:00,Assassin,tv,250733,tv,Assassination Attempt,2010-05-05,0.6275,matched
STARWARS.xlsx,LEGENDS,259,ARC Troopers,Animated TV,2010-09-17 00:00:00,ARC Troopers,tv,,tv,,,0.0,no_match
STARWARS.xlsx,LEGENDS,260,Sphere of Influence,Animated TV,2010-10-01 00:00:00,Sphere of Influence,tv,,tv,,,0.0,no_match
STARWARS.xlsx,LEGENDS,261,Evil Plans,Animated TV,2010-11-05 00:00:00,Evil Plans,tv,,tv,,,0.0,no_match
STARWARS.xlsx,LEGENDS,262,Hostage Crisis,Animated TV,2009-03-20 00:00:00,Hostage Crisis,tv,,tv,,,0.0,no_match
STARWARS.xlsx,LEGENDS,263,Hunt for Ziro,Animated TV,2010-11-12 00:00:00,Hunt for Ziro,tv,,tv,,,0.0,no_match
STARWARS.xlsx,LEGENDS,264,Heroes on Both Sides,Animated TV,2010-11-19 00:00:00,Heroes on Both Sides,tv,,tv,,,0.0,no_match
STARWARS.xlsx,LEGENDS,265,Pursuit of Peace,Animated TV,2010-12-03 00:00:00,Pursuit of Peace,tv,,tv,,,0.0,no_match
STARWARS.xlsx,LEGENDS,266,Senate Murders,Animated TV,2010-03-19 00:00:00,Senate Murders,tv,,tv,,,0.0,no_match
STARWARS.xlsx,LEGENDS,267,Nightsisters,Animated TV,2011-01-07 00:00:00,Nightsisters,tv,,tv,,,0.0,no_match
STARWARS.xlsx,LEGENDS,268,Monster,Animated TV,2011-01-14 00:00:00,Monster,tv,288836,tv,Man v. Monster,2011-06-06,0.7101,matched
STARWARS.xlsx,LEGENDS,269,Witches of the Mist,Animated TV,2011-01-21 00:00:00,Witches of the Mist,tv,,tv,,,0.0,no_match
STARWARS.xlsx,LEGENDS,270,Overlords,Animated TV,2011-01-28 00:00:00,Overlords,tv,,tv,,,0.0,no_match
STARWARS.xlsx,LEGENDS,271,Altar of Mortis,Animated TV,2011-02-04 00:00:00,Altar of Mortis,tv,,tv,,,0.0,no_match
STARWARS.xlsx,LEGENDS,272,Ghosts of Mortis,Animated TV,2011-02-11 00:00:00,Ghosts of Mortis,tv,,tv,,,0.0,no_match
STARWARS.xlsx,LEGENDS,273,The Citadel,Animated TV,2011-02-18 00:00:00,The Citadel,tv,,tv,,,0.0,no_match
STARWARS.xlsx,LEGENDS,274,Counter Attack,Animated TV,2011-03-04 00:00:00,Counter Attack,tv,,tv,,,0.0,no_match
STARWARS.xlsx,LEGENDS,275,Citadel Rescue,Animated TV,2011-03-11 00:00:00,Citadel Rescue,tv,,tv,,,0.0,no_match
STARWARS.xlsx,LEGENDS,276,Padawan Lost,Animated TV,2011-04-01 00:00:00,Padawan Lost,tv,,tv,,,0.0,no_match
STARWARS.xlsx,LEGENDS,277,Wookiee Hunt,Animated TV,2011-04-01 00:00:00,Wookiee Hunt,tv,,tv,,,0.0,no_match
STARWARS.xlsx,LEGENDS,278,Water War,Animated TV,2011-09-16 00:00:00,Water War,tv,,tv,,,0.0,no_match
STARWARS.xlsx,LEGENDS,279,Gungan Attack,Animated TV,2011-09-16 00:00:00,Gungan Attack,tv,,tv,,,0.0,no_match
STARWARS.xlsx,LEGENDS,280,Prisoners,Animated TV,2011-09-23 00:00:00,Prisoners,tv,,tv,,,0.0,no_match
STARWARS.xlsx,LEGENDS,281,Shadow Warrior,Animated TV,2011-09-30 00:00:00,Shadow Warrior,tv,279940,tv,Vietnam - Shadow Warriors,2011-01-07,0.747,matched
STARWARS.xlsx,LEGENDS,282,Mercy Mission,Animated TV,2011-10-07 00:00:00,Mercy Mission,tv,,tv,,,0.0,no_match
STARWARS.xlsx,LEGENDS,283,Nomad Droids,Animated TV,2011-10-14 00:00:00,Nomad Droids,tv,,tv,,,0.0,no_match
STARWARS.xlsx,LEGENDS,284,Darkness on Umbara,Animated TV,2011-10-28 00:00:00,Darkness on Umbara,tv,,tv,,,0.0,no_match
STARWARS.xlsx,LEGENDS,285,The General,Animated TV,2011-11-04 00:00:00,The General,tv,203510,tv,从将军到士兵,2011-05-18,0.2307,review
STARWARS.xlsx,LEGENDS,286,Plan of Dissent,Animated TV,2011-11-11 00:00:00,Plan of Dissent,tv,,tv,,,0.0,no_match
STARWARS.xlsx,LEGENDS,287,Carnage of Krell,Animated TV,2011-11-18 00:00:00,Carnage of Krell,tv,,tv,,,0.0,no_match
STARWARS.xlsx,LEGENDS,288,Kidnapped,Animated TV,2011-11-25 00:00:00,Kidnapped,tv,38101,tv,Kidnapped by the Kids,2011-01-01,0.6621,matched
STARWARS.xlsx,LEGENDS,289,Slaves of the Republic,Animated TV,2011-12-02 00:00:00,Slaves of the Republic,tv,,tv,,,0.0,no_match
STARWARS.xlsx,LEGENDS,290,Escape from Kadavo,Animated TV,2012-01-06 00:00:00,Escape from Kadavo,tv,,tv,,,0.0,no_match
STARWARS.xlsx,LEGENDS,291,A Friend in Need,Animated TV,2012-01-13 00:00:00,A Friend in Need,tv,,tv,,,0.0,no_match
STARWARS.xlsx,LEGENDS,292,Deception,Animated TV,2012-01-20 00:00:00,Deception,tv,209701,tv,9/11: Ten Years of Deception,2012-01-01,0.5806,review
STARWARS.xlsx,LEGENDS,293,Friends and Enemies,Animated TV,2012-01-27 00:00:00,Friends and Enemies,tv,,tv,,,0.0,no_match
STARWARS.xlsx,LEGENDS,294,The Box,Animated TV,2012-02-03 00:00:00,The Box,tv,252537,tv,The Best Ten Nakamori Akina Premium BOX,2012-03-28,0.4494,review
STARWARS.xlsx,LEGENDS,295,Crisis on Naboo,Animated TV,2012-02-10 00:00:00,Crisis on Naboo,tv,,tv,,,0.0,no_match
STARWARS.xlsx,LEGENDS,296,Massacre,Animated TV,2012-02-24 00:00:00,Massacre,tv,,tv,,,0.0,no_match
STARWARS.xlsx,LEGENDS,297,Bounty,Animated TV,2012-03-02 00:00:00,Bounty,tv,45650,tv,Bounty Wars,2012-07-08,0.7383,matched
STARWARS.xlsx,LEGENDS,298,Brothers,Animated TV,2012-03-09 00:00:00,Brothers,tv,45209,tv,Space Brothers,2012-03-31,0.7565,matched
STARWARS.xlsx,LEGENDS,299,Revenge,Animated TV,2012-03-16 00:00:00,Revenge,tv,50741,tv,The Revenge Of A Broken Word,2012-04-18,0.5188,review
STARWARS.xlsx,LEGENDS,300,MedStar I: Battle Surgeons,Novel,2004-06-29 00:00:00,MedStar I: Battle Surgeons,movie,,movie,,,0.0,no_match
STARWARS.xlsx,LEGENDS,301,MedStar II: Jedi Healer,Novel,2004-09-28 00:00:00,MedStar II: Jedi Healer,movie,,movie,,,0.0,no_match
STARWARS.xlsx,LEGENDS,302,A War on Two Fronts,Animated TV,2012-10-06 00:00:00,A War on Two Fronts,tv,,tv,,,0.0,no_match
STARWARS.xlsx,LEGENDS,303,Front Runners,Animated TV,2012-10-13 00:00:00,Front Runners,tv,,tv,,,0.0,no_match
STARWARS.xlsx,LEGENDS,304,The Soft War,Animated TV,2012-10-20 00:00:00,The Soft War,tv,,tv,,,0.0,no_match
STARWARS.xlsx,LEGENDS,305,Tipping Points,Animated TV,2012-10-27 00:00:00,Tipping Points,tv,,tv,,,0.0,no_match
STARWARS.xlsx,LEGENDS,306,The Gathering,Animated TV,2012-11-03 00:00:00,The Gathering,tv,,tv,,,0.0,no_match
STARWARS.xlsx,LEGENDS,307,A Test of Strength,Animated TV,2012-11-10 00:00:00,A Test of Strength,tv,,tv,,,0.0,no_match
STARWARS.xlsx,LEGENDS,308,Bound for Rescue,Animated TV,2012-11-17 00:00:00,Bound for Rescue,tv,,tv,,,0.0,no_match
STARWARS.xlsx,LEGENDS,309,A Necessary Bond,Animated TV,2012-11-24 00:00:00,A Necessary Bond,tv,,tv,,,0.0,no_match
STARWARS.xlsx,LEGENDS,310,Secret Weapons,Animated TV,2012-12-01 00:00:00,Secret Weapons,tv,55482,tv,Top Secret Weapons Revealed,2012-08-14,0.7218,matched
STARWARS.xlsx,LEGENDS,311,A Sunny Day in the Void,Animated TV,2012-12-08 00:00:00,A Sunny Day in the Void,tv,,tv,,,0.0,no_match
STARWARS.xlsx,LEGENDS,312,Missing in Action,Animated TV,2013-01-05 00:00:00,Missing in Action,tv,,tv,,,0.0,no_match
STARWARS.xlsx,LEGENDS,313,Point of No Return,Animated TV,2013-01-12 00:00:00,Point of No Return,tv,,tv,,,0.0,no_match
STARWARS.xlsx,LEGENDS,314,Revival,Animated TV,2012-09-29 00:00:00,Revival,tv,,tv,,,0.0,no_match
STARWARS.xlsx,LEGENDS,315,Eminence,Animated TV,2013-01-19 00:00:00,Eminence,tv,,tv,,,0.0,no_match
STARWARS.xlsx,LEGENDS,316,Shades of Reason,Animated TV,2013-01-26 00:00:00,Shades of Reason,tv,,tv,,,0.0,no_match
STARWARS.xlsx,LEGENDS,317,The Lawless,Animated TV,2013-02-02 00:00:00,The Lawless,tv,,tv,,,0.0,no_match
STARWARS.xlsx,LEGENDS,318,Sabotage,Animated TV,2013-02-09 00:00:00,Sabotage,tv,250199,tv,Sabotage,2013-04-07,0.9503,matched
STARWARS.xlsx,LEGENDS,319,The Jedi Who Knew Too Much,Animated TV,2013-02-16 00:00:00,The Jedi Who Knew Too Much,tv,,tv,,,0.0,no_match
STARWARS.xlsx,LEGENDS,320,To Catch a Jedi,Animated TV,2013-02-23 00:00:00,To Catch a Jedi,tv,,tv,,,0.0,no_match
STARWARS.xlsx,LEGENDS,321,The Wrong Jedi,Animated TV,2013-03-02 00:00:00,The Wrong Jedi,tv,,tv,,,0.0,no_match
STARWARS.xlsx,LEGENDS,322,The Unknown,Animated TV,2014-03-07 00:00:00,The Unknown,tv,,tv,,,0.0,no_match
STARWARS.xlsx,LEGENDS,323,Conspiracy,Animated TV,2014-03-07 00:00:00,Conspiracy,tv,107009,tv,Conspiracy against freedom,2014-05-27,0.6301,matched
STARWARS.xlsx,LEGENDS,324,Fugitive,Animated TV,2014-03-07 00:00:00,Fugitive,tv,98473,tv,Fugitives,2014-08-04,0.908,matched
STARWARS.xlsx,LEGENDS,325,Orders,Animated TV,2014-03-07 00:00:00,Orders,tv,,tv,,,0.0,no_match
STARWARS.xlsx,LEGENDS,326,An Old Friend,Animated TV,2014-03-07 00:00:00,An Old Friend,tv,,tv,,,0.0,no_match
STARWARS.xlsx,LEGENDS,327,The Rise of Clovis,Animated TV,2014-03-07 00:00:00,The Rise of Clovis,tv,,tv,,,0.0,no_match
STARWARS.xlsx,LEGENDS,328,Crisis at the Heart,Animated TV,2014-03-07 00:00:00,Crisis at the Heart,tv,,tv,,,0.0,no_match
STARWARS.xlsx,LEGENDS,329,The Disappeared Part I,Animated TV,2014-03-07 00:00:00,The Disappeared Part I,tv,,tv,,,0.0,no_match
STARWARS.xlsx,LEGENDS,330,The Disappeared Part II,Animated TV,2014-03-07 00:00:00,The Disappeared Part II,tv,,tv,,,0.0,no_match
STARWARS.xlsx,LEGENDS,331,The Lost One,Animated TV,2014-03-07 00:00:00,The Lost One,tv,209293,tv,Defiance: The Lost Ones,2014-04-02,0.724,matched
STARWARS.xlsx,LEGENDS,332,Voices,Animated TV,2014-03-07 00:00:00,Voices,tv,,tv,,,0.0,no_match
STARWARS.xlsx,LEGENDS,333,Destiny,Animated TV,2014-03-07 00:00:00,Destiny,tv,221555,tv,My Destiny,2014-06-30,0.8234,matched
STARWARS.xlsx,LEGENDS,334,Sacrifice,Animated TV,2014-03-07 00:00:00,Sacrifice,tv,63296,tv,D-Day Sacrifice,2014-06-04,0.7705,matched
STARWARS.xlsx,LEGENDS,335,Chapter 22,Animated TV,2005-03-23 00:00:00,Chapter 22,tv,,tv,,,0.0,no_match
STARWARS.xlsx,LEGENDS,336,Chapter 23,Animated TV,2005-03-24 00:00:00,Chapter 23,tv,,tv,,,0.0,no_match
STARWARS.xlsx,LEGENDS,337,Chapter 24,Animated TV,2005-03-25 00:00:00,Chapter 24,tv,,tv,,,0.0,no_match
STARWARS.xlsx,LEGENDS,338,Yoda: Dark Rendezvous,Novel,2004-11-23 00:00:00,Yoda: Dark Rendezvous,movie,,movie,,,0.0,no_match
STARWARS.xlsx,LEGENDS,339,Labyrinth of Evil,Novel,2005-01-25 00:00:00,Labyrinth of Evil,movie,1895,movie,Star Wars: Episode III - Revenge of the Sith,2005-05-17,0.4706,review
STARWARS.xlsx,LEGENDS,340,Star Wars Episode III: Revenge of the Sith,Film,2005-05-19 00:00:00,Star Wars Episode III: Revenge of the Sith,movie,1895,movie,Star Wars: Episode III - Revenge of the Sith,2005-05-17,0.9211,matched
STARWARS.xlsx,LEGENDS,341,Republic Commando: Order 66,Novel,2008-09-16 00:00:00,Republic Commando: Order 66,movie,,movie,,,0.0,no_match
STARWARS.xlsx,LEGENDS,342,Kenobi,Novel,2013-08-27 00:00:00,Kenobi,movie,,movie,,,0.0,no_match
STARWARS.xlsx,LEGENDS,343,Dark Lord: The Rise of Darth Vader,Novel,2005-11-22 00:00:00,Dark Lord: The Rise of Darth Vader,movie,,movie,,,0.0,no_match
STARWARS.xlsx,LEGENDS,344,Imperial Commando: 501st,Novel,2009-10-27 00:00:00,Imperial Commando: 501st,movie,,movie,,,0.0,no_match
STARWARS.xlsx,LEGENDS,345,Coruscant Nights I: Jedi Twilight,Novel,2008-06-24 00:00:00,Coruscant Nights I: Jedi Twilight,movie,,movie,,,0.0,no_match
STARWARS.xlsx,LEGENDS,346,Coruscant Nights II: Street of Shadows,Novel,2008-08-26 00:00:00,Coruscant Nights II: Street of Shadows,movie,,movie,,,0.0,no_match
STARWARS.xlsx,LEGENDS,347,Coruscant Nights III: Patterns of Force,Novel,2009-01-27 00:00:00,Coruscant Nights III: Patterns of Force,movie,,movie,,,0.0,no_match
STARWARS.xlsx,LEGENDS,348,The Last Jedi,Novel,2013-02-26 00:00:00,The Last Jedi,movie,,movie,,,0.0,no_match
STARWARS.xlsx,LEGENDS,349,The Paradise Snare,Novel,1997-05-05 00:00:00,The Paradise Snare,movie,,movie,,,0.0,no_match
STARWARS.xlsx,LEGENDS,350,The Hutt Gambit,Novel,1997-09-01 00:00:00,The Hutt Gambit,movie,,movie,,,0.0,no_match
STARWARS.xlsx,LEGENDS,351,Lando Calrissian and the Mindharp of Sharu,Novel,1983-07-12 00:00:00,Lando Calrissian and the Mindharp of Sharu,movie,,movie,,,0.0,no_match
STARWARS.xlsx,LEGENDS,352,Lando Calrissian and the Flamewind of Oseon,Novel,1983-09-12 00:00:00,Lando Calrissian and the Flamewind of Oseon,movie,,movie,,,0.0,no_match
STARWARS.xlsx,LEGENDS,353,Lando Calrissian and the Starcave of ThonBoka,Novel,1983-11-12 00:00:00,Lando Calrissian and the Starcave of ThonBoka,movie,,movie,,,0.0,no_match
STARWARS.xlsx,LEGENDS,354,The Force Unleashed,Video Game,2008-09-16 00:00:00,The Force Unleashed,movie,,movie,,,0.0,no_match
STARWARS.xlsx,LEGENDS,355,Death Star,Novel,2007-10-16 00:00:00,Death Star,movie,,movie,,,0.0,no_match
STARWARS.xlsx,LEGENDS,356,Rebel Dawn,Novel,1998-03-09 00:00:00,Rebel Dawn,movie,,movie,,,0.0,no_match
STARWARS.xlsx,LEGENDS,357,Han Solo at Stars' End,Novel,1979-04-12 00:00:00,Han Solo at Stars' End,movie,,movie,,,0.0,no_match
STARWARS.xlsx,LEGENDS,358,Han Solo's Revenge,Novel,1979-10-12 00:00:00,Han Solo's Revenge,movie,,movie,,,0.0,no_match
STARWARS.xlsx,LEGENDS,359,Han Solo and the Lost Legacy,Novel,1980-08-12 00:00:00,Han Solo and the Lost Legacy,movie,,movie,,,0.0,no_match
STARWARS.xlsx,LEGENDS,360,The Force Unleashed II,Video Game,2010-10-26 00:00:00,The Force Unleashed II,movie,,movie,,,0.0,no_match
STARWARS.xlsx,LEGENDS,361,Dark Forces: Soldier for the Empire,Novel,1997-02-15 00:00:00,Dark Forces: Soldier for the Empire,movie,,movie,,,0.0,no_match
STARWARS.xlsx,LEGENDS,362,Death Troopers,Novel,2009-10-13 00:00:00,Death Troopers,movie,,movie,,,0.0,no_match
STARWARS.xlsx,LEGENDS,363,Shadow Games,Novel,2011-11-29 00:00:00,Shadow Games,movie,,movie,,,0.0,no_match
STARWARS.xlsx,LEGENDS,364,Star Wars Episode IV: A New Hope,Film,1977-05-25 00:00:00,Star Wars Episode IV: A New Hope,movie,11,movie,Star Wars,1977-05-25,0.5558,review
STARWARS.xlsx,LEGENDS,365,Scoundrels,Novel,2013-01-01 00:00:00,Scoundrels,movie,,movie,,,0.0,no_match
STARWARS.xlsx,LEGENDS,366,Allegiance,Novel,2007-01-30 00:00:00,Allegiance,movie,54211,movie,Torture Room,2007-07-20,0.2956,review
STARWARS.xlsx,LEGENDS,367,Choices of One,Novel,2011-07-19 00:00:00,Choices of One,movie,,movie,,,0.0,no_match
STARWARS.xlsx,LEGENDS,368,Honor Among Thieves,Novel,2014-03-04 00:00:00,Honor Among Thieves,movie,1062278,movie,Honor Among Thieves,2014-12-12,0.9501,matched
STARWARS.xlsx,LEGENDS,369,Star Wars Episode V: The Empire Strikes Back,Film,1980-05-21 00:00:00,Star Wars Episode V: The Empire Strikes Back,movie,1891,movie,The Empire Strikes Back,1980-05-20,0.7296,matched
STARWARS.xlsx,LEGENDS,370,Star Wars Galaxies: The Ruins of Dantooine,Novel,2003-12-30 00:00:00,Star Wars Galaxies: The Ruins of Dantooine,movie,,movie,,,0.0,no_match
STARWARS.xlsx,LEGENDS,371,Splinter of the Mind's Eye,Novel,1978-02-12 00:00:00,Splinter of the Mind's Eye,movie,,movie,,,0.0,no_match
STARWARS.xlsx,LEGENDS,372,Razor's Edge,Novel,2013-08-30 00:00:00,Razor's Edge,movie,,movie,,,0.0,no_match
STARWARS.xlsx,LEGENDS,373,Shadows of the Empire,Novel,1996-05-01 00:00:00,Shadows of the Empire,movie,,movie,,,0.0,no_match
STARWARS.xlsx,LEGENDS,374,Star Wars Episode VI: Return of the Jedi,Film,1983-05-25 00:00:00,Star Wars Episode VI: Return of the Jedi,movie,1892,movie,Return of the Jedi,1983-05-25,0.6813,matched
STARWARS.xlsx,LEGENDS,375,The Mandalorian Armor,Novel,1998-06-01 00:00:00,The Mandalorian Armor,movie,,movie,,,0.0,no_match
STARWARS.xlsx,LEGENDS,376,Slave Ship,Novel,1998-10-01 00:00:00,Slave Ship,movie,846124,movie,Jazz Slave Ships,1998-10-01,0.7841,matched
STARWARS.xlsx,LEGENDS,377,Hard Merchandise,Novel,1999-07-06 00:00:00,Hard Merchandise,movie,,movie,,,0.0,no_match
STARWARS.xlsx,LEGENDS,378,The Truce at Bakura,Novel,1993-11-01 00:00:00,The Truce at Bakura,movie,,movie,,,0.0,no_match
STARWARS.xlsx,LEGENDS,379,Luke Skywalker and the Shadows of Mindor,Novel,2008-12-30 00:00:00,Luke Skywalker and the Shadows of Mindor,movie,,movie,,,0.0,no_match
STARWARS.xlsx,LEGENDS,380,Dark Forces: Rebel Agent,Novel,1998-03-11 00:00:00,Dark Forces: Rebel Agent,movie,,movie,,,0.0,no_match
STARWARS.xlsx,LEGENDS,381,Dark Forces: Jedi Knight,Novel,1998-10-14 00:00:00,Dark Forces: Jedi Knight,movie,,movie,,,0.0,no_match
STARWARS.xlsx,LEGENDS,382,X-Wing: Rogue Squadron,Novel,1996-01-01 00:00:00,X-Wing: Rogue Squadron,movie,,movie,,,0.0,no_match
STARWARS.xlsx,LEGENDS,383,X-Wing: Wedge's Gamble,Novel,1996-05-02 00:00:00,X-Wing: Wedge's Gamble,movie,,movie,,,0.0,no_match
STARWARS.xlsx,LEGENDS,384,X-Wing: The Krytos Trap,Novel,1996-10-02 00:00:00,X-Wing: The Krytos Trap,movie,,movie,,,0.0,no_match
STARWARS.xlsx,LEGENDS,385,X-Wing: The Bacta War,Novel,1997-02-06 00:00:00,X-Wing: The Bacta War,movie,,movie,,,0.0,no_match
STARWARS.xlsx,LEGENDS,386,X-Wing: Wraith Squadron,Novel,1998-02-02 00:00:00,X-Wing: Wraith Squadron,movie,,movie,,,0.0,no_match
STARWARS.xlsx,LEGENDS,387,X-Wing: Iron Fist,Novel,1998-07-06 00:00:00,X-Wing: Iron Fist,movie,,movie,,,0.0,no_match
STARWARS.xlsx,LEGENDS,388,X-Wing: Solo Command,Novel,1999-02-02 00:00:00,X-Wing: Solo Command,movie,,movie,,,0.0,no_match
STARWARS.xlsx,LEGENDS,389,The Courtship of Princess Leia,Novel,1994-05-01 00:00:00,The Courtship of Princess Leia,movie,,movie,,,0.0,no_match
STARWARS.xlsx,LEGENDS,390,Tatooine Ghost,Novel,2003-03-04 00:00:00,Tatooine Ghost,movie,,movie,,,0.0,no_match
STARWARS.xlsx,LEGENDS,391,Heir to the Empire,Novel,1991-06-01 00:00:00,Heir to the Empire,movie,,movie,,,0.0,no_match
STARWARS.xlsx,LEGENDS,392,Dark Force Rising,Novel,1992-06-01 00:00:00,Dark Force Rising,movie,,movie,,,0.0,no_match
STARWARS.xlsx,LEGENDS,393,The Last Command,Novel,1993-05-01 00:00:00,The Last Command,movie,,movie,,,0.0,no_match
STARWARS.xlsx,LEGENDS,394,X-Wing: Isard's Revenge,Novel,1999-04-13 00:00:00,X-Wing: Isard's Revenge,movie,,movie,,,0.0,no_match
STARWARS.xlsx,LEGENDS,395,"I, Jedi",Novel,1998-05-04 00:00:00,"I, Jedi",movie,,movie,,,0.0,no_match
STARWARS.xlsx,LEGENDS,396,Jedi Search,Novel,1994-03-01 00:00:00,Jedi Search,movie,,movie,,,0.0,no_match
STARWARS.xlsx,LEGENDS,397,Dark Apprentice,Novel,1994-07-01 00:00:00,Dark Apprentice,movie,,movie,,,0.0,no_match
STARWARS.xlsx,LEGENDS,398,Champions of the Force,Novel,1994-09-01 00:00:00,Champions of the Force,movie,,movie,,,0.0,no_match
STARWARS.xlsx,LEGENDS,399,Children of the Jedi,Novel,1995-04-01 00:00:00,Children of the Jedi,movie,,movie,,,0.0,no_match
STARWARS.xlsx,LEGENDS,400,Darksaber,Novel,1995-11-01 00:00:00,Darksaber,movie,,movie,,,0.0,no_match
STARWARS.xlsx,LEGENDS,401,X-Wing: Starfighters of Adumar,Novel,1999-08-03 00:00:00,X-Wing: Starfighters of Adumar,movie,,movie,,,0.0,no_match
STARWARS.xlsx,LEGENDS,402,Planet of Twilight,Novel,1997-05-01 00:00:00,Planet of Twilight,movie,,movie,,,0.0,no_match
STARWARS.xlsx,LEGENDS,403,The Crystal Star,Novel,1994-12-01 00:00:00,The Crystal Star,movie,20932,movie,Father Frost,1965-03-24,0.3605,review
STARWARS.xlsx,LEGENDS,404,Before the Storm,Novel,1996-03-01 00:00:00,Before the Storm,movie,,movie,,,0.0,no_match
STARWARS.xlsx,LEGENDS,405,Shield of Lies,Novel,1996-08-01 00:00:00,Shield of Lies,movie,,movie,,,0.0,no_match
STARWARS.xlsx,LEGENDS,406,Tyrant's Test,Novel,1996-12-01 00:00:00,Tyrant's Test,movie,,movie,,,0.0,no_match
STARWARS.xlsx,LEGENDS,407,The New Rebellion,Novel,1996-12-01 00:00:00,The New Rebellion,movie,,movie,,,0.0,no_match
STARWARS.xlsx,LEGENDS,408,Ambush at Corellia,Novel,1995-02-02 00:00:00,Ambush at Corellia,movie,,movie,,,0.0,no_match
STARWARS.xlsx,LEGENDS,409,Assault at Selonia,Novel,1995-07-01 00:00:00,Assault at Selonia,movie,,movie,,,0.0,no_match
STARWARS.xlsx,LEGENDS,410,Showdown at Centerpoint,Novel,1995-10-01 00:00:00,Showdown at Centerpoint,movie,,movie,,,0.0,no_match
STARWARS.xlsx,LEGENDS,411,Specter of the Past,Novel,1997-11-03 00:00:00,Specter of the Past,movie,,movie,,,0.0,no_match
STARWARS.xlsx,LEGENDS,412,Vision of the Future,Novel,1998-09-01 00:00:00,Vision of the Future,movie,,movie,,,0.0,no_match
STARWARS.xlsx,LEGENDS,413,Scourge,Novel,2012-04-24 00:00:00,Scourge,movie,,movie,,,0.0,no_match
STARWARS.xlsx,LEGENDS,414,Survivor's Quest,Novel,2004-02-03 00:00:00,Survivor's Quest,movie,,movie,,,0.0,no_match
STARWARS.xlsx,LEGENDS,415,The New Jedi Order: Vector Prime,Novel,1999-10-05 00:00:00,The New Jedi Order: Vector Prime,movie,,movie,,,0.0,no_match
STARWARS.xlsx,LEGENDS,416,The New Jedi Order: Dark Tide I: Onslaught,Novel,2000-02-01 00:00:00,The New Jedi Order: Dark Tide I: Onslaught,movie,,movie,,,0.0,no_match
STARWARS.xlsx,LEGENDS,417,The New Jedi Order: Dark Tide II: Ruin,Novel,2000-06-06 00:00:00,The New Jedi Order: Dark Tide II: Ruin,movie,,movie,,,0.0,no_match
STARWARS.xlsx,LEGENDS,418,The New Jedi Order: Agents of Chaos I: Hero's Trial,Novel,2000-08-01 00:00:00,The New Jedi Order: Agents of Chaos I: Hero's Trial,movie,,movie,,,0.0,no_match
STARWARS.xlsx,LEGENDS,419,The New Jedi Order: Agents of Chaos II: Jedi Eclipse,Novel,2000-10-03 00:00:00,The New Jedi Order: Agents of Chaos II: Jedi Eclipse,movie,,movie,,,0.0,no_match
STARWARS.xlsx,LEGENDS,420,The New Jedi Order: Balance Point,Novel,2000-10-31 00:00:00,The New Jedi Order: Balance Point,movie,,movie,,,0.0,no_match
STARWARS.xlsx,LEGENDS,421,The New Jedi Order: Edge of Victory I: Conquest,Novel,2001-04-03 00:00:00,The New Jedi Order: Edge of Victory I: Conquest,movie,,movie,,,0.0,no_match
STARWARS.xlsx,LEGENDS,422,The New Jedi Order: Edge of Victory II: Rebirth,Novel,2001-07-31 00:00:00,The New Jedi Order: Edge of Victory II: Rebirth,movie,,movie,,,0.0,no_match
STARWARS.xlsx,LEGENDS,423,The New Jedi Order: Star by Star,Novel,2001-10-30 00:00:00,The New Jedi Order: Star by Star,movie,,movie,,,0.0,no_match
STARWARS.xlsx,LEGENDS,424,The New Jedi Order: Dark Journey,Novel,2002-01-29 00:00:00,The New Jedi Order: Dark Journey,movie,,movie,,,0.0,no_match
STARWARS.xlsx,LEGENDS,425,The New Jedi Order: Enemy Lines I: Rebel Dream,Novel,2002-03-26 00:00:00,The New Jedi Order: Enemy Lines I: Rebel Dream,movie,,movie,,,0.0,no_match
STARWARS.xlsx,LEGENDS,426,The New Jedi Order: Enemy Lines II: Rebel Stand,Novel,2002-05-28 00:00:00,The New Jedi Order: Enemy Lines II: Rebel Stand,movie,,movie,,,0.0,no_match
STARWARS.xlsx,LEGENDS,427,The New Jedi Order: Traitor,Novel,2002-07-30 00:00:00,The New Jedi Order: Traitor,movie,,movie,,,0.0,no_match
STARWARS.xlsx,LEGENDS,428,The New Jedi Order: Destiny's Way,Novel,2002-10-01 00:00:00,The New Jedi Order: Destiny's Way,movie,,movie,,,0.0,no_match
STARWARS.xlsx,LEGENDS,429,The New Jedi Order: Force Heretic I: Remnant,Novel,2003-02-04 00:00:00,The New Jedi Order: Force Heretic I: Remnant,movie,,movie,,,0.0,no_match
STARWARS.xlsx,LEGENDS,430,The New Jedi Order: Force Heretic II: Refugee,Novel,2003-04-29 00:00:00,The New Jedi Order: Force Heretic II: Refugee,movie,,movie,,,0.0,no_match
STARWARS.xlsx,LEGENDS,431,The New Jedi Order: Force Heretic III: Reunion,Novel,2003-07-01 00:00:00,The New Jedi Order: Force Heretic III: Reunion,movie,,movie,,,0.0,no_match
STARWARS.xlsx,LEGENDS,432,The New Jedi Order: The Final Prophecy,Novel,2003-09-30 00:00:00,The New Jedi Order: The Final Prophecy,movie,,movie,,,0.0,no_match
STARWARS.xlsx,LEGENDS,433,The New Jedi Order: The Unifying Force,Novel,2003-11-04 00:00:00,The New Jedi Order: The Unifying Force,movie,,movie,,,0.0,no_match
STARWARS.xlsx,LEGENDS,434,Dark Nest I: The Joiner King,Novel,2005-07-26 00:00:00,Dark Nest I: The Joiner King,movie,,movie,,,0.0,no_match
STARWARS.xlsx,LEGENDS,435,Dark Nest II: The Unseen Queen,Novel,2005-09-27 00:00:00,Dark Nest II: The Unseen Queen,movie,,movie,,,0.0,no_match
STARWARS.xlsx,LEGENDS,436,Dark Nest III: The Swarm War,Novel,2005-12-27 00:00:00,Dark Nest III: The Swarm War,movie,,movie,,,0.0,no_match
STARWARS.xlsx,LEGENDS,437,Legacy of the Force: Betrayal,Novel,2006-05-30 00:00:00,Legacy of the Force: Betrayal,movie,,movie,,,0.0,no_match
STARWARS.xlsx,LEGENDS,438,Legacy of the Force: Bloodlines,Novel,2006-08-29 00:00:00,Legacy of the Force: Bloodlines,movie,,movie,,,0.0,no_match
STARWARS.xlsx,LEGENDS,439,Legacy of the Force: Tempest,Novel,2006-11-28 00:00:00,Legacy of the Force: Tempest,movie,,movie,,,0.0,no_match
STARWARS.xlsx,LEGENDS,440,Legacy of the Force: Exile,Novel,2007-02-27 00:00:00,Legacy of the Force: Exile,movie,,movie,,,0.0,no_match
STARWARS.xlsx,LEGENDS,441,Legacy of the Force: Sacrifice,Novel,2007-05-29 00:00:00,Legacy of the Force: Sacrifice,movie,,movie,,,0.0,no_match
STARWARS.xlsx,LEGENDS,442,Legacy of the Force: Inferno,Novel,2007-08-28 00:00:00,Legacy of the Force: Inferno,movie,,movie,,,0.0,no_match
STARWARS.xlsx,LEGENDS,443,Legacy of the Force: Fury,Novel,2007-11-27 00:00:00,Legacy of the Force: Fury,movie,,movie,,,0.0,no_match
STARWARS.xlsx,LEGENDS,444,Legacy of the Force: Revelation,Novel,2008-02-26 00:00:00,Legacy of the Force: Revelation,movie,,movie,,,0.0,no_match
STARWARS.xlsx,LEGENDS,445,Legacy of the Force: Invincible,Novel,2008-05-13 00:00:00,Legacy of the Force: Invincible,movie,,movie,,,0.0,no_match
STARWARS.xlsx,LEGENDS,446,Crosscurrent,Novel,2010-01-26 00:00:00,Crosscurrent,movie,,movie,,,0.0,no_match
STARWARS.xlsx,LEGENDS,447,Riptide,Novel,2011-10-25 00:00:00,Riptide,movie,,movie,,,0.0,no_match
STARWARS.xlsx,LEGENDS,448,Millennium Falcon,Novel,2008-10-21 00:00:00,Millennium Falcon,movie,,movie,,,0.0,no_match
STARWARS.xlsx,LEGENDS,449,Fate of the Jedi: Outcast,Novel,2009-03-24 00:00:00,Fate of the Jedi: Outcast,movie,,movie,,,0.0,no_match
STARWARS.xlsx,LEGENDS,450,Fate of the Jedi: Omen,Novel,2009-06-23 00:00:00,Fate of the Jedi: Omen,movie,,movie,,,0.0,no_match
STARWARS.xlsx,LEGENDS,451,Fate of the Jedi: Abyss,Novel,2009-08-18 00:00:00,Fate of the Jedi: Abyss,movie,,movie,,,0.0,no_match
STARWARS.xlsx,LEGENDS,452,Fate of the Jedi: Backlash,Novel,2010-03-09 00:00:00,Fate of the Jedi: Backlash,movie,,movie,,,0.0,no_match
STARWARS.xlsx,LEGENDS,453,Fate of the Jedi: Allies,Novel,2010-05-25 00:00:00,Fate of the Jedi: Allies,movie,,movie,,,0.0,no_match
STARWARS.xlsx,LEGENDS,454,Fate of the Jedi: Vortex,Novel,2010-11-30 00:00:00,Fate of the Jedi: Vortex,movie,,movie,,,0.0,no_match
STARWARS.xlsx,LEGENDS,455,Fate of the Jedi: Conviction,Novel,2011-05-24 00:00:00,Fate of the Jedi: Conviction,movie,,movie,,,0.0,no_match
STARWARS.xlsx,LEGENDS,456,Fate of the Jedi: Ascension,Novel,2011-08-09 00:00:00,Fate of the Jedi: Ascension,movie,,movie,,,0.0,no_match
STARWARS.xlsx,LEGENDS,457,Fate of the Jedi: Apocalypse,Novel,2011-11-16 00:00:00,Fate of the Jedi: Apocalypse,movie,,movie,,,0.0,no_match
STARWARS.xlsx,LEGENDS,458,X-Wing: Mercy Kill,Novel,2012-08-07 00:00:00,X-Wing: Mercy Kill,movie,,movie,,,0.0,no_match
STARWARS.xlsx,LEGENDS,459,Crucible,Novel,2013-07-09 00:00:00,Crucible,movie,1415745,movie,Crucible,2013-03-01,0.9502,matched
STARTREK.xlsx,STARTREK,2,The Man Trap,TV Episode,1966-09-08 00:00:00,The Man Trap,tv,,tv,,,0.0,no_match
STARTREK.xlsx,STARTREK,3,Charlie X,TV Episode,1966-09-15 00:00:00,Charlie X,tv,,tv,,,0.0,no_match
STARTREK.xlsx,STARTREK,4,Where No Man Has Gone Before,TV Episode,1966-09-22 00:00:00,Where No Man Has Gone Before,tv,,tv,,,0.0,no_match
STARTREK.xlsx,STARTREK,5,The Naked Time,TV Episode,1966-09-29 00:00:00,The Naked Time,tv,,tv,,,0.0,no_match
STARTREK.xlsx,STARTREK,6,The Enemy Within,TV Episode,1966-10-06 00:00:00,The Enemy Within,tv,,tv,,,0.0,no_match
STARTREK.xlsx,STARTREK,7,Mudd's Women,TV Episode,1966-10-13 00:00:00,Mudd's Women,tv,,tv,,,0.0,no_match
STARTREK.xlsx,STARTREK,8,What Are Little Girls Made Of?,TV Episode,1966-10-20 00:00:00,What Are Little Girls Made Of?,tv,,tv,,,0.0,no_match
STARTREK.xlsx,STARTREK,9,Miri,TV Episode,1966-10-27 00:00:00,Miri,tv,,tv,,,0.0,no_match
STARTREK.xlsx,STARTREK,10,Dagger of the Mind,TV Episode,1966-11-03 00:00:00,Dagger of the Mind,tv,,tv,,,0.0,no_match
STARTREK.xlsx,STARTREK,11,The Corbomite Maneuver,TV Episode,1966-11-10 00:00:00,The Corbomite Maneuver,tv,,tv,,,0.0,no_match
STARTREK.xlsx,STARTREK,12,"The Menagerie, Part 1",TV Episode,1966-11-17 00:00:00,"The Menagerie, Part 1",tv,,tv,,,0.0,no_match
STARTREK.xlsx,STARTREK,13,"The Menagerie, Part 2",TV Episode,1966-11-24 00:00:00,"The Menagerie, Part 2",tv,,tv,,,0.0,no_match
STARTREK.xlsx,STARTREK,14,The Conscience of the King,TV Episode,1966-12-08 00:00:00,The Conscience of the King,tv,,tv,,,0.0,no_match
STARTREK.xlsx,STARTREK,15,Balance of Terror,TV Episode,1966-12-15 00:00:00,Balance of Terror,tv,,tv,,,0.0,no_match
STARTREK.xlsx,STARTREK,16,Shore Leave,TV Episode,1966-12-29 00:00:00,Shore Leave,tv,,tv,,,0.0,no_match
STARTREK.xlsx,STARTREK,17,The Galileo Seven,TV Episode,1967-01-05 00:00:00,The Galileo Seven,tv,,tv,,,0.0,no_match
STARTREK.xlsx,STARTREK,18,The Squire of Gothos,TV Episode,1967-01-12 00:00:00,The Squire of Gothos,tv,,tv,,,0.0,no_match
STARTREK.xlsx,STARTREK,19,Arena,TV Episode,1967-01-19 00:00:00,Arena,tv,,tv,,,0.0,no_match
STARTREK.xlsx,STARTREK,20,Tomorrow Is Yesterday,TV Episode,1967-01-26 00:00:00,Tomorrow Is Yesterday,tv,,tv,,,0.0,no_match
STARTREK.xlsx,STARTREK,21,Court Martial,TV Episode,1967-02-02 00:00:00,Court Martial,tv,,tv,,,0.0,no_match
STARTREK.xlsx,STARTREK,22,The Return of the Archons,TV Episode,1967-02-09 00:00:00,The Return of the Archons,tv,,tv,,,0.0,no_match
STARTREK.xlsx,STARTREK,23,Space Seed,TV Episode,1967-02-16 00:00:00,Space Seed,tv,,tv,,,0.0,no_match
STARTREK.xlsx,STARTREK,24,A Taste of Armageddon,TV Episode,1967-02-23 00:00:00,A Taste of Armageddon,tv,,tv,,,0.0,no_match
STARTREK.xlsx,STARTREK,25,This Side of Paradise,TV Episode,1967-03-02 00:00:00,This Side of Paradise,tv,,tv,,,0.0,no_match
STARTREK.xlsx,STARTREK,26,The Devil in the Dark,TV Episode,1967-03-09 00:00:00,The Devil in the Dark,tv,,tv,,,0.0,no_match
STARTREK.xlsx,STARTREK,27,Errand of Mercy,TV Episode,1967-03-23 00:00:00,Errand of Mercy,tv,,tv,,,0.0,no_match
STARTREK.xlsx,STARTREK,28,The Alternative Factor,TV Episode,1967-03-30 00:00:00,The Alternative Factor,tv,,tv,,,0.0,no_match
STARTREK.xlsx,STARTREK,29,The City on the Edge of Forever,TV Episode,1967-04-06 00:00:00,The City on the Edge of Forever,tv,,tv,,,0.0,no_match
STARTREK.xlsx,STARTREK,30,Operation: Annihilate!,TV Episode,1967-04-13 00:00:00,Operation: Annihilate!,tv,,tv,,,0.0,no_match
STARTREK.xlsx,STARTREK,31,Amok Time,TV Episode,1967-09-15 00:00:00,Amok Time,tv,,tv,,,0.0,no_match
STARTREK.xlsx,STARTREK,32,Who Mourns for Adonais?,TV Episode,1967-09-22 00:00:00,Who Mourns for Adonais?,tv,,tv,,,0.0,no_match
STARTREK.xlsx,STARTREK,33,The Changeling,TV Episode,1967-09-29 00:00:00,The Changeling,tv,,tv,,,0.0,no_match
STARTREK.xlsx,STARTREK,34,"Mirror, Mirror",TV Episode,1967-10-06 00:00:00,"Mirror, Mirror",tv,,tv,,,0.0,no_match
STARTREK.xlsx,STARTREK,35,The Apple,TV Episode,1967-10-13 00:00:00,The Apple,tv,,tv,,,0.0,no_match
STARTREK.xlsx,STARTREK,36,The Doomsday Machine,TV Episode,1967-10-20 00:00:00,The Doomsday Machine,tv,,tv,,,0.0,no_match
STARTREK.xlsx,STARTREK,37,Catspaw,TV Episode,1967-10-27 00:00:00,Catspaw,tv,,tv,,,0.0,no_match
STARTREK.xlsx,STARTREK,38,"I, Mudd",TV Episode,1967-11-03 00:00:00,"I, Mudd",tv,,tv,,,0.0,no_match
STARTREK.xlsx,STARTREK,39,Metamorphosis,TV Episode,1967-11-10 00:00:00,Metamorphosis,tv,,tv,,,0.0,no_match
STARTREK.xlsx,STARTREK,40,Journey to Babel,TV Episode,1967-11-17 00:00:00,Journey to Babel,tv,,tv,,,0.0,no_match
STARTREK.xlsx,STARTREK,41,Friday's Child,TV Episode,1967-12-01 00:00:00,Friday's Child,tv,,tv,,,0.0,no_match
STARTREK.xlsx,STARTREK,42,The Deadly Years,TV Episode,1967-12-08 00:00:00,The Deadly Years,tv,,tv,,,0.0,no_match
STARTREK.xlsx,STARTREK,43,Obsession,TV Episode,1967-12-15 00:00:00,Obsession,tv,,tv,,,0.0,no_match
STARTREK.xlsx,STARTREK,44,Wolf in the Fold,TV Episode,1967-12-22 00:00:00,Wolf in the Fold,tv,,tv,,,0.0,no_match
STARTREK.xlsx,STARTREK,45,The Trouble with Tribbles,TV Episode,1967-12-29 00:00:00,The Trouble with Tribbles,tv,,tv,,,0.0,no_match
STARTREK.xlsx,STARTREK,46,The Gamesters of Triskelion,TV Episode,1968-01-05 00:00:00,The Gamesters of Triskelion,tv,,tv,,,0.0,no_match
STARTREK.xlsx,STARTREK,47,A Piece of the Action,TV Episode,1968-01-12 00:00:00,A Piece of the Action,tv,,tv,,,0.0,no_match
STARTREK.xlsx,STARTREK,48,The Immunity Syndrome,TV Episode,1968-01-19 00:00:00,The Immunity Syndrome,tv,,tv,,,0.0,no_match
STARTREK.xlsx,STARTREK,49,A Private Little War,TV Episode,1968-02-02 00:00:00,A Private Little War,tv,,tv,,,0.0,no_match
STARTREK.xlsx,STARTREK,50,Return to Tomorrow,TV Episode,1968-02-09 00:00:00,Return to Tomorrow,tv,,tv,,,0.0,no_match
STARTREK.xlsx,STARTREK,51,Patterns of Force,TV Episode,1968-02-16 00:00:00,Patterns of Force,tv,,tv,,,0.0,no_match
STARTREK.xlsx,STARTREK,52,By Any Other Name,TV Episode,1968-02-23 00:00:00,By Any Other Name,tv,,tv,,,0.0,no_match
STARTREK.xlsx,STARTREK,53,The Omega Glory,TV Episode,1968-03-01 00:00:00,The Omega Glory,tv,,tv,,,0.0,no_match
STARTREK.xlsx,STARTREK,54,The Ultimate Computer,TV Episode,1968-03-08 00:00:00,The Ultimate Computer,tv,,tv,,,0.0,no_match
STARTREK.xlsx,STARTREK,55,Bread and Circuses,TV Episode,1968-03-15 00:00:00,Bread and Circuses,tv,,tv,,,0.0,no_match
STARTREK.xlsx,STARTREK,56,Assignment: Earth,TV Episode,1968-03-29 00:00:00,Assignment: Earth,tv,,tv,,,0.0,no_match
STARTREK.xlsx,STARTREK,57,Spock's Brain,TV Episode,1968-09-20 00:00:00,Spock's Brain,tv,,tv,,,0.0,no_match
STARTREK.xlsx,STARTREK,58,The Enterprise Incident,TV Episode,1968-09-27 00:00:00,The Enterprise Incident,tv,,tv,,,0.0,no_match
STARTREK.xlsx,STARTREK,59,The Paradise Syndrome,TV Episode,1968-10-04 00:00:00,The Paradise Syndrome,tv,,tv,,,0.0,no_match
STARTREK.xlsx,STARTREK,60,And the Children Shall Lead,TV Episode,1968-10-11 00:00:00,And the Children Shall Lead,tv,,tv,,,0.0,no_match
STARTREK.xlsx,STARTREK,61,Is There in Truth No Beauty?,TV Episode,1968-10-18 00:00:00,Is There in Truth No Beauty?,tv,,tv,,,0.0,no_match
STARTREK.xlsx,STARTREK,62,Spectre of the Gun,TV Episode,1968-10-25 00:00:00,Spectre of the Gun,tv,,tv,,,0.0,no_match
STARTREK.xlsx,STARTREK,63,Day of the Dove,TV Episode,1968-11-01 00:00:00,Day of the Dove,tv,,tv,,,0.0,no_match
STARTREK.xlsx,STARTREK,64,For the World Is Hollow and I Have Touched the Sky,TV Episode,1968-11-08 00:00:00,For the World Is Hollow and I Have Touched the Sky,tv,,tv,,,0.0,no_match
STARTREK.xlsx,STARTREK,65,The Tholian Web,TV Episode,1968-11-15 00:00:00,The Tholian Web,tv,,tv,,,0.0,no_match
STARTREK.xlsx,STARTREK,66,Plato's Stepchildren,TV Episode,1968-11-22 00:00:00,Plato's Stepchildren,tv,,tv,,,0.0,no_match
STARTREK.xlsx,STARTREK,67,Wink of an Eye,TV Episode,1968-11-29 00:00:00,Wink of an Eye,tv,,tv,,,0.0,no_match
STARTREK.xlsx,STARTREK,68,The Empath,TV Episode,1968-12-06 00:00:00,The Empath,tv,,tv,,,0.0,no_match
STARTREK.xlsx,STARTREK,69,Elaan of Troyius,TV Episode,1968-12-20 00:00:00,Elaan of Troyius,tv,,tv,,,0.0,no_match
STARTREK.xlsx,STARTREK,70,Whom Gods Destroy,TV Episode,1969-01-03 00:00:00,Whom Gods Destroy,tv,,tv,,,0.0,no_match
STARTREK.xlsx,STARTREK,71,Let That Be Your Last Battlefield,TV Episode,1969-01-10 00:00:00,Let That Be Your Last Battlefield,tv,,tv,,,0.0,no_match
STARTREK.xlsx,STARTREK,72,The Mark of Gideon,TV Episode,1969-01-17 00:00:00,The Mark of Gideon,tv,,tv,,,0.0,no_match
STARTREK.xlsx,STARTREK,73,That Which Survives,TV Episode,1969-01-24 00:00:00,That Which Survives,tv,,tv,,,0.0,no_match
STARTREK.xlsx,STARTREK,74,The Lights of Zetar,TV Episode,1969-01-31 00:00:00,The Lights of Zetar,tv,,tv,,,0.0,no_match
STARTREK.xlsx,STARTREK,75,Requiem for Methuselah,TV Episode,1969-02-14 00:00:00,Requiem for Methuselah,tv,,tv,,,0.0,no_match
STARTREK.xlsx,STARTREK,76,The Way to Eden,TV Episode,1969-02-21 00:00:00,The Way to Eden,tv,,tv,,,0.0,no_match
STARTREK.xlsx,STARTREK,77,The Cloud Minders,TV Episode,1969-02-28 00:00:00,The Cloud Minders,tv,,tv,,,0.0,no_match
STARTREK.xlsx,STARTREK,78,The Savage Curtain,TV Episode,1969-03-07 00:00:00,The Savage Curtain,tv,,tv,,,0.0,no_match
STARTREK.xlsx,STARTREK,79,All Our Yesterdays,TV Episode,1969-03-14 00:00:00,All Our Yesterdays,tv,,tv,,,0.0,no_match
STARTREK.xlsx,STARTREK,80,Turnabout Intruder,TV Episode,1969-06-03 00:00:00,Turnabout Intruder,tv,,tv,,,0.0,no_match
STARTREK.xlsx,STARTREK,81,Beyond the Farthest Star,Animated TV Episode,1973-09-08 00:00:00,Beyond the Farthest Star,tv,,tv,,,0.0,no_match
STARTREK.xlsx,STARTREK,82,Yesteryear,Animated TV Episode,1973-09-15 00:00:00,Yesteryear,tv,,tv,,,0.0,no_match
STARTREK.xlsx,STARTREK,83,One of Our Planets Is Missing,Animated TV Episode,1973-09-22 00:00:00,One of Our Planets Is Missing,tv,,tv,,,0.0,no_match
STARTREK.xlsx,STARTREK,84,The Lorelei Signal,Animated TV Episode,1973-09-29 00:00:00,The Lorelei Signal,tv,,tv,,,0.0,no_match
STARTREK.xlsx,STARTREK,85,"More Tribbles, More Troubles",Animated TV Episode,1973-10-06 00:00:00,"More Tribbles, More Troubles",tv,,tv,,,0.0,no_match
STARTREK.xlsx,STARTREK,86,The Survivor,Animated TV Episode,1973-10-13 00:00:00,The Survivor,tv,,tv,,,0.0,no_match
STARTREK.xlsx,STARTREK,87,The Infinite Vulcan,Animated TV Episode,1973-10-20 00:00:00,The Infinite Vulcan,tv,,tv,,,0.0,no_match
STARTREK.xlsx,STARTREK,88,The Magicks of Megas-tu,Animated TV Episode,1973-10-27 00:00:00,The Magicks of Megas-tu,tv,,tv,,,0.0,no_match
STARTREK.xlsx,STARTREK,89,Once Upon a Planet,Animated TV Episode,1973-11-03 00:00:00,Once Upon a Planet,tv,,tv,,,0.0,no_match
STARTREK.xlsx,STARTREK,90,Mudd's Passion,Animated TV Episode,1973-11-10 00:00:00,Mudd's Passion,tv,,tv,,,0.0,no_match
STARTREK.xlsx,STARTREK,91,The Terratin Incident,Animated TV Episode,1973-11-17 00:00:00,The Terratin Incident,tv,,tv,,,0.0,no_match
STARTREK.xlsx,STARTREK,92,The Time Trap,Animated TV Episode,1973-11-24 00:00:00,The Time Trap,tv,,tv,,,0.0,no_match
STARTREK.xlsx,STARTREK,93,The Ambergris Element,Animated TV Episode,1973-12-01 00:00:00,The Ambergris Element,tv,,tv,,,0.0,no_match
STARTREK.xlsx,STARTREK,94,The Slaver Weapon,Animated TV Episode,1973-12-08 00:00:00,The Slaver Weapon,tv,,tv,,,0.0,no_match
STARTREK.xlsx,STARTREK,95,The Eye of the Beholder,Animated TV Episode,1974-01-05 00:00:00,The Eye of the Beholder,tv,,tv,,,0.0,no_match
STARTREK.xlsx,STARTREK,96,The Jihad,Animated TV Episode,1974-01-12 00:00:00,The Jihad,tv,,tv,,,0.0,no_match
STARTREK.xlsx,STARTREK,97,The Pirates of Orion,Animated TV Episode,1974-09-07 00:00:00,The Pirates of Orion,tv,,tv,,,0.0,no_match
STARTREK.xlsx,STARTREK,98,Bem,Animated TV Episode,1974-09-14 00:00:00,Bem,tv,,tv,,,0.0,no_match
STARTREK.xlsx,STARTREK,99,The Practical Joker,Animated TV Episode,1974-09-21 00:00:00,The Practical Joker,tv,,tv,,,0.0,no_match
STARTREK.xlsx,STARTREK,100,Albatross,Animated TV Episode,1974-09-28 00:00:00,Albatross,tv,,tv,,,0.0,no_match
STARTREK.xlsx,STARTREK,101,How Sharper Than a Serpent's Tooth,Animated TV Episode,1974-10-05 00:00:00,How Sharper Than a Serpent's Tooth,tv,,tv,,,0.0,no_match
STARTREK.xlsx,STARTREK,102,The Counter-Clock Incident,Animated TV Episode,1974-10-12 00:00:00,The Counter-Clock Incident,tv,,tv,,,0.0,no_match
STARTREK.xlsx,STARTREK,103,Star Trek: The Motion Picture,Film,1979-12-07 00:00:00,Star Trek: The Motion Picture,movie,152,movie,Star Trek: The Motion Picture,1979-12-07,0.9521,matched
STARTREK.xlsx,STARTREK,104,Star Trek II: The Wrath of Khan,Film,1982-06-04 00:00:00,Star Trek II: The Wrath of Khan,movie,154,movie,Star Trek II: The Wrath of Khan,1982-06-04,0.9513,matched
STARTREK.xlsx,STARTREK,105,Star Trek III: The Search for Spock,Film,1984-06-01 00:00:00,Star Trek III: The Search for Spock,movie,157,movie,Star Trek III: The Search for Spock,1984-06-01,0.9521,matched
STARTREK.xlsx,STARTREK,106,Star Trek IV: The Voyage Home,Film,1986-11-26 00:00:00,Star Trek IV: The Voyage Home,movie,168,movie,Star Trek IV: The Voyage Home,1986-11-26,0.9531,matched
STARTREK.xlsx,STARTREK,107,Encounter at Farpoint - Part I,TV Episode,1987-09-28 00:00:00,Encounter at Farpoint - Part I,tv,,tv,,,0.0,no_match
STARTREK.xlsx,STARTREK,108,Encounter at Farpoint - Part II,TV Episode,1987-09-28 00:00:00,Encounter at Farpoint - Part II,tv,,tv,,,0.0,no_match
STARTREK.xlsx,STARTREK,109,The Naked Now,TV Episode,1987-10-05 00:00:00,The Naked Now,tv,,tv,,,0.0,no_match
STARTREK.xlsx,STARTREK,110,Code of Honor,TV Episode,1987-10-12 00:00:00,Code of Honor,tv,,tv,,,0.0,no_match
STARTREK.xlsx,STARTREK,111,The Last Outpost,TV Episode,1987-10-19 00:00:00,The Last Outpost,tv,,tv,,,0.0,no_match
STARTREK.xlsx,STARTREK,112,Where No One Has Gone Before,TV Episode,1987-10-26 00:00:00,Where No One Has Gone Before,tv,,tv,,,0.0,no_match
STARTREK.xlsx,STARTREK,113,Lonely Among Us,TV Episode,1987-11-02 00:00:00,Lonely Among Us,tv,,tv,,,0.0,no_match
STARTREK.xlsx,STARTREK,114,Justice,TV Episode,1987-11-09 00:00:00,Justice,tv,,tv,,,0.0,no_match
STARTREK.xlsx,STARTREK,115,The Battle,TV Episode,1987-11-16 00:00:00,The Battle,tv,,tv,,,0.0,no_match
STARTREK.xlsx,STARTREK,116,Hide and Q,TV Episode,1987-11-23 00:00:00,Hide and Q,tv,,tv,,,0.0,no_match
STARTREK.xlsx,STARTREK,117,Haven,TV Episode,1987-11-30 00:00:00,Haven,tv,,tv,,,0.0,no_match
STARTREK.xlsx,STARTREK,118,The Big Goodbye,TV Episode,1988-01-11 00:00:00,The Big Goodbye,tv,,tv,,,0.0,no_match
STARTREK.xlsx,STARTREK,119,Datalore,TV Episode,1988-01-18 00:00:00,Datalore,tv,,tv,,,0.0,no_match
STARTREK.xlsx,STARTREK,120,Angel One,TV Episode,1988-01-25 00:00:00,Angel One,tv,,tv,,,0.0,no_match
STARTREK.xlsx,STARTREK,121,11001001,TV Episode,1988-02-01 00:00:00,11001001,tv,,tv,,,0.0,no_match
STARTREK.xlsx,STARTREK,122,Too Short a Season,TV Episode,1988-02-08 00:00:00,Too Short a Season,tv,,tv,,,0.0,no_match
STARTREK.xlsx,STARTREK,123,When the Bough Breaks,TV Episode,1988-02-15 00:00:00,When the Bough Breaks,tv,,tv,,,0.0,no_match
STARTREK.xlsx,STARTREK,124,Home Soil,TV Episode,1988-02-22 00:00:00,Home Soil,tv,,tv,,,0.0,no_match
STARTREK.xlsx,STARTREK,125,Coming of Age,TV Episode,1988-03-14 00:00:00,Coming of Age,tv,10747,tv,Coming of Age,1988-03-15,0.9506,matched
STARTREK.xlsx,STARTREK,126,Heart of Glory,TV Episode,1988-03-21 00:00:00,Heart of Glory,tv,,tv,,,0.0,no_match
STARTREK.xlsx,STARTREK,127,The Arsenal of Freedom,TV Episode,1988-04-11 00:00:00,The Arsenal of Freedom,tv,,tv,,,0.0,no_match
STARTREK.xlsx,STARTREK,128,Symbiosis,TV Episode,1988-04-18 00:00:00,Symbiosis,tv,,tv,,,0.0,no_match
STARTREK.xlsx,STARTREK,129,Skin of Evil,TV Episode,1988-04-25 00:00:00,Skin of Evil,tv,,tv,,,0.0,no_match
STARTREK.xlsx,STARTREK,130,We'll Always Have Paris,TV Episode,1988-05-02 00:00:00,We'll Always Have Paris,tv,,tv,,,0.0,no_match
STARTREK.xlsx,STARTREK,131,Conspiracy,TV Episode,1988-05-09 00:00:00,Conspiracy,tv,,tv,,,0.0,no_match
STARTREK.xlsx,STARTREK,132,The Neutral Zone,TV Episode,1988-05-16 00:00:00,The Neutral Zone,tv,,tv,,,0.0,no_match
STARTREK.xlsx,STARTREK,133,The Cage,TV Episode,1988-10-04 00:00:00,The Cage,tv,,tv,,,0.0,no_match
STARTREK.xlsx,STARTREK,134,The Child,TV Episode,1988-11-21 00:00:00,The Child,tv,,tv,,,0.0,no_match
STARTREK.xlsx,STARTREK,135,Where Silence Has Lease,TV Episode,1988-11-28 00:00:00,Where Silence Has Lease,tv,,tv,,,0.0,no_match
STARTREK.xlsx,STARTREK,136,"Elementary, Dear Data",TV Episode,1988-12-05 00:00:00,"Elementary, Dear Data",tv,,tv,,,0.0,no_match
STARTREK.xlsx,STARTREK,137,The Outrageous Okona,TV Episode,1988-12-12 00:00:00,The Outrageous Okona,tv,,tv,,,0.0,no_match
STARTREK.xlsx,STARTREK,138,Loud as a Whisper,TV Episode,1989-01-09 00:00:00,Loud as a Whisper,tv,,tv,,,0.0,no_match
STARTREK.xlsx,STARTREK,139,The Schizoid Man,TV Episode,1989-01-23 00:00:00,The Schizoid Man,tv,,tv,,,0.0,no_match
STARTREK.xlsx,STARTREK,140,Unnatural Selection,TV Episode,1989-01-30 00:00:00,Unnatural Selection,tv,,tv,,,0.0,no_match
STARTREK.xlsx,STARTREK,141,A Matter of Honor,TV Episode,1989-02-06 00:00:00,A Matter of Honor,tv,,tv,,,0.0,no_match
STARTREK.xlsx,STARTREK,142,The Measure of a Man,TV Episode,1989-02-13 00:00:00,The Measure of a Man,tv,,tv,,,0.0,no_match
STARTREK.xlsx,STARTREK,143,The Dauphin,TV Episode,1989-02-20 00:00:00,The Dauphin,tv,,tv,,,0.0,no_match
STARTREK.xlsx,STARTREK,144,Contagion,TV Episode,1989-03-20 00:00:00,Contagion,tv,,tv,,,0.0,no_match
STARTREK.xlsx,STARTREK,145,The Royale,TV Episode,1989-03-27 00:00:00,The Royale,tv,,tv,,,0.0,no_match
STARTREK.xlsx,STARTREK,146,Time Squared,TV Episode,1989-04-03 00:00:00,Time Squared,tv,,tv,,,0.0,no_match
STARTREK.xlsx,STARTREK,147,The Icarus Factor,TV Episode,1989-04-24 00:00:00,The Icarus Factor,tv,,tv,,,0.0,no_match
STARTREK.xlsx,STARTREK,148,Pen Pals,TV Episode,1989-05-01 00:00:00,Pen Pals,tv,,tv,,,0.0,no_match
STARTREK.xlsx,STARTREK,149,Q Who,TV Episode,1989-05-08 00:00:00,Q Who,tv,,tv,,,0.0,no_match
STARTREK.xlsx,STARTREK,150,Samaritan Snare,TV Episode,1989-05-15 00:00:00,Samaritan Snare,tv,,tv,,,0.0,no_match
STARTREK.xlsx,STARTREK,151,Up the Long Ladder,TV Episode,1989-05-22 00:00:00,Up the Long Ladder,tv,,tv,,,0.0,no_match
STARTREK.xlsx,STARTREK,152,Star Trek V: The Final Frontier,Film,1989-06-09 00:00:00,Star Trek V: The Final Frontier,movie,172,movie,Star Trek V: The Final Frontier,1989-06-09,0.9526,matched
STARTREK.xlsx,STARTREK,153,Manhunt,TV Episode,1989-06-19 00:00:00,Manhunt,tv,,tv,,,0.0,no_match
STARTREK.xlsx,STARTREK,154,The Emissary,TV Episode,1989-06-26 00:00:00,The Emissary,tv,,tv,,,0.0,no_match
STARTREK.xlsx,STARTREK,155,Peak Performance,TV Episode,1989-07-10 00:00:00,Peak Performance,tv,,tv,,,0.0,no_match
STARTREK.xlsx,STARTREK,156,Shades of Gray,TV Episode,1989-07-17 00:00:00,Shades of Gray,tv,,tv,,,0.0,no_match
STARTREK.xlsx,STARTREK,157,Evolution,TV Episode,1989-09-25 00:00:00,Evolution,tv,,tv,,,0.0,no_match
STARTREK.xlsx,STARTREK,158,The Ensigns of Command,TV Episode,1989-10-02 00:00:00,The Ensigns of Command,tv,,tv,,,0.0,no_match
STARTREK.xlsx,STARTREK,159,The Survivors,TV Episode,1989-10-09 00:00:00,The Survivors,tv,,tv,,,0.0,no_match
STARTREK.xlsx,STARTREK,160,Who Watches the Watchers,TV Episode,1989-10-16 00:00:00,Who Watches the Watchers,tv,,tv,,,0.0,no_match
STARTREK.xlsx,STARTREK,161,The Bonding,TV Episode,1989-10-23 00:00:00,The Bonding,tv,,tv,,,0.0,no_match
STARTREK.xlsx,STARTREK,162,Booby Trap,TV Episode,1989-10-30 00:00:00,Booby Trap,tv,,tv,,,0.0,no_match
STARTREK.xlsx,STARTREK,163,The Enemy,TV Episode,1989-11-06 00:00:00,The Enemy,tv,201894,tv,The Enemy's the Pirates!: The Cats' Banquet,1989-12-26,0.4795,review
STARTREK.xlsx,STARTREK,164,The Price,TV Episode,1989-11-13 00:00:00,The Price,tv,,tv,,,0.0,no_match
STARTREK.xlsx,STARTREK,165,The Vengeance Factor,TV Episode,1989-11-20 00:00:00,The Vengeance Factor,tv,,tv,,,0.0,no_match
STARTREK.xlsx,STARTREK,166,The Defector,TV Episode,1990-01-01 00:00:00,The Defector,tv,,tv,,,0.0,no_match
STARTREK.xlsx,STARTREK,167,The Hunted,TV Episode,1990-01-10 00:00:00,The Hunted,tv,,tv,,,0.0,no_match
STARTREK.xlsx,STARTREK,168,The High Ground,TV Episode,1990-01-31 00:00:00,The High Ground,tv,,tv,,,0.0,no_match
STARTREK.xlsx,STARTREK,169,Deja Q,TV Episode,1990-02-05 00:00:00,Deja Q,tv,,tv,,,0.0,no_match
STARTREK.xlsx,STARTREK,170,A Matter of Perspective,TV Episode,1990-02-12 00:00:00,A Matter of Perspective,tv,,tv,,,0.0,no_match
STARTREK.xlsx,STARTREK,171,Yesterday's Enterprise,TV Episode,1990-02-19 00:00:00,Yesterday's Enterprise,tv,,tv,,,0.0,no_match
STARTREK.xlsx,STARTREK,172,The Offspring,TV Episode,1990-03-12 00:00:00,The Offspring,tv,,tv,,,0.0,no_match
STARTREK.xlsx,STARTREK,173,Sins of the Father,TV Episode,1990-03-19 00:00:00,Sins of the Father,tv,,tv,,,0.0,no_match
STARTREK.xlsx,STARTREK,174,Allegiance,TV Episode,1990-03-26 00:00:00,Allegiance,tv,,tv,,,0.0,no_match
STARTREK.xlsx,STARTREK,175,Captain's Holiday,TV Episode,1990-04-02 00:00:00,Captain's Holiday,tv,,tv,,,0.0,no_match
STARTREK.xlsx,STARTREK,176,Tin Man,TV Episode,1990-04-23 00:00:00,Tin Man,tv,,tv,,,0.0,no_match
STARTREK.xlsx,STARTREK,177,Hollow Pursuits,TV Episode,1990-04-30 00:00:00,Hollow Pursuits,tv,,tv,,,0.0,no_match
STARTREK.xlsx,STARTREK,178,The Most Toys,TV Episode,1990-05-07 00:00:00,The Most Toys,tv,,tv,,,0.0,no_match
STARTREK.xlsx,STARTREK,179,Sarek,TV Episode,1990-05-14 00:00:00,Sarek,tv,,tv,,,0.0,no_match
STARTREK.xlsx,STARTREK,180,Ménage à Troi,TV Episode,1990-05-28 00:00:00,Ménage à Troi,tv,,tv,,,0.0,no_match
STARTREK.xlsx,STARTREK,181,Transfigurations,TV Episode,1990-06-04 00:00:00,Transfigurations,tv,,tv,,,0.0,no_match
STARTREK.xlsx,STARTREK,182,"The Best of Both Worlds, Part I",TV Episode,1990-06-18 00:00:00,"The Best of Both Worlds, Part I",tv,,tv,,,0.0,no_match
STARTREK.xlsx,STARTREK,183,"The Best of Both Worlds, Part II",TV Episode,1990-09-24 00:00:00,"The Best of Both Worlds, Part II",tv,,tv,,,0.0,no_match
STARTREK.xlsx,STARTREK,184,Family,TV Episode,1990-10-01 00:00:00,Family,tv,201170,tv,The Family,1990-03-27,0.7703,matched
STARTREK.xlsx,STARTREK,185,Brothers,TV Episode,1990-10-08 00:00:00,Brothers,tv,,tv,,,0.0,no_match
STARTREK.xlsx,STARTREK,186,Suddenly Human,TV Episode,1990-10-15 00:00:00,Suddenly Human,tv,,tv,,,0.0,no_match
STARTREK.xlsx,STARTREK,187,Remember Me,TV Episode,1990-10-22 00:00:00,Remember Me,tv,,tv,,,0.0,no_match
STARTREK.xlsx,STARTREK,188,Legacy,TV Episode,1990-10-29 00:00:00,Legacy,tv,,tv,,,0.0,no_match
STARTREK.xlsx,STARTREK,189,Reunion,TV Episode,1990-11-05 00:00:00,Reunion,tv,,tv,,,0.0,no_match
STARTREK.xlsx,STARTREK,190,Future Imperfect,TV Episode,1990-11-12 00:00:00,Future Imperfect,tv,,tv,,,0.0,no_match
STARTREK.xlsx,STARTREK,191,Final Mission,TV Episode,1990-11-19 00:00:00,Final Mission,tv,,tv,,,0.0,no_match
STARTREK.xlsx,STARTREK,192,The Loss,TV Episode,1990-12-31 00:00:00,The Loss,tv,,tv,,,0.0,no_match
STARTREK.xlsx,STARTREK,193,Data's Day,TV Episode,1991-01-07 00:00:00,Data's Day,tv,,tv,,,0.0,no_match
STARTREK.xlsx,STARTREK,194,The Wounded,TV Episode,1991-01-28 00:00:00,The Wounded,tv,,tv,,,0.0,no_match
STARTREK.xlsx,STARTREK,195,Devil's Due,TV Episode,1991-02-04 00:00:00,Devil's Due,tv,,tv,,,0.0,no_match
STARTREK.xlsx,STARTREK,196,Clues,TV Episode,1991-02-11 00:00:00,Clues,tv,,tv,,,0.0,no_match
STARTREK.xlsx,STARTREK,197,First Contact,TV Episode,1991-02-18 00:00:00,First Contact,tv,,tv,,,0.0,no_match
STARTREK.xlsx,STARTREK,198,Galaxy's Child,TV Episode,1991-03-11 00:00:00,Galaxy's Child,tv,,tv,,,0.0,no_match
STARTREK.xlsx,STARTREK,199,Night Terrors,TV Episode,1991-03-18 00:00:00,Night Terrors,tv,,tv,,,0.0,no_match
STARTREK.xlsx,STARTREK,200,Identity Crisis,TV Episode,1991-03-25 00:00:00,Identity Crisis,tv,,tv,,,0.0,no_match
STARTREK.xlsx,STARTREK,201,The Nth Degree,TV Episode,1991-04-01 00:00:00,The Nth Degree,tv,,tv,,,0.0,no_match
STARTREK.xlsx,STARTREK,202,Qpid,TV Episode,1991-04-22 00:00:00,Qpid,tv,,tv,,,0.0,no_match
STARTREK.xlsx,STARTREK,203,The Drumhead,TV Episode,1991-04-29 00:00:00,The Drumhead,tv,,tv,,,0.0,no_match
STARTREK.xlsx,STARTREK,204,Half a Life,TV Episode,1991-05-06 00:00:00,Half a Life,tv,,tv,,,0.0,no_match
STARTREK.xlsx,STARTREK,205,The Host,TV Episode,1991-05-13 00:00:00,The Host,tv,,tv,,,0.0,no_match
STARTREK.xlsx,STARTREK,206,The Mind's Eye,TV Episode,1991-05-27 00:00:00,The Mind's Eye,tv,,tv,,,0.0,no_match
STARTREK.xlsx,STARTREK,207,In Theory,TV Episode,1991-06-03 00:00:00,In Theory,tv,,tv,,,0.0,no_match
STARTREK.xlsx,STARTREK,208,"Redemption, Part I",TV Episode,1991-06-17 00:00:00,"Redemption, Part I",tv,,tv,,,0.0,no_match
STARTREK.xlsx,STARTREK,209,"Redemption, Part II",TV Episode,1991-09-23 00:00:00,"Redemption, Part II",tv,,tv,,,0.0,no_match
STARTREK.xlsx,STARTREK,210,Darmok,TV Episode,1991-09-30 00:00:00,Darmok,tv,,tv,,,0.0,no_match
STARTREK.xlsx,STARTREK,211,Ensign Ro,TV Episode,1991-10-07 00:00:00,Ensign Ro,tv,,tv,,,0.0,no_match
STARTREK.xlsx,STARTREK,212,Silicon Avatar,TV Episode,1991-10-14 00:00:00,Silicon Avatar,tv,,tv,,,0.0,no_match
STARTREK.xlsx,STARTREK,213,Disaster,TV Episode,1991-10-21 00:00:00,Disaster,tv,,tv,,,0.0,no_match
STARTREK.xlsx,STARTREK,214,The Game,TV Episode,1991-10-28 00:00:00,The Game,tv,,tv,,,0.0,no_match
STARTREK.xlsx,STARTREK,215,"Unification, Part I",TV Episode,1991-11-04 00:00:00,"Unification, Part I",tv,,tv,,,0.0,no_match
STARTREK.xlsx,STARTREK,216,"Unification, Part II",TV Episode,1991-11-11 00:00:00,"Unification, Part II",tv,,tv,,,0.0,no_match
STARTREK.xlsx,STARTREK,217,A Matter of Time,TV Episode,1991-11-18 00:00:00,A Matter of Time,tv,,tv,,,0.0,no_match
STARTREK.xlsx,STARTREK,218,Star Trek VI: The Undiscovered Country,Film,1991-12-06 00:00:00,Star Trek VI: The Undiscovered Country,movie,174,movie,Star Trek VI: The Undiscovered Country,1991-12-06,0.9512,matched
STARTREK.xlsx,STARTREK,219,New Ground,TV Episode,1991-12-30 00:00:00,New Ground,tv,,tv,,,0.0,no_match
STARTREK.xlsx,STARTREK,220,Hero Worship,TV Episode,1992-01-06 00:00:00,Hero Worship,tv,,tv,,,0.0,no_match
STARTREK.xlsx,STARTREK,221,Violations,TV Episode,1992-01-27 00:00:00,Violations,tv,,tv,,,0.0,no_match
STARTREK.xlsx,STARTREK,222,The Masterpiece Society,TV Episode,1992-02-03 00:00:00,The Masterpiece Society,tv,,tv,,,0.0,no_match
STARTREK.xlsx,STARTREK,223,Conundrum,TV Episode,1992-02-10 00:00:00,Conundrum,tv,,tv,,,0.0,no_match
STARTREK.xlsx,STARTREK,224,Power Play,TV Episode,1992-02-17 00:00:00,Power Play,tv,,tv,,,0.0,no_match
STARTREK.xlsx,STARTREK,225,Ethics,TV Episode,1992-02-24 00:00:00,Ethics,tv,,tv,,,0.0,no_match
STARTREK.xlsx,STARTREK,226,The Outcast,TV Episode,1992-03-16 00:00:00,The Outcast,tv,,tv,,,0.0,no_match
STARTREK.xlsx,STARTREK,227,Cause and Effect,TV Episode,1992-03-23 00:00:00,Cause and Effect,tv,,tv,,,0.0,no_match
STARTREK.xlsx,STARTREK,228,The First Duty,TV Episode,1992-03-30 00:00:00,The First Duty,tv,,tv,,,0.0,no_match
STARTREK.xlsx,STARTREK,229,Cost of Living,TV Episode,1992-04-20 00:00:00,Cost of Living,tv,,tv,,,0.0,no_match
STARTREK.xlsx,STARTREK,230,The Perfect Mate,TV Episode,1992-04-27 00:00:00,The Perfect Mate,tv,,tv,,,0.0,no_match
STARTREK.xlsx,STARTREK,231,Imaginary Friend,TV Episode,1992-05-04 00:00:00,Imaginary Friend,tv,,tv,,,0.0,no_match
STARTREK.xlsx,STARTREK,232,"I, Borg",TV Episode,1992-05-11 00:00:00,"I, Borg",tv,,tv,,,0.0,no_match
STARTREK.xlsx,STARTREK,233,The Next Phase,TV Episode,1992-05-18 00:00:00,The Next Phase,tv,,tv,,,0.0,no_match
STARTREK.xlsx,STARTREK,234,The Inner Light,TV Episode,1992-06-01 00:00:00,The Inner Light,tv,,tv,,,0.0,no_match
STARTREK.xlsx,STARTREK,235,"Time's Arrow, Part I",TV Episode,1992-06-15 00:00:00,"Time's Arrow, Part I",tv,,tv,,,0.0,no_match
STARTREK.xlsx,STARTREK,236,"Time's Arrow, Part II",TV Episode,1992-09-21 00:00:00,"Time's Arrow, Part II",tv,,tv,,,0.0,no_match
STARTREK.xlsx,STARTREK,237,Realm of Fear,TV Episode,1992-09-28 00:00:00,Realm of Fear,tv,,tv,,,0.0,no_match
STARTREK.xlsx,STARTREK,238,Man of the People,TV Episode,1992-10-05 00:00:00,Man of the People,tv,,tv,,,0.0,no_match
STARTREK.xlsx,STARTREK,239,Relics,TV Episode,1992-10-12 00:00:00,Relics,tv,,tv,,,0.0,no_match
STARTREK.xlsx,STARTREK,240,Schisms,TV Episode,1992-10-19 00:00:00,Schisms,tv,,tv,,,0.0,no_match
STARTREK.xlsx,STARTREK,241,True Q,TV Episode,1992-10-26 00:00:00,True Q,tv,,tv,,,0.0,no_match
STARTREK.xlsx,STARTREK,242,Rascals,TV Episode,1992-11-02 00:00:00,Rascals,tv,,tv,,,0.0,no_match
STARTREK.xlsx,STARTREK,243,A Fistful of Datas,TV Episode,1992-11-09 00:00:00,A Fistful of Datas,tv,,tv,,,0.0,no_match
STARTREK.xlsx,STARTREK,244,The Quality of Life,TV Episode,1992-11-16 00:00:00,The Quality of Life,tv,,tv,,,0.0,no_match
STARTREK.xlsx,STARTREK,245,"Chain of Command, Part I",TV Episode,1992-12-14 00:00:00,"Chain of Command, Part I",tv,,tv,,,0.0,no_match
STARTREK.xlsx,STARTREK,246,"Chain of Command, Part II",TV Episode,1992-12-21 00:00:00,"Chain of Command, Part II",tv,,tv,,,0.0,no_match
STARTREK.xlsx,STARTREK,247,Emissary Part I,TV Episode,1993-01-03 00:00:00,Emissary Part I,tv,,tv,,,0.0,no_match
STARTREK.xlsx,STARTREK,248,Emissary Part II,TV Episode,1993-01-03 00:00:00,Emissary Part II,tv,,tv,,,0.0,no_match
STARTREK.xlsx,STARTREK,249,Past Prologue,TV Episode,1993-01-10 00:00:00,Past Prologue,tv,,tv,,,0.0,no_match
STARTREK.xlsx,STARTREK,250,A Man Alone,TV Episode,1993-01-17 00:00:00,A Man Alone,tv,,tv,,,0.0,no_match
STARTREK.xlsx,STARTREK,251,Babel,TV Episode,1993-01-24 00:00:00,Babel,tv,260519,tv,Odissea Nelle Lingue,1993-01-01,0.403,review
STARTREK.xlsx,STARTREK,252,Ship in a Bottle,TV Episode,1993-01-25 00:00:00,Ship in a Bottle,tv,,tv,,,0.0,no_match
STARTREK.xlsx,STARTREK,253,Captive Pursuit,TV Episode,1993-01-31 00:00:00,Captive Pursuit,tv,,tv,,,0.0,no_match
STARTREK.xlsx,STARTREK,254,Aquiel,TV Episode,1993-02-01 00:00:00,Aquiel,tv,,tv,,,0.0,no_match
STARTREK.xlsx,STARTREK,255,Q-Less,TV Episode,1993-02-07 00:00:00,Q-Less,tv,,tv,,,0.0,no_match
STARTREK.xlsx,STARTREK,256,Face of the Enemy,TV Episode,1993-02-08 00:00:00,Face of the Enemy,tv,,tv,,,0.0,no_match
STARTREK.xlsx,STARTREK,257,Dax,TV Episode,1993-02-14 00:00:00,Dax,tv,,tv,,,0.0,no_match
STARTREK.xlsx,STARTREK,258,Tapestry,TV Episode,1993-02-15 00:00:00,Tapestry,tv,,tv,,,0.0,no_match
STARTREK.xlsx,STARTREK,259,The Passenger,TV Episode,1993-02-21 00:00:00,The Passenger,tv,,tv,,,0.0,no_match
STARTREK.xlsx,STARTREK,260,"Birthright, Part I",TV Episode,1993-02-22 00:00:00,"Birthright, Part I",tv,,tv,,,0.0,no_match
STARTREK.xlsx,STARTREK,261,"Birthright, Part II",TV Episode,1993-03-01 00:00:00,"Birthright, Part II",tv,,tv,,,0.0,no_match
STARTREK.xlsx,STARTREK,262,Move Along Home,TV Episode,1993-03-14 00:00:00,Move Along Home,tv,,tv,,,0.0,no_match
STARTREK.xlsx,STARTREK,263,The Nagus,TV Episode,1993-03-21 00:00:00,The Nagus,tv,,tv,,,0.0,no_match
STARTREK.xlsx,STARTREK,264,Starship Mine,TV Episode,1993-03-29 00:00:00,Starship Mine,tv,,tv,,,0.0,no_match
STARTREK.xlsx,STARTREK,265,Lessons,TV Episode,1993-04-05 00:00:00,Lessons,tv,,tv,,,0.0,no_match
STARTREK.xlsx,STARTREK,266,Vortex,TV Episode,1993-04-18 00:00:00,Vortex,tv,,tv,,,0.0,no_match
STARTREK.xlsx,STARTREK,267,Battle Lines,TV Episode,1993-04-25 00:00:00,Battle Lines,tv,,tv,,,0.0,no_match
STARTREK.xlsx,STARTREK,268,The Chase,TV Episode,1993-04-26 00:00:00,The Chase,tv,10068,tv,The Chevy Chase Show,1993-09-07,0.6772,matched
STARTREK.xlsx,STARTREK,269,The Storyteller,TV Episode,1993-05-02 00:00:00,The Storyteller,tv,,tv,,,0.0,no_match
STARTREK.xlsx,STARTREK,270,Frame of Mind,TV Episode,1993-05-03 00:00:00,Frame of Mind,tv,,tv,,,0.0,no_match
STARTREK.xlsx,STARTREK,271,Progress,TV Episode,1993-05-09 00:00:00,Progress,tv,,tv,,,0.0,no_match
STARTREK.xlsx,STARTREK,272,Suspicions,TV Episode,1993-05-10 00:00:00,Suspicions,tv,,tv,,,0.0,no_match
STARTREK.xlsx,STARTREK,273,If Wishes Were Horses,TV Episode,1993-05-16 00:00:00,If Wishes Were Horses,tv,,tv,,,0.0,no_match
STARTREK.xlsx,STARTREK,274,Rightful Heir,TV Episode,1993-05-17 00:00:00,Rightful Heir,tv,,tv,,,0.0,no_match
STARTREK.xlsx,STARTREK,275,The Forsaken,TV Episode,1993-05-23 00:00:00,The Forsaken,tv,,tv,,,0.0,no_match
STARTREK.xlsx,STARTREK,276,Second Chances,TV Episode,1993-05-24 00:00:00,Second Chances,tv,8648,tv,Second Chances,1993-11-25,0.9505,matched
STARTREK.xlsx,STARTREK,277,Dramatis Personae,TV Episode,1993-05-30 00:00:00,Dramatis Personae,tv,,tv,,,0.0,no_match
STARTREK.xlsx,STARTREK,278,Duet,TV Episode,1993-06-13 00:00:00,Duet,tv,,tv,,,0.0,no_match
STARTREK.xlsx,STARTREK,279,Timescape,TV Episode,1993-06-14 00:00:00,Timescape,tv,,tv,,,0.0,no_match
STARTREK.xlsx,STARTREK,280,In the Hands of the Prophets,TV Episode,1993-06-20 00:00:00,In the Hands of the Prophets,tv,,tv,,,0.0,no_match
STARTREK.xlsx,STARTREK,281,"Descent, Part I",TV Episode,1993-06-21 00:00:00,"Descent, Part I",tv,,tv,,,0.0,no_match
STARTREK.xlsx,STARTREK,282,"Descent, Part II",TV Episode,1993-09-20 00:00:00,"Descent, Part II",tv,,tv,,,0.0,no_match
STARTREK.xlsx,STARTREK,283,The Homecoming,TV Episode,1993-09-26 00:00:00,The Homecoming,tv,,tv,,,0.0,no_match
STARTREK.xlsx,STARTREK,284,Liaisons,TV Episode,1993-09-27 00:00:00,Liaisons,tv,,tv,,,0.0,no_match
STARTREK.xlsx,STARTREK,285,The Circle,TV Episode,1993-10-03 00:00:00,The Circle,tv,,tv,,,0.0,no_match
STARTREK.xlsx,STARTREK,286,Interface,TV Episode,1993-10-04 00:00:00,Interface,tv,,tv,,,0.0,no_match
STARTREK.xlsx,STARTREK,287,The Siege,TV Episode,1993-10-10 00:00:00,The Siege,tv,,tv,,,0.0,no_match
STARTREK.xlsx,STARTREK,288,"Gambit, Part I",TV Episode,1993-10-11 00:00:00,"Gambit, Part I",tv,,tv,,,0.0,no_match
STARTREK.xlsx,STARTREK,289,Invasive Procedures,TV Episode,1993-10-17 00:00:00,Invasive Procedures,tv,,tv,,,0.0,no_match
STARTREK.xlsx,STARTREK,290,"Gambit, Part II",TV Episode,1993-10-18 00:00:00,"Gambit, Part II",tv,,tv,,,0.0,no_match
STARTREK.xlsx,STARTREK,291,Cardassians,TV Episode,1993-10-24 00:00:00,Cardassians,tv,,tv,,,0.0,no_match
STARTREK.xlsx,STARTREK,292,Phantasms,TV Episode,1993-10-25 00:00:00,Phantasms,tv,,tv,,,0.0,no_match
STARTREK.xlsx,STARTREK,293,Melora,TV Episode,1993-10-31 00:00:00,Melora,tv,,tv,,,0.0,no_match
STARTREK.xlsx,STARTREK,294,Dark Page,TV Episode,1993-11-01 00:00:00,Dark Page,tv,,tv,,,0.0,no_match
STARTREK.xlsx,STARTREK,295,Rules of Acquisition,TV Episode,1993-11-07 00:00:00,Rules of Acquisition,tv,,tv,,,0.0,no_match
STARTREK.xlsx,STARTREK,296,Attached,TV Episode,1993-11-08 00:00:00,Attached,tv,,tv,,,0.0,no_match
STARTREK.xlsx,STARTREK,297,Necessary Evil,TV Episode,1993-11-14 00:00:00,Necessary Evil,tv,,tv,,,0.0,no_match
STARTREK.xlsx,STARTREK,298,Force of Nature,TV Episode,1993-11-15 00:00:00,Force of Nature,tv,,tv,,,0.0,no_match
STARTREK.xlsx,STARTREK,299,Second Sight,TV Episode,1993-11-21 00:00:00,Second Sight,tv,,tv,,,0.0,no_match
STARTREK.xlsx,STARTREK,300,Inheritance,TV Episode,1993-11-22 00:00:00,Inheritance,tv,,tv,,,0.0,no_match
STARTREK.xlsx,STARTREK,301,Sanctuary,TV Episode,1993-11-28 00:00:00,Sanctuary,tv,,tv,,,0.0,no_match
STARTREK.xlsx,STARTREK,302,Parallels,TV Episode,1993-11-29 00:00:00,Parallels,tv,,tv,,,0.0,no_match
STARTREK.xlsx,STARTREK,303,Rivals,TV Episode,1994-01-02 00:00:00,Rivals,tv,,tv,,,0.0,no_match
STARTREK.xlsx,STARTREK,304,The Alternate,TV Episode,1994-01-09 00:00:00,The Alternate,tv,,tv,,,0.0,no_match
STARTREK.xlsx,STARTREK,305,The Pegasus,TV Episode,1994-01-10 00:00:00,The Pegasus,tv,,tv,,,0.0,no_match
STARTREK.xlsx,STARTREK,306,Homeward,TV Episode,1994-01-17 00:00:00,Homeward,tv,,tv,,,0.0,no_match
STARTREK.xlsx,STARTREK,307,Armageddon Game,TV Episode,1994-01-30 00:00:00,Armageddon Game,tv,,tv,,,0.0,no_match
STARTREK.xlsx,STARTREK,308,Sub Rosa,TV Episode,1994-01-31 00:00:00,Sub Rosa,tv,,tv,,,0.0,no_match
STARTREK.xlsx,STARTREK,309,Whispers,TV Episode,1994-02-06 00:00:00,Whispers,tv,,tv,,,0.0,no_match
STARTREK.xlsx,STARTREK,310,Lower Decks,TV Episode,1994-02-07 00:00:00,Lower Decks,tv,,tv,,,0.0,no_match
STARTREK.xlsx,STARTREK,311,Paradise,TV Episode,1994-02-13 00:00:00,Paradise,tv,1605,tv,Thunder in Paradise,1994-03-25,0.6578,matched
STARTREK.xlsx,STARTREK,312,Thine Own Self,TV Episode,1994-02-14 00:00:00,Thine Own Self,tv,,tv,,,0.0,no_match
STARTREK.xlsx,STARTREK,313,Shadowplay,TV Episode,1994-02-20 00:00:00,Shadowplay,tv,,tv,,,0.0,no_match
STARTREK.xlsx,STARTREK,314,Masks,TV Episode,1994-02-21 00:00:00,Masks,tv,,tv,,,0.0,no_match
STARTREK.xlsx,STARTREK,315,Playing God,TV Episode,1994-02-27 00:00:00,Playing God,tv,,tv,,,0.0,no_match
STARTREK.xlsx,STARTREK,316,Eye of the Beholder,TV Episode,1994-02-28 00:00:00,Eye of the Beholder,tv,,tv,,,0.0,no_match
STARTREK.xlsx,STARTREK,317,Profit and Loss,TV Episode,1994-03-20 00:00:00,Profit and Loss,tv,,tv,,,0.0,no_match
STARTREK.xlsx,STARTREK,318,Genesis,TV Episode,1994-03-21 00:00:00,Genesis,tv,,tv,,,0.0,no_match
STARTREK.xlsx,STARTREK,319,Blood Oath,TV Episode,1994-03-27 00:00:00,Blood Oath,tv,,tv,,,0.0,no_match
STARTREK.xlsx,STARTREK,320,Journey's End,TV Episode,1994-03-28 00:00:00,Journey's End,tv,,tv,,,0.0,no_match
STARTREK.xlsx,STARTREK,321,"The Maquis, Part I",TV Episode,1994-04-24 00:00:00,"The Maquis, Part I",tv,,tv,,,0.0,no_match
STARTREK.xlsx,STARTREK,322,Firstborn,TV Episode,1994-04-25 00:00:00,Firstborn,tv,,tv,,,0.0,no_match
STARTREK.xlsx,STARTREK,323,"The Maquis, Part II",TV Episode,1994-05-01 00:00:00,"The Maquis, Part II",tv,,tv,,,0.0,no_match
STARTREK.xlsx,STARTREK,324,Bloodlines,TV Episode,1994-05-02 00:00:00,Bloodlines,tv,,tv,,,0.0,no_match
STARTREK.xlsx,STARTREK,325,The Wire,TV Episode,1994-05-08 00:00:00,The Wire,tv,,tv,,,0.0,no_match
STARTREK.xlsx,STARTREK,326,Emergence,TV Episode,1994-05-09 00:00:00,Emergence,tv,,tv,,,0.0,no_match
STARTREK.xlsx,STARTREK,327,Crossover,TV Episode,1994-05-15 00:00:00,Crossover,tv,,tv,,,0.0,no_match
STARTREK.xlsx,STARTREK,328,Preemptive Strike,TV Episode,1994-05-16 00:00:00,Preemptive Strike,tv,,tv,,,0.0,no_match
STARTREK.xlsx,STARTREK,329,The Collaborator,TV Episode,1994-05-22 00:00:00,The Collaborator,tv,,tv,,,0.0,no_match
STARTREK.xlsx,STARTREK,330,All Good Things... - Part I,TV Episode,1994-05-23 00:00:00,All Good Things... - Part I,tv,,tv,,,0.0,no_match
STARTREK.xlsx,STARTREK,331,All Good Things... - Part II,TV Episode,1994-05-23 00:00:00,All Good Things... - Part II,tv,,tv,,,0.0,no_match
STARTREK.xlsx,STARTREK,332,Tribunal,TV Episode,1994-06-05 00:00:00,Tribunal,tv,,tv,,,0.0,no_match
STARTREK.xlsx,STARTREK,333,The Jem'Hadar,TV Episode,1994-06-12 00:00:00,The Jem'Hadar,tv,,tv,,,0.0,no_match
STARTREK.xlsx,STARTREK,334,"The Search, Part I",TV Episode,1994-09-24 00:00:00,"The Search, Part I",tv,,tv,,,0.0,no_match
STARTREK.xlsx,STARTREK,335,"The Search, Part II",TV Episode,1994-10-01 00:00:00,"The Search, Part II",tv,,tv,,,0.0,no_match
STARTREK.xlsx,STARTREK,336,The House of Quark,TV Episode,1994-10-08 00:00:00,The House of Quark,tv,,tv,,,0.0,no_match
STARTREK.xlsx,STARTREK,337,Equilibrium,TV Episode,1994-10-15 00:00:00,Equilibrium,tv,,tv,,,0.0,no_match
STARTREK.xlsx,STARTREK,338,Second Skin,TV Episode,1994-10-22 00:00:00,Second Skin,tv,,tv,,,0.0,no_match
STARTREK.xlsx,STARTREK,339,The Abandoned,TV Episode,1994-10-29 00:00:00,The Abandoned,tv,304123,tv,The Abandoned Flat,1994-01-31,0.8342,matched
STARTREK.xlsx,STARTREK,340,Civil Defense,TV Episode,1994-11-05 00:00:00,Civil Defense,tv,,tv,,,0.0,no_match
STARTREK.xlsx,STARTREK,341,Meridian,TV Episode,1994-11-12 00:00:00,Meridian,tv,,tv,,,0.0,no_match
STARTREK.xlsx,STARTREK,342,Star Trek VII: Generations,Film,1994-11-18 00:00:00,Star Trek VII: Generations,movie,193,movie,Star Trek: Generations,1994-11-18,0.8921,matched
STARTREK.xlsx,STARTREK,343,Defiant,TV Episode,1994-11-19 00:00:00,Defiant,tv,,tv,,,0.0,no_match
STARTREK.xlsx,STARTREK,344,Fascination,TV Episode,1994-11-26 00:00:00,Fascination,tv,,tv,,,0.0,no_match
STARTREK.xlsx,STARTREK,345,Past Tense: Part I,TV Episode,1994-12-31 00:00:00,Past Tense: Part I,tv,,tv,,,0.0,no_match
STARTREK.xlsx,STARTREK,346,Past Tense: Part II,TV Episode,1995-01-07 00:00:00,Past Tense: Part II,tv,,tv,,,0.0,no_match
STARTREK.xlsx,STARTREK,347,Caretaker - Part I,TV Episode,1995-01-16 00:00:00,Caretaker - Part I,tv,,tv,,,0.0,no_match
STARTREK.xlsx,STARTREK,348,Caretaker - Part II,TV Episode,1995-01-16 00:00:00,Caretaker - Part II,tv,,tv,,,0.0,no_match
STARTREK.xlsx,STARTREK,349,Parallax,TV Episode,1995-01-23 00:00:00,Parallax,tv,,tv,,,0.0,no_match
STARTREK.xlsx,STARTREK,350,Life Support,TV Episode,1995-01-28 00:00:00,Life Support,tv,,tv,,,0.0,no_match
STARTREK.xlsx,STARTREK,351,Time and Again,TV Episode,1995-01-30 00:00:00,Time and Again,tv,,tv,,,0.0,no_match
STARTREK.xlsx,STARTREK,352,Heart of Stone,TV Episode,1995-02-04 00:00:00,Heart of Stone,tv,,tv,,,0.0,no_match
STARTREK.xlsx,STARTREK,353,Phage,TV Episode,1995-02-06 00:00:00,Phage,tv,,tv,,,0.0,no_match
STARTREK.xlsx,STARTREK,354,Destiny,TV Episode,1995-02-11 00:00:00,Destiny,tv,,tv,,,0.0,no_match
STARTREK.xlsx,STARTREK,355,The Cloud,TV Episode,1995-02-13 00:00:00,The Cloud,tv,,tv,,,0.0,no_match
STARTREK.xlsx,STARTREK,356,Prophet Motive,TV Episode,1995-02-18 00:00:00,Prophet Motive,tv,,tv,,,0.0,no_match
STARTREK.xlsx,STARTREK,357,Eye of the Needle,TV Episode,1995-02-20 00:00:00,Eye of the Needle,tv,,tv,,,0.0,no_match
STARTREK.xlsx,STARTREK,358,Visionary,TV Episode,1995-02-25 00:00:00,Visionary,tv,,tv,,,0.0,no_match
STARTREK.xlsx,STARTREK,359,Ex Post Facto,TV Episode,1995-02-27 00:00:00,Ex Post Facto,tv,,tv,,,0.0,no_match
STARTREK.xlsx,STARTREK,360,Emanations,TV Episode,1995-03-13 00:00:00,Emanations,tv,,tv,,,0.0,no_match
STARTREK.xlsx,STARTREK,361,Prime Factors,TV Episode,1995-03-20 00:00:00,Prime Factors,tv,,tv,,,0.0,no_match
STARTREK.xlsx,STARTREK,362,Distant Voices,TV Episode,1995-04-08 00:00:00,Distant Voices,tv,,tv,,,0.0,no_match
STARTREK.xlsx,STARTREK,363,State of Flux,TV Episode,1995-04-10 00:00:00,State of Flux,tv,,tv,,,0.0,no_match
STARTREK.xlsx,STARTREK,364,Through the Looking Glass,TV Episode,1995-04-15 00:00:00,Through the Looking Glass,tv,,tv,,,0.0,no_match
STARTREK.xlsx,STARTREK,365,Improbable Cause,TV Episode,1995-04-22 00:00:00,Improbable Cause,tv,,tv,,,0.0,no_match
STARTREK.xlsx,STARTREK,366,Heroes and Demons,TV Episode,1995-04-24 00:00:00,Heroes and Demons,tv,,tv,,,0.0,no_match
STARTREK.xlsx,STARTREK,367,The Die Is Cast,TV Episode,1995-04-29 00:00:00,The Die Is Cast,tv,,tv,,,0.0,no_match
STARTREK.xlsx,STARTREK,368,Cathexis,TV Episode,1995-05-01 00:00:00,Cathexis,tv,,tv,,,0.0,no_match
STARTREK.xlsx,STARTREK,369,Explorers,TV Episode,1995-05-06 00:00:00,Explorers,tv,80188,tv,Ruin Explorers Fam & Ihrie,1995-06-25,0.6009,review
STARTREK.xlsx,STARTREK,370,Faces,TV Episode,1995-05-08 00:00:00,Faces,tv,,tv,,,0.0,no_match
STARTREK.xlsx,STARTREK,371,Family Business,TV Episode,1995-05-13 00:00:00,Family Business,tv,,tv,,,0.0,no_match
STARTREK.xlsx,STARTREK,372,Jetrel,TV Episode,1995-05-15 00:00:00,Jetrel,tv,,tv,,,0.0,no_match
STARTREK.xlsx,STARTREK,373,Shakaar,TV Episode,1995-05-20 00:00:00,Shakaar,tv,,tv,,,0.0,no_match
STARTREK.xlsx,STARTREK,374,Learning Curve,TV Episode,1995-05-22 00:00:00,Learning Curve,tv,,tv,,,0.0,no_match
STARTREK.xlsx,STARTREK,375,Facets,TV Episode,1995-06-10 00:00:00,Facets,tv,,tv,,,0.0,no_match
STARTREK.xlsx,STARTREK,376,The Adversary,TV Episode,1995-06-17 00:00:00,The Adversary,tv,,tv,,,0.0,no_match
STARTREK.xlsx,STARTREK,377,The 37's,TV Episode,1995-08-28 00:00:00,The 37's,tv,,tv,,,0.0,no_match
STARTREK.xlsx,STARTREK,378,Initiations,TV Episode,1995-09-04 00:00:00,Initiations,tv,,tv,,,0.0,no_match
STARTREK.xlsx,STARTREK,379,Projections,TV Episode,1995-09-11 00:00:00,Projections,tv,,tv,,,0.0,no_match
STARTREK.xlsx,STARTREK,380,Elogium,TV Episode,1995-09-18 00:00:00,Elogium,tv,,tv,,,0.0,no_match
STARTREK.xlsx,STARTREK,381,Non Sequitur,TV Episode,1995-09-25 00:00:00,Non Sequitur,tv,,tv,,,0.0,no_match
STARTREK.xlsx,STARTREK,382,The Way of the Warrior Part I,TV Episode,1995-09-30 00:00:00,The Way of the Warrior Part I,tv,,tv,,,0.0,no_match
STARTREK.xlsx,STARTREK,383,The Way of the Warrior Part II,TV Episode,1995-09-30 00:00:00,The Way of the Warrior Part II,tv,,tv,,,0.0,no_match
STARTREK.xlsx,STARTREK,384,Twisted,TV Episode,1995-10-02 00:00:00,Twisted,tv,11187,tv,The Twisted Tales of Felix the Cat,1995-09-16,0.4774,review
STARTREK.xlsx,STARTREK,385,The Visitor,TV Episode,1995-10-07 00:00:00,The Visitor,tv,,tv,,,0.0,no_match
STARTREK.xlsx,STARTREK,386,Parturition,TV Episode,1995-10-09 00:00:00,Parturition,tv,,tv,,,0.0,no_match
STARTREK.xlsx,STARTREK,387,Hippocratic Oath,TV Episode,1995-10-14 00:00:00,Hippocratic Oath,tv,,tv,,,0.0,no_match
STARTREK.xlsx,STARTREK,388,Indiscretion,TV Episode,1995-10-21 00:00:00,Indiscretion,tv,,tv,,,0.0,no_match
STARTREK.xlsx,STARTREK,389,Rejoined,TV Episode,1995-10-28 00:00:00,Rejoined,tv,,tv,,,0.0,no_match
STARTREK.xlsx,STARTREK,390,Persistence of Vision,TV Episode,1995-10-30 00:00:00,Persistence of Vision,tv,,tv,,,0.0,no_match
STARTREK.xlsx,STARTREK,391,Starship Down,TV Episode,1995-11-04 00:00:00,Starship Down,tv,,tv,,,0.0,no_match
STARTREK.xlsx,STARTREK,392,Tattoo,TV Episode,1995-11-06 00:00:00,Tattoo,tv,,tv,,,0.0,no_match
STARTREK.xlsx,STARTREK,393,Little Green Men,TV Episode,1995-11-11 00:00:00,Little Green Men,tv,,tv,,,0.0,no_match
STARTREK.xlsx,STARTREK,394,Cold Fire,TV Episode,1995-11-13 00:00:00,Cold Fire,tv,,tv,,,0.0,no_match
STARTREK.xlsx,STARTREK,395,The Sword of Kahless,TV Episode,1995-11-18 00:00:00,The Sword of Kahless,tv,,tv,,,0.0,no_match
STARTREK.xlsx,STARTREK,396,Maneuvers,TV Episode,1995-11-20 00:00:00,Maneuvers,tv,,tv,,,0.0,no_match
STARTREK.xlsx,STARTREK,397,Our Man Bashir,TV Episode,1995-11-25 00:00:00,Our Man Bashir,tv,,tv,,,0.0,no_match
STARTREK.xlsx,STARTREK,398,Resistance,TV Episode,1995-11-27 00:00:00,Resistance,tv,,tv,,,0.0,no_match
STARTREK.xlsx,STARTREK,399,Homefront,TV Episode,1995-12-30 00:00:00,Homefront,tv,,tv,,,0.0,no_match
STARTREK.xlsx,STARTREK,400,Paradise Lost,TV Episode,1996-01-06 00:00:00,Paradise Lost,tv,327768,tv,Paradise Lost,1996-06-06,0.9501,matched
STARTREK.xlsx,STARTREK,401,Prototype,TV Episode,1996-01-15 00:00:00,Prototype,tv,,tv,,,0.0,no_match
STARTREK.xlsx,STARTREK,402,Alliances,TV Episode,1996-01-22 00:00:00,Alliances,tv,,tv,,,0.0,no_match
STARTREK.xlsx,STARTREK,403,Crossfire,TV Episode,1996-01-27 00:00:00,Crossfire,tv,,tv,,,0.0,no_match
STARTREK.xlsx,STARTREK,404,Threshold,TV Episode,1996-01-29 00:00:00,Threshold,tv,,tv,,,0.0,no_match
STARTREK.xlsx,STARTREK,405,Return to Grace,TV Episode,1996-02-03 00:00:00,Return to Grace,tv,,tv,,,0.0,no_match
STARTREK.xlsx,STARTREK,406,Meld,TV Episode,1996-02-05 00:00:00,Meld,tv,,tv,,,0.0,no_match
STARTREK.xlsx,STARTREK,407,Sons of Mogh,TV Episode,1996-02-10 00:00:00,Sons of Mogh,tv,,tv,,,0.0,no_match
STARTREK.xlsx,STARTREK,408,Dreadnought,TV Episode,1996-02-12 00:00:00,Dreadnought,tv,,tv,,,0.0,no_match
STARTREK.xlsx,STARTREK,409,Bar Association,TV Episode,1996-02-17 00:00:00,Bar Association,tv,,tv,,,0.0,no_match
STARTREK.xlsx,STARTREK,410,Death Wish,TV Episode,1996-02-19 00:00:00,Death Wish,tv,,tv,,,0.0,no_match
STARTREK.xlsx,STARTREK,411,Accession,TV Episode,1996-02-24 00:00:00,Accession,tv,,tv,,,0.0,no_match
STARTREK.xlsx,STARTREK,412,Lifesigns,TV Episode,1996-02-26 00:00:00,Lifesigns,tv,,tv,,,0.0,no_match
STARTREK.xlsx,STARTREK,413,Investigations,TV Episode,1996-03-13 00:00:00,Investigations,tv,,tv,,,0.0,no_match
STARTREK.xlsx,STARTREK,414,Deadlock,TV Episode,1996-03-18 00:00:00,Deadlock,tv,,tv,,,0.0,no_match
STARTREK.xlsx,STARTREK,415,Rules of Engagement,TV Episode,1996-04-06 00:00:00,Rules of Engagement,tv,,tv,,,0.0,no_match
STARTREK.xlsx,STARTREK,416,Innocence,TV Episode,1996-04-08 00:00:00,Innocence,tv,,tv,,,0.0,no_match
STARTREK.xlsx,STARTREK,417,Hard Time,TV Episode,1996-04-13 00:00:00,Hard Time,tv,,tv,,,0.0,no_match
STARTREK.xlsx,STARTREK,418,Shattered Mirror,TV Episode,1996-04-20 00:00:00,Shattered Mirror,tv,,tv,,,0.0,no_match
STARTREK.xlsx,STARTREK,419,The Muse,TV Episode,1996-04-27 00:00:00,The Muse,tv,,tv,,,0.0,no_match
STARTREK.xlsx,STARTREK,420,The Thaw,TV Episode,1996-04-29 00:00:00,The Thaw,tv,,tv,,,0.0,no_match
STARTREK.xlsx,STARTREK,421,For the Cause,TV Episode,1996-05-04 00:00:00,For the Cause,tv,,tv,,,0.0,no_match
STARTREK.xlsx,STARTREK,422,Tuvix,TV Episode,1996-05-06 00:00:00,Tuvix,tv,,tv,,,0.0,no_match
STARTREK.xlsx,STARTREK,423,To the Death,TV Episode,1996-05-11 00:00:00,To the Death,tv,,tv,,,0.0,no_match
STARTREK.xlsx,STARTREK,424,Resolutions,TV Episode,1996-05-13 00:00:00,Resolutions,tv,,tv,,,0.0,no_match
STARTREK.xlsx,STARTREK,425,The Quickening,TV Episode,1996-05-18 00:00:00,The Quickening,tv,,tv,,,0.0,no_match
STARTREK.xlsx,STARTREK,426,"Basics, Part I",TV Episode,1996-05-20 00:00:00,"Basics, Part I",tv,,tv,,,0.0,no_match
STARTREK.xlsx,STARTREK,427,Body Parts,TV Episode,1996-06-08 00:00:00,Body Parts,tv,,tv,,,0.0,no_match
STARTREK.xlsx,STARTREK,428,Broken Link,TV Episode,1996-06-15 00:00:00,Broken Link,tv,,tv,,,0.0,no_match
STARTREK.xlsx,STARTREK,429,"Basics, Part II",TV Episode,1996-09-04 00:00:00,"Basics, Part II",tv,,tv,,,0.0,no_match
STARTREK.xlsx,STARTREK,430,Flashback,TV Episode,1996-09-11 00:00:00,Flashback,tv,,tv,,,0.0,no_match
STARTREK.xlsx,STARTREK,431,The Chute,TV Episode,1996-09-18 00:00:00,The Chute,tv,,tv,,,0.0,no_match
STARTREK.xlsx,STARTREK,432,The Swarm,TV Episode,1996-09-25 00:00:00,The Swarm,tv,,tv,,,0.0,no_match
STARTREK.xlsx,STARTREK,433,Apocalypse Rising,TV Episode,1996-09-30 00:00:00,Apocalypse Rising,tv,,tv,,,0.0,no_match
STARTREK.xlsx,STARTREK,434,False Profits,TV Episode,1996-10-02 00:00:00,False Profits,tv,,tv,,,0.0,no_match
STARTREK.xlsx,STARTREK,435,The Ship,TV Episode,1996-10-07 00:00:00,The Ship,tv,117037,tv,The Great Ships,1996-09-26,0.7313,matched
STARTREK.xlsx,STARTREK,436,Remember,TV Episode,1996-10-09 00:00:00,Remember,tv,10479,tv,Remember WENN,1996-01-13,0.7807,matched
STARTREK.xlsx,STARTREK,437,Looking for par'Mach in All the Wrong Places,TV Episode,1996-10-14 00:00:00,Looking for par'Mach in All the Wrong Places,tv,,tv,,,0.0,no_match
STARTREK.xlsx,STARTREK,438,...Nor the Battle to the Strong,TV Episode,1996-10-21 00:00:00,...Nor the Battle to the Strong,tv,,tv,,,0.0,no_match
STARTREK.xlsx,STARTREK,439,The Assignment,TV Episode,1996-10-28 00:00:00,The Assignment,tv,,tv,,,0.0,no_match
STARTREK.xlsx,STARTREK,440,Sacred Ground,TV Episode,1996-10-30 00:00:00,Sacred Ground,tv,,tv,,,0.0,no_match
STARTREK.xlsx,STARTREK,441,Trials and Tribble-ations,TV Episode,1996-11-04 00:00:00,Trials and Tribble-ations,tv,,tv,,,0.0,no_match
STARTREK.xlsx,STARTREK,442,"Future's End, Part I",TV Episode,1996-11-06 00:00:00,"Future's End, Part I",tv,,tv,,,0.0,no_match
STARTREK.xlsx,STARTREK,443,Let He Who Is Without Sin...,TV Episode,1996-11-11 00:00:00,Let He Who Is Without Sin...,tv,,tv,,,0.0,no_match
STARTREK.xlsx,STARTREK,444,"Future's End, Part II",TV Episode,1996-11-13 00:00:00,"Future's End, Part II",tv,,tv,,,0.0,no_match
STARTREK.xlsx,STARTREK,445,Things Past,TV Episode,1996-11-18 00:00:00,Things Past,tv,,tv,,,0.0,no_match
STARTREK.xlsx,STARTREK,446,Warlord,TV Episode,1996-11-20 00:00:00,Warlord,tv,,tv,,,0.0,no_match
STARTREK.xlsx,STARTREK,447,Star Trek VIII: First Contact,Film,1996-11-22 00:00:00,Star Trek VIII: First Contact,movie,199,movie,Star Trek: First Contact,1996-11-22,0.8851,matched
STARTREK.xlsx,STARTREK,448,The Ascent,TV Episode,1996-11-25 00:00:00,The Ascent,tv,,tv,,,0.0,no_match
STARTREK.xlsx,STARTREK,449,The Q and the Grey,TV Episode,1996-11-27 00:00:00,The Q and the Grey,tv,,tv,,,0.0,no_match
STARTREK.xlsx,STARTREK,450,Macrocosm,TV Episode,1996-12-11 00:00:00,Macrocosm,tv,,tv,,,0.0,no_match
STARTREK.xlsx,STARTREK,451,Rapture,TV Episode,1996-12-30 00:00:00,Rapture,tv,,tv,,,0.0,no_match
STARTREK.xlsx,STARTREK,452,The Darkness and the Light,TV Episode,1997-01-06 00:00:00,The Darkness and the Light,tv,,tv,,,0.0,no_match
STARTREK.xlsx,STARTREK,453,Fair Trade,TV Episode,1997-01-08 00:00:00,Fair Trade,tv,,tv,,,0.0,no_match
STARTREK.xlsx,STARTREK,454,Alter Ego,TV Episode,1997-01-15 00:00:00,Alter Ego,tv,,tv,,,0.0,no_match
STARTREK.xlsx,STARTREK,455,The Begotten,TV Episode,1997-01-27 00:00:00,The Begotten,tv,,tv,,,0.0,no_match
STARTREK.xlsx,STARTREK,456,Coda,TV Episode,1997-01-29 00:00:00,Coda,tv,,tv,,,0.0,no_match
STARTREK.xlsx,STARTREK,457,For the Uniform,TV Episode,1997-02-03 00:00:00,For the Uniform,tv,,tv,,,0.0,no_match
STARTREK.xlsx,STARTREK,458,Blood Fever,TV Episode,1997-02-05 00:00:00,Blood Fever,tv,,tv,,,0.0,no_match
STARTREK.xlsx,STARTREK,459,In Purgatory's Shadow,TV Episode,1997-02-10 00:00:00,In Purgatory's Shadow,tv,,tv,,,0.0,no_match
STARTREK.xlsx,STARTREK,460,Unity,TV Episode,1997-02-12 00:00:00,Unity,tv,,tv,,,0.0,no_match
STARTREK.xlsx,STARTREK,461,By Inferno's Light,TV Episode,1997-02-17 00:00:00,By Inferno's Light,tv,,tv,,,0.0,no_match
STARTREK.xlsx,STARTREK,462,Darkling,TV Episode,1997-02-19 00:00:00,Darkling,tv,,tv,,,0.0,no_match
STARTREK.xlsx,STARTREK,463,"Doctor Bashir, I Presume?",TV Episode,1997-02-24 00:00:00,"Doctor Bashir, I Presume?",tv,,tv,,,0.0,no_match
STARTREK.xlsx,STARTREK,464,Rise,TV Episode,1997-02-26 00:00:00,Rise,tv,123304,tv,"I, Caesar – The Rise and Fall of the Roman Empire",1997-03-03,0.3391,review
STARTREK.xlsx,STARTREK,465,Favorite Son,TV Episode,1997-03-19 00:00:00,Favorite Son,tv,,tv,,,0.0,no_match
STARTREK.xlsx,STARTREK,466,A Simple Investigation,TV Episode,1997-03-31 00:00:00,A Simple Investigation,tv,,tv,,,0.0,no_match
STARTREK.xlsx,STARTREK,467,Business as Usual,TV Episode,1997-04-07 00:00:00,Business as Usual,tv,,tv,,,0.0,no_match
STARTREK.xlsx,STARTREK,468,Before and After,TV Episode,1997-04-09 00:00:00,Before and After,tv,,tv,,,0.0,no_match
STARTREK.xlsx,STARTREK,469,Ties of Blood and Water,TV Episode,1997-04-14 00:00:00,Ties of Blood and Water,tv,,tv,,,0.0,no_match
STARTREK.xlsx,STARTREK,470,Ferengi Love Songs,TV Episode,1997-04-21 00:00:00,Ferengi Love Songs,tv,,tv,,,0.0,no_match
STARTREK.xlsx,STARTREK,471,Real Life,TV Episode,1997-04-23 00:00:00,Real Life,tv,,tv,,,0.0,no_match
STARTREK.xlsx,STARTREK,472,Soldiers of the Empire,TV Episode,1997-04-28 00:00:00,Soldiers of the Empire,tv,,tv,,,0.0,no_match
STARTREK.xlsx,STARTREK,473,Distant Origin,TV Episode,1997-04-30 00:00:00,Distant Origin,tv,,tv,,,0.0,no_match
STARTREK.xlsx,STARTREK,474,Children of Time,TV Episode,1997-05-05 00:00:00,Children of Time,tv,,tv,,,0.0,no_match
STARTREK.xlsx,STARTREK,475,Displaced,TV Episode,1997-05-07 00:00:00,Displaced,tv,,tv,,,0.0,no_match
STARTREK.xlsx,STARTREK,476,Blaze of Glory,TV Episode,1997-05-12 00:00:00,Blaze of Glory,tv,,tv,,,0.0,no_match
STARTREK.xlsx,STARTREK,477,Worst Case Scenario,TV Episode,1997-05-14 00:00:00,Worst Case Scenario,tv,,tv,,,0.0,no_match
STARTREK.xlsx,STARTREK,478,Empok Nor,TV Episode,1997-05-19 00:00:00,Empok Nor,tv,,tv,,,0.0,no_match
STARTREK.xlsx,STARTREK,479,"Scorpion, Part I",TV Episode,1997-05-21 00:00:00,"Scorpion, Part I",tv,,tv,,,0.0,no_match
STARTREK.xlsx,STARTREK,480,In the Cards,TV Episode,1997-06-09 00:00:00,In the Cards,tv,,tv,,,0.0,no_match
STARTREK.xlsx,STARTREK,481,Call to Arms,TV Episode,1997-06-16 00:00:00,Call to Arms,tv,,tv,,,0.0,no_match
STARTREK.xlsx,STARTREK,482,Scorpion: Part II,TV Episode,1997-09-03 00:00:00,Scorpion: Part II,tv,,tv,,,0.0,no_match
STARTREK.xlsx,STARTREK,483,The Gift,TV Episode,1997-09-10 00:00:00,The Gift,tv,19581,tv,The Gift,1997-10-27,0.9503,matched
STARTREK.xlsx,STARTREK,484,Day of Honor,TV Episode,1997-09-17 00:00:00,Day of Honor,tv,,tv,,,0.0,no_match
STARTREK.xlsx,STARTREK,485,Nemesis,TV Episode,1997-09-24 00:00:00,Nemesis,tv,,tv,,,0.0,no_match
STARTREK.xlsx,STARTREK,486,A Time to Stand,TV Episode,1997-09-27 00:00:00,A Time to Stand,tv,,tv,,,0.0,no_match
STARTREK.xlsx,STARTREK,487,Revulsion,TV Episode,1997-10-01 00:00:00,Revulsion,tv,,tv,,,0.0,no_match
STARTREK.xlsx,STARTREK,488,Rocks and Shoals,TV Episode,1997-10-04 00:00:00,Rocks and Shoals,tv,,tv,,,0.0,no_match
STARTREK.xlsx,STARTREK,489,The Raven,TV Episode,1997-10-08 00:00:00,The Raven,tv,,tv,,,0.0,no_match
STARTREK.xlsx,STARTREK,490,Sons and Daughters,TV Episode,1997-10-11 00:00:00,Sons and Daughters,tv,,tv,,,0.0,no_match
STARTREK.xlsx,STARTREK,491,Behind the Lines,TV Episode,1997-10-18 00:00:00,Behind the Lines,tv,,tv,,,0.0,no_match
STARTREK.xlsx,STARTREK,492,Favor the Bold,TV Episode,1997-10-25 00:00:00,Favor the Bold,tv,,tv,,,0.0,no_match
STARTREK.xlsx,STARTREK,493,Scientific Method,TV Episode,1997-10-29 00:00:00,Scientific Method,tv,,tv,,,0.0,no_match
STARTREK.xlsx,STARTREK,494,Sacrifice of Angels,TV Episode,1997-11-01 00:00:00,Sacrifice of Angels,tv,,tv,,,0.0,no_match
STARTREK.xlsx,STARTREK,495,Year of Hell: Part I,TV Episode,1997-11-05 00:00:00,Year of Hell: Part I,tv,,tv,,,0.0,no_match
STARTREK.xlsx,STARTREK,496,You Are Cordially Invited,TV Episode,1997-11-08 00:00:00,You Are Cordially Invited,tv,,tv,,,0.0,no_match
STARTREK.xlsx,STARTREK,497,Year of Hell: Part II,TV Episode,1997-11-12 00:00:00,Year of Hell: Part II,tv,,tv,,,0.0,no_match
STARTREK.xlsx,STARTREK,498,Resurrection,TV Episode,1997-11-15 00:00:00,Resurrection,tv,,tv,,,0.0,no_match
STARTREK.xlsx,STARTREK,499,Random Thoughts,TV Episode,1997-11-19 00:00:00,Random Thoughts,tv,,tv,,,0.0,no_match
STARTREK.xlsx,STARTREK,500,Statistical Probabilities,TV Episode,1997-11-22 00:00:00,Statistical Probabilities,tv,,tv,,,0.0,no_match
STARTREK.xlsx,STARTREK,501,Concerning Flight,TV Episode,1997-11-26 00:00:00,Concerning Flight,tv,,tv,,,0.0,no_match
STARTREK.xlsx,STARTREK,502,Mortal Coil,TV Episode,1997-12-17 00:00:00,Mortal Coil,tv,,tv,,,0.0,no_match
STARTREK.xlsx,STARTREK,503,The Magnificent Ferengi,TV Episode,1997-12-27 00:00:00,The Magnificent Ferengi,tv,,tv,,,0.0,no_match
STARTREK.xlsx,STARTREK,504,Waltz,TV Episode,1998-01-03 00:00:00,Waltz,tv,,tv,,,0.0,no_match
STARTREK.xlsx,STARTREK,505,Waking Moments,TV Episode,1998-01-14 00:00:00,Waking Moments,tv,,tv,,,0.0,no_match
STARTREK.xlsx,STARTREK,506,Message in a Bottle,TV Episode,1998-01-21 00:00:00,Message in a Bottle,tv,,tv,,,0.0,no_match
STARTREK.xlsx,STARTREK,507,Who Mourns for Morn?,TV Episode,1998-01-31 00:00:00,Who Mourns for Morn?,tv,,tv,,,0.0,no_match
STARTREK.xlsx,STARTREK,508,Far Beyond the Stars,TV Episode,1998-02-07 00:00:00,Far Beyond the Stars,tv,,tv,,,0.0,no_match
STARTREK.xlsx,STARTREK,509,Hunters,TV Episode,1998-02-11 00:00:00,Hunters,tv,34165,tv,Knight Hunters,1998-04-08,0.7116,matched
STARTREK.xlsx,STARTREK,510,One Little Ship,TV Episode,1998-02-14 00:00:00,One Little Ship,tv,,tv,,,0.0,no_match
STARTREK.xlsx,STARTREK,511,Prey,TV Episode,1998-02-18 00:00:00,Prey,tv,3602,tv,Prey,1998-01-15,0.9507,matched
STARTREK.xlsx,STARTREK,512,Honor Among Thieves,TV Episode,1998-02-21 00:00:00,Honor Among Thieves,tv,,tv,,,0.0,no_match
STARTREK.xlsx,STARTREK,513,Retrospect,TV Episode,1998-02-25 00:00:00,Retrospect,tv,,tv,,,0.0,no_match
STARTREK.xlsx,STARTREK,514,Change of Heart,TV Episode,1998-02-28 00:00:00,Change of Heart,tv,,tv,,,0.0,no_match
STARTREK.xlsx,STARTREK,515,The Killing Game - Part I,TV Episode,1998-03-04 00:00:00,The Killing Game - Part I,tv,,tv,,,0.0,no_match
STARTREK.xlsx,STARTREK,516,The Killing Game - Part II,TV Episode,1998-03-04 00:00:00,The Killing Game - Part II,tv,,tv,,,0.0,no_match
STARTREK.xlsx,STARTREK,517,Wrongs Darker Than Death or Night,TV Episode,1998-03-28 00:00:00,Wrongs Darker Than Death or Night,tv,,tv,,,0.0,no_match
STARTREK.xlsx,STARTREK,518,Inquisition,TV Episode,1998-04-04 00:00:00,Inquisition,tv,,tv,,,0.0,no_match
STARTREK.xlsx,STARTREK,519,Vis Ã  Vis,TV Episode,1998-04-08 00:00:00,Vis Ã  Vis,tv,,tv,,,0.0,no_match
STARTREK.xlsx,STARTREK,520,In the Pale Moonlight,TV Episode,1998-04-11 00:00:00,In the Pale Moonlight,tv,,tv,,,0.0,no_match
STARTREK.xlsx,STARTREK,521,The Omega Directive,TV Episode,1998-04-15 00:00:00,The Omega Directive,tv,,tv,,,0.0,no_match
STARTREK.xlsx,STARTREK,522,His Way,TV Episode,1998-04-18 00:00:00,His Way,tv,,tv,,,0.0,no_match
STARTREK.xlsx,STARTREK,523,Unforgettable,TV Episode,1998-04-22 00:00:00,Unforgettable,tv,,tv,,,0.0,no_match
STARTREK.xlsx,STARTREK,524,The Reckoning,TV Episode,1998-04-25 00:00:00,The Reckoning,tv,,tv,,,0.0,no_match
STARTREK.xlsx,STARTREK,525,Living Witness,TV Episode,1998-04-29 00:00:00,Living Witness,tv,,tv,,,0.0,no_match
STARTREK.xlsx,STARTREK,526,Valiant,TV Episode,1998-05-02 00:00:00,Valiant,tv,,tv,,,0.0,no_match
STARTREK.xlsx,STARTREK,527,Demon,TV Episode,1998-05-06 00:00:00,Demon,tv,,tv,,,0.0,no_match
STARTREK.xlsx,STARTREK,528,Profit and Lace,TV Episode,1998-05-09 00:00:00,Profit and Lace,tv,,tv,,,0.0,no_match
STARTREK.xlsx,STARTREK,529,One,TV Episode,1998-05-13 00:00:00,One,tv,3489,tv,One World,1998-09-12,0.5909,review
STARTREK.xlsx,STARTREK,530,Time's Orphan,TV Episode,1998-05-16 00:00:00,Time's Orphan,tv,,tv,,,0.0,no_match
STARTREK.xlsx,STARTREK,531,Hope and Fear,TV Episode,1998-05-20 00:00:00,Hope and Fear,tv,,tv,,,0.0,no_match
STARTREK.xlsx,STARTREK,532,The Sound of Her Voice,TV Episode,1998-06-06 00:00:00,The Sound of Her Voice,tv,,tv,,,0.0,no_match
STARTREK.xlsx,STARTREK,533,Tears of the Prophets,TV Episode,1998-06-13 00:00:00,Tears of the Prophets,tv,,tv,,,0.0,no_match
STARTREK.xlsx,STARTREK,534,Image in the Sand,TV Episode,1998-09-30 00:00:00,Image in the Sand,tv,,tv,,,0.0,no_match
STARTREK.xlsx,STARTREK,535,Shadows and Symbols,TV Episode,1998-10-07 00:00:00,Shadows and Symbols,tv,,tv,,,0.0,no_match
STARTREK.xlsx,STARTREK,536,Night,TV Episode,1998-10-14 00:00:00,Night,tv,2003,tv,Sports Night,1998-09-22,0.6557,matched
STARTREK.xlsx,STARTREK,537,Afterimage,TV Episode,1998-10-14 00:00:00,Afterimage,tv,,tv,,,0.0,no_match
STARTREK.xlsx,STARTREK,538,Drone,TV Episode,1998-10-21 00:00:00,Drone,tv,,tv,,,0.0,no_match
STARTREK.xlsx,STARTREK,539,Take Me Out to the Holosuite,TV Episode,1998-10-21 00:00:00,Take Me Out to the Holosuite,tv,,tv,,,0.0,no_match
STARTREK.xlsx,STARTREK,540,Extreme Risk,TV Episode,1998-10-28 00:00:00,Extreme Risk,tv,,tv,,,0.0,no_match
STARTREK.xlsx,STARTREK,541,Chrysalis,TV Episode,1998-10-28 00:00:00,Chrysalis,tv,,tv,,,0.0,no_match
STARTREK.xlsx,STARTREK,542,In the Flesh,TV Episode,1998-11-04 00:00:00,In the Flesh,tv,,tv,,,0.0,no_match
STARTREK.xlsx,STARTREK,543,"Treachery, Faith and the Great River",TV Episode,1998-11-04 00:00:00,"Treachery, Faith and the Great River",tv,,tv,,,0.0,no_match
STARTREK.xlsx,STARTREK,544,Once Upon a Time,TV Episode,1998-11-11 00:00:00,Once Upon a Time,tv,126129,tv,Once Upon a Time...,1998-03-30,0.8896,matched
STARTREK.xlsx,STARTREK,545,Once More unto the Breach,TV Episode,1998-11-11 00:00:00,Once More unto the Breach,tv,,tv,,,0.0,no_match
STARTREK.xlsx,STARTREK,546,Timeless,TV Episode,1998-11-18 00:00:00,Timeless,tv,,tv,,,0.0,no_match
STARTREK.xlsx,STARTREK,547,The Siege of AR-558,TV Episode,1998-11-18 00:00:00,The Siege of AR-558,tv,,tv,,,0.0,no_match
STARTREK.xlsx,STARTREK,548,Infinite Regress,TV Episode,1998-11-25 00:00:00,Infinite Regress,tv,,tv,,,0.0,no_match
STARTREK.xlsx,STARTREK,549,Covenant,TV Episode,1998-11-25 00:00:00,Covenant,tv,,tv,,,0.0,no_match
STARTREK.xlsx,STARTREK,550,Nothing Human,TV Episode,1998-12-02 00:00:00,Nothing Human,tv,,tv,,,0.0,no_match
STARTREK.xlsx,STARTREK,551,Thirty Days,TV Episode,1998-12-09 00:00:00,Thirty Days,tv,,tv,,,0.0,no_match
STARTREK.xlsx,STARTREK,552,Star Trek IX: Insurrection,Film,1998-12-11 00:00:00,Star Trek IX: Insurrection,movie,200,movie,Star Trek: Insurrection,1998-12-11,0.9085,matched
STARTREK.xlsx,STARTREK,553,Counterpoint,TV Episode,1998-12-16 00:00:00,Counterpoint,tv,,tv,,,0.0,no_match
STARTREK.xlsx,STARTREK,554,It's Only a Paper Moon,TV Episode,1998-12-30 00:00:00,It's Only a Paper Moon,tv,,tv,,,0.0,no_match
STARTREK.xlsx,STARTREK,555,Prodigal Daughter,TV Episode,1999-01-06 00:00:00,Prodigal Daughter,tv,,tv,,,0.0,no_match
STARTREK.xlsx,STARTREK,556,Latent Image,TV Episode,1999-01-20 00:00:00,Latent Image,tv,,tv,,,0.0,no_match
STARTREK.xlsx,STARTREK,557,Bride of Chaotica!,TV Episode,1999-01-27 00:00:00,Bride of Chaotica!,tv,,tv,,,0.0,no_match
STARTREK.xlsx,STARTREK,558,Gravity,TV Episode,1999-02-03 00:00:00,Gravity,tv,,tv,,,0.0,no_match
STARTREK.xlsx,STARTREK,559,The Emperor's New Cloak,TV Episode,1999-02-03 00:00:00,The Emperor's New Cloak,tv,,tv,,,0.0,no_match
STARTREK.xlsx,STARTREK,560,Bliss,TV Episode,1999-02-10 00:00:00,Bliss,tv,,tv,,,0.0,no_match
STARTREK.xlsx,STARTREK,561,Field of Fire,TV Episode,1999-02-10 00:00:00,Field of Fire,tv,,tv,,,0.0,no_match
STARTREK.xlsx,STARTREK,562,Dark Frontier - Part I,TV Episode,1999-02-17 00:00:00,Dark Frontier - Part I,tv,,tv,,,0.0,no_match
STARTREK.xlsx,STARTREK,563,Dark Frontier - Part II,TV Episode,1999-02-17 00:00:00,Dark Frontier - Part II,tv,,tv,,,0.0,no_match
STARTREK.xlsx,STARTREK,564,Chimera,TV Episode,1999-02-17 00:00:00,Chimera,tv,,tv,,,0.0,no_match
STARTREK.xlsx,STARTREK,565,The Disease,TV Episode,1999-02-24 00:00:00,The Disease,tv,,tv,,,0.0,no_match
STARTREK.xlsx,STARTREK,566,Badda-Bing Badda-Bang,TV Episode,1999-02-24 00:00:00,Badda-Bing Badda-Bang,tv,,tv,,,0.0,no_match
STARTREK.xlsx,STARTREK,567,Course: Oblivion,TV Episode,1999-03-03 00:00:00,Course: Oblivion,tv,,tv,,,0.0,no_match
STARTREK.xlsx,STARTREK,568,Inter Arma Enim Silent Leges,TV Episode,1999-03-03 00:00:00,Inter Arma Enim Silent Leges,tv,,tv,,,0.0,no_match
STARTREK.xlsx,STARTREK,569,The Fight,TV Episode,1999-03-24 00:00:00,The Fight,tv,,tv,,,0.0,no_match
STARTREK.xlsx,STARTREK,570,Think Tank,TV Episode,1999-03-31 00:00:00,Think Tank,tv,,tv,,,0.0,no_match
STARTREK.xlsx,STARTREK,571,Penumbra,TV Episode,1999-04-07 00:00:00,Penumbra,tv,,tv,,,0.0,no_match
STARTREK.xlsx,STARTREK,572,Til Death Do Us Part,TV Episode,1999-04-14 00:00:00,Til Death Do Us Part,tv,,tv,,,0.0,no_match
STARTREK.xlsx,STARTREK,573,Strange Bedfellows,TV Episode,1999-04-21 00:00:00,Strange Bedfellows,tv,,tv,,,0.0,no_match
STARTREK.xlsx,STARTREK,574,Juggernaut,TV Episode,1999-04-26 00:00:00,Juggernaut,tv,,tv,,,0.0,no_match
STARTREK.xlsx,STARTREK,575,Someone to Watch Over Me,TV Episode,1999-04-28 00:00:00,Someone to Watch Over Me,tv,,tv,,,0.0,no_match
STARTREK.xlsx,STARTREK,576,The Changing Face of Evil,TV Episode,1999-04-28 00:00:00,The Changing Face of Evil,tv,,tv,,,0.0,no_match
STARTREK.xlsx,STARTREK,577,11:59:00,TV Episode,1999-05-05 00:00:00,11:59:00,tv,,tv,,,0.0,no_match
STARTREK.xlsx,STARTREK,578,When It Rains...,TV Episode,1999-05-05 00:00:00,When It Rains...,tv,,tv,,,0.0,no_match
STARTREK.xlsx,STARTREK,579,Relativity,TV Episode,1999-05-12 00:00:00,Relativity,tv,,tv,,,0.0,no_match
STARTREK.xlsx,STARTREK,580,Tacking into the Wind,TV Episode,1999-05-12 00:00:00,Tacking into the Wind,tv,,tv,,,0.0,no_match
STARTREK.xlsx,STARTREK,581,Warhead,TV Episode,1999-05-19 00:00:00,Warhead,tv,,tv,,,0.0,no_match
STARTREK.xlsx,STARTREK,582,Extreme Measures,TV Episode,1999-05-19 00:00:00,Extreme Measures,tv,,tv,,,0.0,no_match
STARTREK.xlsx,STARTREK,583,"Equinox, Part I",TV Episode,1999-05-26 00:00:00,"Equinox, Part I",tv,,tv,,,0.0,no_match
STARTREK.xlsx,STARTREK,584,The Dogs of War,TV Episode,1999-05-26 00:00:00,The Dogs of War,tv,,tv,,,0.0,no_match
STARTREK.xlsx,STARTREK,585,What You Leave Behind - Part I,TV Episode,1999-06-02 00:00:00,What You Leave Behind - Part I,tv,,tv,,,0.0,no_match
STARTREK.xlsx,STARTREK,586,What You Leave Behind - Part II,TV Episode,1999-06-02 00:00:00,What You Leave Behind - Part II,tv,,tv,,,0.0,no_match
STARTREK.xlsx,STARTREK,587,Equinox: Part II,TV Episode,1999-09-22 00:00:00,Equinox: Part II,tv,,tv,,,0.0,no_match
STARTREK.xlsx,STARTREK,588,Survival Instinct,TV Episode,1999-09-29 00:00:00,Survival Instinct,tv,,tv,,,0.0,no_match
STARTREK.xlsx,STARTREK,589,Barge of the Dead,TV Episode,1999-10-06 00:00:00,Barge of the Dead,tv,,tv,,,0.0,no_match
STARTREK.xlsx,STARTREK,590,"Tinker, Tenor, Doctor, Spy",TV Episode,1999-10-13 00:00:00,"Tinker, Tenor, Doctor, Spy",tv,,tv,,,0.0,no_match
STARTREK.xlsx,STARTREK,591,Alice,TV Episode,1999-10-20 00:00:00,Alice,tv,,tv,,,0.0,no_match
STARTREK.xlsx,STARTREK,592,Riddles,TV Episode,1999-11-03 00:00:00,Riddles,tv,,tv,,,0.0,no_match
STARTREK.xlsx,STARTREK,593,Dragon's Teeth,TV Episode,1999-11-10 00:00:00,Dragon's Teeth,tv,,tv,,,0.0,no_match
STARTREK.xlsx,STARTREK,594,One Small Step,TV Episode,1999-11-17 00:00:00,One Small Step,tv,,tv,,,0.0,no_match
STARTREK.xlsx,STARTREK,595,The Voyager Conspiracy,TV Episode,1999-11-24 00:00:00,The Voyager Conspiracy,tv,,tv,,,0.0,no_match
STARTREK.xlsx,STARTREK,596,Pathfinder,TV Episode,1999-12-01 00:00:00,Pathfinder,tv,,tv,,,0.0,no_match
STARTREK.xlsx,STARTREK,597,Fair Haven,TV Episode,2000-01-12 00:00:00,Fair Haven,tv,,tv,,,0.0,no_match
STARTREK.xlsx,STARTREK,598,Blink of an Eye,TV Episode,2000-01-19 00:00:00,Blink of an Eye,tv,,tv,,,0.0,no_match
STARTREK.xlsx,STARTREK,599,Virtuoso,TV Episode,2000-01-26 00:00:00,Virtuoso,tv,,tv,,,0.0,no_match
STARTREK.xlsx,STARTREK,600,Memorial,TV Episode,2000-02-02 00:00:00,Memorial,tv,,tv,,,0.0,no_match
STARTREK.xlsx,STARTREK,601,Tsunkatse,TV Episode,2000-02-09 00:00:00,Tsunkatse,tv,,tv,,,0.0,no_match
STARTREK.xlsx,STARTREK,602,Collective,TV Episode,2000-02-16 00:00:00,Collective,tv,,tv,,,0.0,no_match
STARTREK.xlsx,STARTREK,603,Spirit Folk,TV Episode,2000-02-23 00:00:00,Spirit Folk,tv,,tv,,,0.0,no_match
STARTREK.xlsx,STARTREK,604,Ashes to Ashes,TV Episode,2000-03-01 00:00:00,Ashes to Ashes,tv,,tv,,,0.0,no_match
STARTREK.xlsx,STARTREK,605,Child's Play,TV Episode,2000-03-08 00:00:00,Child's Play,tv,,tv,,,0.0,no_match
STARTREK.xlsx,STARTREK,606,Good Shepherd,TV Episode,2000-03-15 00:00:00,Good Shepherd,tv,,tv,,,0.0,no_match
STARTREK.xlsx,STARTREK,607,Live Fast and Prosper,TV Episode,2000-04-19 00:00:00,Live Fast and Prosper,tv,,tv,,,0.0,no_match
STARTREK.xlsx,STARTREK,608,Muse,TV Episode,2000-04-26 00:00:00,Muse,tv,,tv,,,0.0,no_match
STARTREK.xlsx,STARTREK,609,Fury,TV Episode,2000-05-03 00:00:00,Fury,tv,,tv,,,0.0,no_match
STARTREK.xlsx,STARTREK,610,Life Line,TV Episode,2000-05-10 00:00:00,Life Line,tv,,tv,,,0.0,no_match
STARTREK.xlsx,STARTREK,611,The Haunting of Deck Twelve,TV Episode,2000-05-17 00:00:00,The Haunting of Deck Twelve,tv,,tv,,,0.0,no_match
STARTREK.xlsx,STARTREK,612,Unimatrix Zero - Part I,TV Episode,2000-05-24 00:00:00,Unimatrix Zero - Part I,tv,,tv,,,0.0,no_match
STARTREK.xlsx,STARTREK,613,Unimatrix Zero - Part II,TV Episode,2000-10-04 00:00:00,Unimatrix Zero - Part II,tv,,tv,,,0.0,no_match
STARTREK.xlsx,STARTREK,614,Imperfection,TV Episode,2000-10-11 00:00:00,Imperfection,tv,,tv,,,0.0,no_match
STARTREK.xlsx,STARTREK,615,Drive,TV Episode,2000-10-18 00:00:00,Drive,tv,37181,tv,éX-Driver,2000-07-25,0.745,matched
STARTREK.xlsx,STARTREK,616,Repression,TV Episode,2000-10-25 00:00:00,Repression,tv,,tv,,,0.0,no_match
STARTREK.xlsx,STARTREK,617,Critical Care,TV Episode,2000-11-01 00:00:00,Critical Care,tv,,tv,,,0.0,no_match
STARTREK.xlsx,STARTREK,618,Inside Man,TV Episode,2000-11-08 00:00:00,Inside Man,tv,,tv,,,0.0,no_match
STARTREK.xlsx,STARTREK,619,Body and Soul,TV Episode,2000-11-15 00:00:00,Body and Soul,tv,,tv,,,0.0,no_match
STARTREK.xlsx,STARTREK,620,Nightingale,TV Episode,2000-11-22 00:00:00,Nightingale,tv,,tv,,,0.0,no_match
STARTREK.xlsx,STARTREK,621,Flesh and Blood - Part I,TV Episode,2000-11-29 00:00:00,Flesh and Blood - Part I,tv,,tv,,,0.0,no_match
STARTREK.xlsx,STARTREK,622,Flesh and Blood - Part II,TV Episode,2000-11-29 00:00:00,Flesh and Blood - Part II,tv,,tv,,,0.0,no_match
STARTREK.xlsx,STARTREK,623,Shattered,TV Episode,2001-01-17 00:00:00,Shattered,tv,,tv,,,0.0,no_match
STARTREK.xlsx,STARTREK,624,Lineage,TV Episode,2001-01-24 00:00:00,Lineage,tv,,tv,,,0.0,no_match
STARTREK.xlsx,STARTREK,625,Repentance,TV Episode,2001-01-31 00:00:00,Repentance,tv,,tv,,,0.0,no_match
STARTREK.xlsx,STARTREK,626,Prophecy,TV Episode,2001-02-07 00:00:00,Prophecy,tv,,tv,,,0.0,no_match
STARTREK.xlsx,STARTREK,627,The Void,TV Episode,2001-02-14 00:00:00,The Void,tv,,tv,,,0.0,no_match
STARTREK.xlsx,STARTREK,628,Workforce - Part I,TV Episode,2001-02-21 00:00:00,Workforce - Part I,tv,,tv,,,0.0,no_match
STARTREK.xlsx,STARTREK,629,Workforce - Part II,TV Episode,2001-02-28 00:00:00,Workforce - Part II,tv,,tv,,,0.0,no_match
STARTREK.xlsx,STARTREK,630,Human Error,TV Episode,2001-03-07 00:00:00,Human Error,tv,,tv,,,0.0,no_match
STARTREK.xlsx,STARTREK,631,Q2,TV Episode,2001-04-11 00:00:00,Q2,tv,,tv,,,0.0,no_match
STARTREK.xlsx,STARTREK,632,"Author, Author",TV Episode,2001-04-18 00:00:00,"Author, Author",tv,,tv,,,0.0,no_match
STARTREK.xlsx,STARTREK,633,Friendship One,TV Episode,2001-04-25 00:00:00,Friendship One,tv,,tv,,,0.0,no_match
STARTREK.xlsx,STARTREK,634,Natural Law,TV Episode,2001-05-02 00:00:00,Natural Law,tv,,tv,,,0.0,no_match
STARTREK.xlsx,STARTREK,635,Homestead,TV Episode,2001-05-09 00:00:00,Homestead,tv,,tv,,,0.0,no_match
STARTREK.xlsx,STARTREK,636,Renaissance Man,TV Episode,2001-05-16 00:00:00,Renaissance Man,tv,,tv,,,0.0,no_match
STARTREK.xlsx,STARTREK,637,Endgame - Part I,TV Episode,2001-05-23 00:00:00,Endgame - Part I,tv,,tv,,,0.0,no_match
STARTREK.xlsx,STARTREK,638,Endgame - Part II,TV Episode,2001-05-23 00:00:00,Endgame - Part II,tv,,tv,,,0.0,no_match
STARTREK.xlsx,STARTREK,639,Broken Bow - Part I,TV Episode,2001-09-26 00:00:00,Broken Bow - Part I,tv,,tv,,,0.0,no_match
STARTREK.xlsx,STARTREK,640,Broken Bow - Part II,TV Episode,2001-09-26 00:00:00,Broken Bow - Part II,tv,,tv,,,0.0,no_match
STARTREK.xlsx,STARTREK,641,Fight or Flight,TV Episode,2001-10-03 00:00:00,Fight or Flight,tv,,tv,,,0.0,no_match
STARTREK.xlsx,STARTREK,642,Strange New World,TV Episode,2001-10-10 00:00:00,Strange New World,tv,,tv,,,0.0,no_match
STARTREK.xlsx,STARTREK,643,Unexpected,TV Episode,2001-10-17 00:00:00,Unexpected,tv,,tv,,,0.0,no_match
STARTREK.xlsx,STARTREK,644,Terra Nova,TV Episode,2001-10-24 00:00:00,Terra Nova,tv,,tv,,,0.0,no_match
STARTREK.xlsx,STARTREK,645,The Andorian Incident,TV Episode,2001-10-31 00:00:00,The Andorian Incident,tv,,tv,,,0.0,no_match
STARTREK.xlsx,STARTREK,646,Breaking the Ice,TV Episode,2001-11-07 00:00:00,Breaking the Ice,tv,,tv,,,0.0,no_match
STARTREK.xlsx,STARTREK,647,Civilization,TV Episode,2001-11-14 00:00:00,Civilization,tv,,tv,,,0.0,no_match
STARTREK.xlsx,STARTREK,648,Fortunate Son,TV Episode,2001-11-21 00:00:00,Fortunate Son,tv,,tv,,,0.0,no_match
STARTREK.xlsx,STARTREK,649,Cold Front,TV Episode,2001-11-28 00:00:00,Cold Front,tv,,tv,,,0.0,no_match
STARTREK.xlsx,STARTREK,650,Silent Enemy,TV Episode,2002-01-16 00:00:00,Silent Enemy,tv,,tv,,,0.0,no_match
STARTREK.xlsx,STARTREK,651,Dear Doctor,TV Episode,2002-01-23 00:00:00,Dear Doctor,tv,,tv,,,0.0,no_match
STARTREK.xlsx,STARTREK,652,Sleeping Dogs,TV Episode,2002-01-30 00:00:00,Sleeping Dogs,tv,,tv,,,0.0,no_match
STARTREK.xlsx,STARTREK,653,Shadows of P'Jem,TV Episode,2002-02-06 00:00:00,Shadows of P'Jem,tv,,tv,,,0.0,no_match
STARTREK.xlsx,STARTREK,654,Shuttlepod One,TV Episode,2002-02-13 00:00:00,Shuttlepod One,tv,,tv,,,0.0,no_match
STARTREK.xlsx,STARTREK,655,Fusion,TV Episode,2002-02-27 00:00:00,Fusion,tv,,tv,,,0.0,no_match
STARTREK.xlsx,STARTREK,656,Rogue Planet,TV Episode,2002-03-20 00:00:00,Rogue Planet,tv,,tv,,,0.0,no_match
STARTREK.xlsx,STARTREK,657,Acquisition,TV Episode,2002-03-27 00:00:00,Acquisition,tv,,tv,,,0.0,no_match
STARTREK.xlsx,STARTREK,658,Oasis,TV Episode,2002-04-03 00:00:00,Oasis,tv,,tv,,,0.0,no_match
STARTREK.xlsx,STARTREK,659,Detained,TV Episode,2002-04-24 00:00:00,Detained,tv,,tv,,,0.0,no_match
STARTREK.xlsx,STARTREK,660,Vox Sola,TV Episode,2002-05-01 00:00:00,Vox Sola,tv,,tv,,,0.0,no_match
STARTREK.xlsx,STARTREK,661,Fallen Hero,TV Episode,2002-05-08 00:00:00,Fallen Hero,tv,,tv,,,0.0,no_match
STARTREK.xlsx,STARTREK,662,Desert Crossing,TV Episode,2002-05-08 00:00:00,Desert Crossing,tv,,tv,,,0.0,no_match
STARTREK.xlsx,STARTREK,663,Two Days and Two Nights,TV Episode,2002-05-15 00:00:00,Two Days and Two Nights,tv,,tv,,,0.0,no_match
STARTREK.xlsx,STARTREK,664,Shockwave - Part I,TV Episode,2002-05-22 00:00:00,Shockwave - Part I,tv,,tv,,,0.0,no_match
STARTREK.xlsx,STARTREK,665,Shockwave - Part II,TV Episode,2002-09-18 00:00:00,Shockwave - Part II,tv,,tv,,,0.0,no_match
STARTREK.xlsx,STARTREK,666,Carbon Creek,TV Episode,2002-09-25 00:00:00,Carbon Creek,tv,,tv,,,0.0,no_match
STARTREK.xlsx,STARTREK,667,Minefield,TV Episode,2002-10-02 00:00:00,Minefield,tv,,tv,,,0.0,no_match
STARTREK.xlsx,STARTREK,668,Dead Stop,TV Episode,2002-10-09 00:00:00,Dead Stop,tv,,tv,,,0.0,no_match
STARTREK.xlsx,STARTREK,669,A Night in Sickbay,TV Episode,2002-10-16 00:00:00,A Night in Sickbay,tv,,tv,,,0.0,no_match
STARTREK.xlsx,STARTREK,670,Marauders,TV Episode,2002-10-30 00:00:00,Marauders,tv,,tv,,,0.0,no_match
STARTREK.xlsx,STARTREK,671,The Seventh,TV Episode,2002-11-06 00:00:00,The Seventh,tv,,tv,,,0.0,no_match
STARTREK.xlsx,STARTREK,672,The Communicator,TV Episode,2002-11-13 00:00:00,The Communicator,tv,,tv,,,0.0,no_match
STARTREK.xlsx,STARTREK,673,Singularity,TV Episode,2002-11-20 00:00:00,Singularity,tv,,tv,,,0.0,no_match
STARTREK.xlsx,STARTREK,674,Vanishing Point,TV Episode,2002-11-27 00:00:00,Vanishing Point,tv,,tv,,,0.0,no_match
STARTREK.xlsx,STARTREK,675,Precious Cargo,TV Episode,2002-12-11 00:00:00,Precious Cargo,tv,,tv,,,0.0,no_match
STARTREK.xlsx,STARTREK,676,Star Trek X: Nemesis,Film,2002-12-13 00:00:00,Star Trek X: Nemesis,movie,201,movie,Star Trek: Nemesis,2002-12-13,0.9147,matched
STARTREK.xlsx,STARTREK,677,The Catwalk,TV Episode,2002-12-18 00:00:00,The Catwalk,tv,,tv,,,0.0,no_match
STARTREK.xlsx,STARTREK,678,Dawn,TV Episode,2003-01-08 00:00:00,Dawn,tv,,tv,,,0.0,no_match
STARTREK.xlsx,STARTREK,679,Stigma,TV Episode,2003-02-05 00:00:00,Stigma,tv,,tv,,,0.0,no_match
STARTREK.xlsx,STARTREK,680,Cease Fire,TV Episode,2003-02-12 00:00:00,Cease Fire,tv,,tv,,,0.0,no_match
STARTREK.xlsx,STARTREK,681,Future Tense,TV Episode,2003-02-19 00:00:00,Future Tense,tv,,tv,,,0.0,no_match
STARTREK.xlsx,STARTREK,682,Canamar,TV Episode,2003-02-26 00:00:00,Canamar,tv,,tv,,,0.0,no_match
STARTREK.xlsx,STARTREK,683,The Crossing,TV Episode,2003-04-02 00:00:00,The Crossing,tv,,tv,,,0.0,no_match
STARTREK.xlsx,STARTREK,684,Judgment,TV Episode,2003-04-09 00:00:00,Judgment,tv,,tv,,,0.0,no_match
STARTREK.xlsx,STARTREK,685,Horizon,TV Episode,2003-04-16 00:00:00,Horizon,tv,,tv,,,0.0,no_match
STARTREK.xlsx,STARTREK,686,The Breach,TV Episode,2003-04-23 00:00:00,The Breach,tv,,tv,,,0.0,no_match
STARTREK.xlsx,STARTREK,687,Cogenitor,TV Episode,2003-04-30 00:00:00,Cogenitor,tv,,tv,,,0.0,no_match
STARTREK.xlsx,STARTREK,688,Regeneration,TV Episode,2003-05-07 00:00:00,Regeneration,tv,,tv,,,0.0,no_match
STARTREK.xlsx,STARTREK,689,First Flight,TV Episode,2003-05-14 00:00:00,First Flight,tv,,tv,,,0.0,no_match
STARTREK.xlsx,STARTREK,690,Bounty,TV Episode,2003-05-14 00:00:00,Bounty,tv,15679,tv,Bounty Hamster,2003-01-09,0.6625,matched
STARTREK.xlsx,STARTREK,691,The Expanse,TV Episode,2003-05-21 00:00:00,The Expanse,tv,,tv,,,0.0,no_match
STARTREK.xlsx,STARTREK,692,The Xindi,TV Episode,2003-09-10 00:00:00,The Xindi,tv,,tv,,,0.0,no_match
STARTREK.xlsx,STARTREK,693,Anomaly,TV Episode,2003-09-17 00:00:00,Anomaly,tv,,tv,,,0.0,no_match
STARTREK.xlsx,STARTREK,694,Extinction,TV Episode,2003-09-24 00:00:00,Extinction,tv,,tv,,,0.0,no_match
STARTREK.xlsx,STARTREK,695,Rajiin,TV Episode,2003-10-01 00:00:00,Rajiin,tv,,tv,,,0.0,no_match
STARTREK.xlsx,STARTREK,696,Impulse,TV Episode,2003-10-08 00:00:00,Impulse,tv,,tv,,,0.0,no_match
STARTREK.xlsx,STARTREK,697,Exile,TV Episode,2003-10-15 00:00:00,Exile,tv,31679,tv,Last Exile,2003-04-07,0.7125,matched
STARTREK.xlsx,STARTREK,698,The Shipment,TV Episode,2003-10-29 00:00:00,The Shipment,tv,,tv,,,0.0,no_match
STARTREK.xlsx,STARTREK,699,Twilight,TV Episode,2003-11-05 00:00:00,Twilight,tv,,tv,,,0.0,no_match
STARTREK.xlsx,STARTREK,700,North Star,TV Episode,2003-11-12 00:00:00,North Star,tv,105204,tv,New Fist of the North Star,2003-07-24,0.6309,matched
STARTREK.xlsx,STARTREK,701,Similitude,TV Episode,2003-11-19 00:00:00,Similitude,tv,,tv,,,0.0,no_match
STARTREK.xlsx,STARTREK,702,Carpenter Street,TV Episode,2003-11-26 00:00:00,Carpenter Street,tv,,tv,,,0.0,no_match
STARTREK.xlsx,STARTREK,703,Chosen Realm,TV Episode,2004-01-14 00:00:00,Chosen Realm,tv,,tv,,,0.0,no_match
STARTREK.xlsx,STARTREK,704,Proving Ground,TV Episode,2004-01-21 00:00:00,Proving Ground,tv,,tv,,,0.0,no_match
STARTREK.xlsx,STARTREK,705,Stratagem,TV Episode,2004-02-04 00:00:00,Stratagem,tv,,tv,,,0.0,no_match
STARTREK.xlsx,STARTREK,706,Harbinger,TV Episode,2004-02-11 00:00:00,Harbinger,tv,,tv,,,0.0,no_match
STARTREK.xlsx,STARTREK,707,Doctor's Orders,TV Episode,2004-02-18 00:00:00,Doctor's Orders,tv,,tv,,,0.0,no_match
STARTREK.xlsx,STARTREK,708,Hatchery,TV Episode,2004-02-25 00:00:00,Hatchery,tv,,tv,,,0.0,no_match
STARTREK.xlsx,STARTREK,709,Azati Prime,TV Episode,2004-03-03 00:00:00,Azati Prime,tv,,tv,,,0.0,no_match
STARTREK.xlsx,STARTREK,710,Damage,TV Episode,2004-04-21 00:00:00,Damage,tv,,tv,,,0.0,no_match
STARTREK.xlsx,STARTREK,711,The Forgotten,TV Episode,2004-04-28 00:00:00,The Forgotten,tv,,tv,,,0.0,no_match
STARTREK.xlsx,STARTREK,712,EÂ²,TV Episode,2004-05-05 00:00:00,EÂ²,tv,,tv,,,0.0,no_match
STARTREK.xlsx,STARTREK,713,The Council,TV Episode,2004-05-12 00:00:00,The Council,tv,,tv,,,0.0,no_match
STARTREK.xlsx,STARTREK,714,Countdown,TV Episode,2004-05-19 00:00:00,Countdown,tv,35026,tv,M Countdown,2004-07-29,0.8845,matched
STARTREK.xlsx,STARTREK,715,Zero Hour,TV Episode,2004-05-26 00:00:00,Zero Hour,tv,12371,tv,Zero Hour,2004-08-29,0.951,matched
STARTREK.xlsx,STARTREK,716,Storm Front,TV Episode,2004-10-08 00:00:00,Storm Front,tv,,tv,,,0.0,no_match
STARTREK.xlsx,STARTREK,717,"Storm Front, Part II",TV Episode,2004-10-15 00:00:00,"Storm Front, Part II",tv,,tv,,,0.0,no_match
STARTREK.xlsx,STARTREK,718,Home,TV Episode,2004-10-22 00:00:00,Home,tv,38038,tv,At-Home Dad,2004-04-13,0.6147,review
STARTREK.xlsx,STARTREK,719,Borderland,TV Episode,2004-10-29 00:00:00,Borderland,tv,,tv,,,0.0,no_match
STARTREK.xlsx,STARTREK,720,Cold Station 12,TV Episode,2004-11-05 00:00:00,Cold Station 12,tv,,tv,,,0.0,no_match
STARTREK.xlsx,STARTREK,721,The Augments,TV Episode,2004-11-12 00:00:00,The Augments,tv,,tv,,,0.0,no_match
STARTREK.xlsx,STARTREK,722,The Forge,TV Episode,2004-11-19 00:00:00,The Forge,tv,,tv,,,0.0,no_match
STARTREK.xlsx,STARTREK,723,Awakening,TV Episode,2004-11-26 00:00:00,Awakening,tv,,tv,,,0.0,no_match
STARTREK.xlsx,STARTREK,724,Kir'Shara,TV Episode,2004-12-03 00:00:00,Kir'Shara,tv,,tv,,,0.0,no_match
STARTREK.xlsx,STARTREK,725,Daedalus,TV Episode,2005-01-14 00:00:00,Daedalus,tv,,tv,,,0.0,no_match
STARTREK.xlsx,STARTREK,726,Observer Effect,TV Episode,2005-01-21 00:00:00,Observer Effect,tv,,tv,,,0.0,no_match
STARTREK.xlsx,STARTREK,727,Babel One,TV Episode,2005-01-28 00:00:00,Babel One,tv,,tv,,,0.0,no_match
STARTREK.xlsx,STARTREK,728,United,TV Episode,2005-02-04 00:00:00,United,tv,,tv,,,0.0,no_match
STARTREK.xlsx,STARTREK,729,The Aenar,TV Episode,2005-02-11 00:00:00,The Aenar,tv,,tv,,,0.0,no_match
STARTREK.xlsx,STARTREK,730,Affliction,TV Episode,2005-02-18 00:00:00,Affliction,tv,,tv,,,0.0,no_match
STARTREK.xlsx,STARTREK,731,Divergence,TV Episode,2005-02-25 00:00:00,Divergence,tv,,tv,,,0.0,no_match
STARTREK.xlsx,STARTREK,732,Bound,TV Episode,2005-04-15 00:00:00,Bound,tv,23858,tv,Bound For Glory,2005-09-20,0.5901,review
STARTREK.xlsx,STARTREK,733,"In a Mirror, Darkly - Part I",TV Episode,2005-04-22 00:00:00,"In a Mirror, Darkly - Part I",tv,,tv,,,0.0,no_match
STARTREK.xlsx,STARTREK,734,"In a Mirror, Darkly - Part II",TV Episode,2005-04-29 00:00:00,"In a Mirror, Darkly - Part II",tv,,tv,,,0.0,no_match
STARTREK.xlsx,STARTREK,735,Demons,TV Episode,2005-05-06 00:00:00,Demons,tv,,tv,,,0.0,no_match
STARTREK.xlsx,STARTREK,736,Terra Prime,TV Episode,2005-05-13 00:00:00,Terra Prime,tv,,tv,,,0.0,no_match
STARTREK.xlsx,STARTREK,737,These Are the Voyages...,TV Episode,2005-05-13 00:00:00,These Are the Voyages...,tv,,tv,,,0.0,no_match
STARTREK.xlsx,STARTREK,738,Star Trek,Film,2009-05-08 00:00:00,Star Trek,movie,13475,movie,Star Trek,2009-05-06,0.9551,matched
STARTREK.xlsx,STARTREK,739,Star Trek: Into Darkness,Film,2013-05-16 00:00:00,Star Trek: Into Darkness,movie,54138,movie,Star Trek Into Darkness,2013-05-05,0.9388,matched
STARTREK.xlsx,STARTREK,740,Star Trek: Beyond,Film,2016-07-22 00:00:00,Star Trek: Beyond,movie,188927,movie,Star Trek Beyond,2016-07-07,0.9322,matched
STARTREK.xlsx,STARTREK,741,The Vulcan Hello,TV Episode,2017-09-24 00:00:00,The Vulcan Hello,tv,,tv,,,0.0,no_match
STARTREK.xlsx,STARTREK,742,Battle at the Binary Stars,TV Episode,2017-09-24 00:00:00,Battle at the Binary Stars,tv,,tv,,,0.0,no_match
STARTREK.xlsx,STARTREK,743,Context Is for Kings,TV Episode,2017-10-01 00:00:00,Context Is for Kings,tv,,tv,,,0.0,no_match
STARTREK.xlsx,STARTREK,744,The Butcher's Knife Cares Not for the Lamb's Cry,TV Episode,2017-10-08 00:00:00,The Butcher's Knife Cares Not for the Lamb's Cry,tv,,tv,,,0.0,no_match
STARTREK.xlsx,STARTREK,745,Choose Your Pain,TV Episode,2017-10-15 00:00:00,Choose Your Pain,tv,,tv,,,0.0,no_match
STARTREK.xlsx,STARTREK,746,Lethe,TV Episode,2017-10-22 00:00:00,Lethe,tv,,tv,,,0.0,no_match
STARTREK.xlsx,STARTREK,747,Magic to Make the Sanest Man Go Mad,TV Episode,2017-10-29 00:00:00,Magic to Make the Sanest Man Go Mad,tv,,tv,,,0.0,no_match
STARTREK.xlsx,STARTREK,748,"Si Vis Pacem, Para Bellum",TV Episode,2017-11-05 00:00:00,"Si Vis Pacem, Para Bellum",tv,,tv,,,0.0,no_match
STARTREK.xlsx,STARTREK,749,Into the Forest I Go,TV Episode,2017-11-12 00:00:00,Into the Forest I Go,tv,,tv,,,0.0,no_match
STARTREK.xlsx,STARTREK,750,Despite Yourself,TV Episode,2018-01-07 00:00:00,Despite Yourself,tv,,tv,,,0.0,no_match
STARTREK.xlsx,STARTREK,751,The Wolf Inside,TV Episode,2018-01-14 00:00:00,The Wolf Inside,tv,,tv,,,0.0,no_match
STARTREK.xlsx,STARTREK,752,Vaulting Ambition,TV Episode,2018-01-21 00:00:00,Vaulting Ambition,tv,,tv,,,0.0,no_match
STARTREK.xlsx,STARTREK,753,What's Past Is Prologue,TV Episode,2018-01-28 00:00:00,What's Past Is Prologue,tv,,tv,,,0.0,no_match
STARTREK.xlsx,STARTREK,754,"The War Without, The War Within",TV Episode,2018-02-04 00:00:00,"The War Without, The War Within",tv,,tv,,,0.0,no_match
STARTREK.xlsx,STARTREK,755,Will You Take My Hand?,TV Episode,2018-02-11 00:00:00,Will You Take My Hand?,tv,,tv,,,0.0,no_match
STARTREK.xlsx,STARTREK,756,Brother,TV Episode,2019-01-17 00:00:00,Brother,tv,94696,tv,Brotherhood,2019-10-25,0.7909,matched
STARTREK.xlsx,STARTREK,757,New Eden,TV Episode,2019-01-24 00:00:00,New Eden,tv,,tv,,,0.0,no_match
STARTREK.xlsx,STARTREK,758,Point of Light,TV Episode,2019-01-31 00:00:00,Point of Light,tv,,tv,,,0.0,no_match
STARTREK.xlsx,STARTREK,759,An Obol for Charon,TV Episode,2019-02-07 00:00:00,An Obol for Charon,tv,,tv,,,0.0,no_match
STARTREK.xlsx,STARTREK,760,Saints of Imperfection,TV Episode,2019-02-14 00:00:00,Saints of Imperfection,tv,,tv,,,0.0,no_match
STARTREK.xlsx,STARTREK,761,The Sound of Thunder,TV Episode,2019-02-21 00:00:00,The Sound of Thunder,tv,,tv,,,0.0,no_match
STARTREK.xlsx,STARTREK,762,Light and Shadows,TV Episode,2019-02-28 00:00:00,Light and Shadows,tv,,tv,,,0.0,no_match
STARTREK.xlsx,STARTREK,763,If Memory Serves,TV Episode,2019-03-07 00:00:00,If Memory Serves,tv,,tv,,,0.0,no_match
STARTREK.xlsx,STARTREK,764,Project Daedalus,TV Episode,2019-03-14 00:00:00,Project Daedalus,tv,,tv,,,0.0,no_match
STARTREK.xlsx,STARTREK,765,The Red Angel,TV Episode,2019-03-21 00:00:00,The Red Angel,tv,,tv,,,0.0,no_match
STARTREK.xlsx,STARTREK,766,Perpetual Infinity,TV Episode,2019-03-28 00:00:00,Perpetual Infinity,tv,,tv,,,0.0,no_match
STARTREK.xlsx,STARTREK,767,Through the Valley of Shadows,TV Episode,2019-04-04 00:00:00,Through the Valley of Shadows,tv,,tv,,,0.0,no_match
STARTREK.xlsx,STARTREK,768,Such Sweet Sorrow - Part I,TV Episode,2019-04-11 00:00:00,Such Sweet Sorrow - Part I,tv,,tv,,,0.0,no_match
STARTREK.xlsx,STARTREK,769,Such Sweet Sorrow - Part II,TV Episode,2019-04-18 00:00:00,Such Sweet Sorrow - Part II,tv,,tv,,,0.0,no_match
STARTREK.xlsx,STARTREK,770,Remembrance,TV Episode,2020-01-23 00:00:00,Remembrance,tv,,tv,,,0.0,no_match
STARTREK.xlsx,STARTREK,771,Maps and Legends,TV Episode,2020-01-30 00:00:00,Maps and Legends,tv,,tv,,,0.0,no_match
STARTREK.xlsx,STARTREK,772,The End Is the Beginning,TV Episode,2020-02-06 00:00:00,The End Is the Beginning,tv,,tv,,,0.0,no_match
STARTREK.xlsx,STARTREK,773,Absolute Candor,TV Episode,2020-02-13 00:00:00,Absolute Candor,tv,,tv,,,0.0,no_match
STARTREK.xlsx,STARTREK,774,Stardust City Rag,TV Episode,2020-02-20 00:00:00,Stardust City Rag,tv,,tv,,,0.0,no_match
STARTREK.xlsx,STARTREK,775,The Impossible Box,TV Episode,2020-02-27 00:00:00,The Impossible Box,tv,,tv,,,0.0,no_match
STARTREK.xlsx,STARTREK,776,Nepenthe,TV Episode,2020-03-05 00:00:00,Nepenthe,tv,,tv,,,0.0,no_match
STARTREK.xlsx,STARTREK,777,Broken Pieces,TV Episode,2020-03-12 00:00:00,Broken Pieces,tv,,tv,,,0.0,no_match
STARTREK.xlsx,STARTREK,778,Et in Arcadia Ego - Part I,TV Episode,2020-03-19 00:00:00,Et in Arcadia Ego - Part I,tv,,tv,,,0.0,no_match
STARTREK.xlsx,STARTREK,779,Et in Arcadia Ego - Part II,TV Episode,2020-03-26 00:00:00,Et in Arcadia Ego - Part II,tv,,tv,,,0.0,no_match
STARTREK.xlsx,STARTREK,780,Second Contact,Animated TV Episode,2020-08-06 00:00:00,Second Contact,tv,,tv,,,0.0,no_match
STARTREK.xlsx,STARTREK,781,Envoys,Animated TV Episode,2020-08-13 00:00:00,Envoys,tv,,tv,,,0.0,no_match
STARTREK.xlsx,STARTREK,782,Temporal Edict,Animated TV Episode,2020-08-20 00:00:00,Temporal Edict,tv,,tv,,,0.0,no_match
STARTREK.xlsx,STARTREK,783,Moist Vessel,Animated TV Episode,2020-08-27 00:00:00,Moist Vessel,tv,,tv,,,0.0,no_match
STARTREK.xlsx,STARTREK,784,Cupid's Errant Arrow,Animated TV Episode,2020-09-03 00:00:00,Cupid's Errant Arrow,tv,,tv,,,0.0,no_match
STARTREK.xlsx,STARTREK,785,Terminal Provocations,Animated TV Episode,2020-09-10 00:00:00,Terminal Provocations,tv,,tv,,,0.0,no_match
STARTREK.xlsx,STARTREK,786,Much Ado About Boimler,Animated TV Episode,2020-09-17 00:00:00,Much Ado About Boimler,tv,,tv,,,0.0,no_match
STARTREK.xlsx,STARTREK,787,Veritas,Animated TV Episode,2020-09-24 00:00:00,Veritas,tv,,tv,,,0.0,no_match
STARTREK.xlsx,STARTREK,788,Crisis Point,Animated TV Episode,2020-10-01 00:00:00,Crisis Point,tv,,tv,,,0.0,no_match
STARTREK.xlsx,STARTREK,789,No Small Parts,Animated TV Episode,2020-10-08 00:00:00,No Small Parts,tv,,tv,,,0.0,no_match
STARTREK.xlsx,STARTREK,790,"That Hope Is You, Part 1",TV Episode,2020-10-15 00:00:00,"That Hope Is You, Part 1",tv,,tv,,,0.0,no_match
STARTREK.xlsx,STARTREK,791,Far from Home,TV Episode,2020-10-22 00:00:00,Far from Home,tv,,tv,,,0.0,no_match
STARTREK.xlsx,STARTREK,792,People of Earth,TV Episode,2020-10-29 00:00:00,People of Earth,tv,,tv,,,0.0,no_match
STARTREK.xlsx,STARTREK,793,Forget Me Not,TV Episode,2020-11-05 00:00:00,Forget Me Not,tv,,tv,,,0.0,no_match
STARTREK.xlsx,STARTREK,794,Die Trying,TV Episode,2020-11-12 00:00:00,Die Trying,tv,,tv,,,0.0,no_match
STARTREK.xlsx,STARTREK,795,Scavengers,TV Episode,2020-11-19 00:00:00,Scavengers,tv,,tv,,,0.0,no_match
STARTREK.xlsx,STARTREK,796,Unification III,TV Episode,2020-11-26 00:00:00,Unification III,tv,,tv,,,0.0,no_match
STARTREK.xlsx,STARTREK,797,The Sanctuary,TV Episode,2020-12-03 00:00:00,The Sanctuary,tv,,tv,,,0.0,no_match
STARTREK.xlsx,STARTREK,798,Terra Firma - Part I,TV Episode,2020-12-10 00:00:00,Terra Firma - Part I,tv,,tv,,,0.0,no_match
STARTREK.xlsx,STARTREK,799,Terra Firma - Part II,TV Episode,2020-12-17 00:00:00,Terra Firma - Part II,tv,,tv,,,0.0,no_match
STARTREK.xlsx,STARTREK,800,Su'Kal,TV Episode,2020-12-24 00:00:00,Su'Kal,tv,,tv,,,0.0,no_match
STARTREK.xlsx,STARTREK,801,There Is a Tide...,TV Episode,2020-12-31 00:00:00,There Is a Tide...,tv,,tv,,,0.0,no_match
STARTREK.xlsx,STARTREK,802,"That Hope Is You, Part 2",TV Episode,2021-01-07 00:00:00,"That Hope Is You, Part 2",tv,,tv,,,0.0,no_match
STARTREK.xlsx,STARTREK,803,Strange Energies,Animated TV Episode,2021-08-12 00:00:00,Strange Energies,tv,,tv,,,0.0,no_match
STARTREK.xlsx,STARTREK,804,"Kayshon, His Eyes Open",Animated TV Episode,2021-08-19 00:00:00,"Kayshon, His Eyes Open",tv,,tv,,,0.0,no_match
STARTREK.xlsx,STARTREK,805,We'll Always Have Tom Paris,Animated TV Episode,2021-08-26 00:00:00,We'll Always Have Tom Paris,tv,,tv,,,0.0,no_match
STARTREK.xlsx,STARTREK,806,"Mugato, Gumato",Animated TV Episode,2021-09-02 00:00:00,"Mugato, Gumato",tv,,tv,,,0.0,no_match
STARTREK.xlsx,STARTREK,807,An Embarrassment of Dooplers,Animated TV Episode,2021-09-09 00:00:00,An Embarrassment of Dooplers,tv,,tv,,,0.0,no_match
STARTREK.xlsx,STARTREK,808,The Spy Humongous,Animated TV Episode,2021-09-16 00:00:00,The Spy Humongous,tv,,tv,,,0.0,no_match
STARTREK.xlsx,STARTREK,809,Where Pleasant Fountains Lie,Animated TV Episode,2021-09-23 00:00:00,Where Pleasant Fountains Lie,tv,,tv,,,0.0,no_match
STARTREK.xlsx,STARTREK,810,"I, Excretus",Animated TV Episode,2021-09-30 00:00:00,"I, Excretus",tv,,tv,,,0.0,no_match
STARTREK.xlsx,STARTREK,811,wej Duj,Animated TV Episode,2021-10-07 00:00:00,wej Duj,tv,,tv,,,0.0,no_match
STARTREK.xlsx,STARTREK,812,First First Contact,Animated TV Episode,2021-10-14 00:00:00,First First Contact,tv,,tv,,,0.0,no_match
STARTREK.xlsx,STARTREK,813,Lost and Found - Part I,Animated TV Episode,2021-10-28 00:00:00,Lost and Found - Part I,tv,,tv,,,0.0,no_match
STARTREK.xlsx,STARTREK,814,Lost and Found - Part II,Animated TV Episode,2021-10-28 00:00:00,Lost and Found - Part II,tv,,tv,,,0.0,no_match
STARTREK.xlsx,STARTREK,815,Starstruck,Animated TV Episode,2021-11-04 00:00:00,Starstruck,tv,93288,tv,Starstruck,2021-04-25,0.9513,matched
STARTREK.xlsx,STARTREK,816,Dream Catcher,Animated TV Episode,2021-11-11 00:00:00,Dream Catcher,tv,,tv,,,0.0,no_match
STARTREK.xlsx,STARTREK,817,Terror Firma,Animated TV Episode,2021-11-18 00:00:00,Terror Firma,tv,,tv,,,0.0,no_match
STARTREK.xlsx,STARTREK,818,Kobayashi Maru,TV Episode,2021-11-18 00:00:00,Kobayashi Maru,tv,,tv,,,0.0,no_match
STARTREK.xlsx,STARTREK,819,Anomaly,TV Episode,2021-11-25 00:00:00,Anomaly,tv,,tv,,,0.0,no_match
STARTREK.xlsx,STARTREK,820,Choose to Live,TV Episode,2021-12-02 00:00:00,Choose to Live,tv,,tv,,,0.0,no_match
STARTREK.xlsx,STARTREK,821,All Is Possible,TV Episode,2021-12-09 00:00:00,All Is Possible,tv,,tv,,,0.0,no_match
STARTREK.xlsx,STARTREK,822,The Examples,TV Episode,2021-12-16 00:00:00,The Examples,tv,,tv,,,0.0,no_match
STARTREK.xlsx,STARTREK,823,Stormy Weather,TV Episode,2021-12-23 00:00:00,Stormy Weather,tv,,tv,,,0.0,no_match
STARTREK.xlsx,STARTREK,824,...But to Connect,TV Episode,2021-12-30 00:00:00,...But to Connect,tv,,tv,,,0.0,no_match
STARTREK.xlsx,STARTREK,825,Kobayashi,Animated TV Episode,2022-01-06 00:00:00,Kobayashi,tv,,tv,,,0.0,no_match
STARTREK.xlsx,STARTREK,826,First Con-tact,Animated TV Episode,2022-01-13 00:00:00,First Con-tact,tv,,tv,,,0.0,no_match
STARTREK.xlsx,STARTREK,827,Time Amok,Animated TV Episode,2022-01-20 00:00:00,Time Amok,tv,,tv,,,0.0,no_match
STARTREK.xlsx,STARTREK,828,A Moral Star - Part I,Animated TV Episode,2022-01-27 00:00:00,A Moral Star - Part I,tv,,tv,,,0.0,no_match
STARTREK.xlsx,STARTREK,829,A Moral Star - Part II,Animated TV Episode,2022-02-03 00:00:00,A Moral Star - Part II,tv,,tv,,,0.0,no_match
STARTREK.xlsx,STARTREK,830,All In,TV Episode,2022-02-10 00:00:00,All In,tv,197314,tv,All In,2022-03-19,0.9503,matched
STARTREK.xlsx,STARTREK,831,Rubicon,TV Episode,2022-02-17 00:00:00,Rubicon,tv,,tv,,,0.0,no_match
STARTREK.xlsx,STARTREK,832,The Galactic Barrier,TV Episode,2022-02-24 00:00:00,The Galactic Barrier,tv,,tv,,,0.0,no_match
STARTREK.xlsx,STARTREK,833,The Star Gazer,TV Episode,2022-03-03 00:00:00,The Star Gazer,tv,,tv,,,0.0,no_match
STARTREK.xlsx,STARTREK,834,Rosetta,TV Episode,2022-03-03 00:00:00,Rosetta,tv,,tv,,,0.0,no_match
STARTREK.xlsx,STARTREK,835,Penance,TV Episode,2022-03-10 00:00:00,Penance,tv,,tv,,,0.0,no_match
STARTREK.xlsx,STARTREK,836,Species Ten-C,TV Episode,2022-03-10 00:00:00,Species Ten-C,tv,,tv,,,0.0,no_match
STARTREK.xlsx,STARTREK,837,Assimilation,TV Episode,2022-03-17 00:00:00,Assimilation,tv,,tv,,,0.0,no_match
STARTREK.xlsx,STARTREK,838,Coming Home,TV Episode,2022-03-17 00:00:00,Coming Home,tv,,tv,,,0.0,no_match
STARTREK.xlsx,STARTREK,839,Watcher,TV Episode,2022-03-24 00:00:00,Watcher,tv,210232,tv,The Watcher,2022-10-13,0.7936,matched
STARTREK.xlsx,STARTREK,840,Fly Me to the Moon,TV Episode,2022-03-31 00:00:00,Fly Me to the Moon,tv,,tv,,,0.0,no_match
STARTREK.xlsx,STARTREK,841,Two of One,TV Episode,2022-04-07 00:00:00,Two of One,tv,283883,tv,Historic Parking 1: The Deception of the French Channel,2022-09-20,0.4074,review
STARTREK.xlsx,STARTREK,842,Monsters,TV Episode,2022-04-14 00:00:00,Monsters,tv,156069,tv,Monstershop,2022-01-21,0.8365,matched
STARTREK.xlsx,STARTREK,843,Mercy,TV Episode,2022-04-21 00:00:00,Mercy,tv,271718,tv,Living Divine Mercy,2022-03-16,0.5301,review
STARTREK.xlsx,STARTREK,844,Hide and Seek,TV Episode,2022-04-28 00:00:00,Hide and Seek,tv,296640,tv,VS School - Ultimate Hide and Seek,2022-11-11,0.6285,matched
STARTREK.xlsx,STARTREK,845,Strange New Worlds,TV Episode,2022-05-05 00:00:00,Strange New Worlds,tv,103516,tv,Star Trek: Strange New Worlds,2022-05-05,0.7974,matched
STARTREK.xlsx,STARTREK,846,Farewell,TV Episode,2022-05-05 00:00:00,Farewell,tv,206735,tv,Farewell Vivian,2022-07-25,0.7312,matched
STARTREK.xlsx,STARTREK,847,Children of the Comet,TV Episode,2022-05-12 00:00:00,Children of the Comet,tv,,tv,,,0.0,no_match
STARTREK.xlsx,STARTREK,848,Ghosts of Illyria,TV Episode,2022-05-19 00:00:00,Ghosts of Illyria,tv,,tv,,,0.0,no_match
STARTREK.xlsx,STARTREK,849,Memento Mori,TV Episode,2022-05-26 00:00:00,Memento Mori,tv,,tv,,,0.0,no_match
STARTREK.xlsx,STARTREK,850,Spock Amok,TV Episode,2022-06-02 00:00:00,Spock Amok,tv,,tv,,,0.0,no_match
STARTREK.xlsx,STARTREK,851,Lift Us Where Suffering Cannot Reach,TV Episode,2022-06-09 00:00:00,Lift Us Where Suffering Cannot Reach,tv,,tv,,,0.0,no_match
STARTREK.xlsx,STARTREK,852,The Serene Squall,TV Episode,2022-06-16 00:00:00,The Serene Squall,tv,,tv,,,0.0,no_match
STARTREK.xlsx,STARTREK,853,The Elysian Kingdom,TV Episode,2022-06-23 00:00:00,The Elysian Kingdom,tv,,tv,,,0.0,no_match
STARTREK.xlsx,STARTREK,854,All Those Who Wander,TV Episode,2022-06-30 00:00:00,All Those Who Wander,tv,,tv,,,0.0,no_match
STARTREK.xlsx,STARTREK,855,A Quality of Mercy,TV Episode,2022-07-07 00:00:00,A Quality of Mercy,tv,,tv,,,0.0,no_match
STARTREK.xlsx,STARTREK,856,Grounded,Animated TV Episode,2022-08-25 00:00:00,Grounded,tv,226141,tv,Grounded,2022-11-11,0.9503,matched
STARTREK.xlsx,STARTREK,857,The Least Dangerous Game,Animated TV Episode,2022-09-01 00:00:00,The Least Dangerous Game,tv,,tv,,,0.0,no_match
STARTREK.xlsx,STARTREK,858,Mining the Mind's Mines,Animated TV Episode,2022-09-08 00:00:00,Mining the Mind's Mines,tv,,tv,,,0.0,no_match
STARTREK.xlsx,STARTREK,859,Room for Growth,Animated TV Episode,2022-09-15 00:00:00,Room for Growth,tv,,tv,,,0.0,no_match
STARTREK.xlsx,STARTREK,860,Reflections,Animated TV Episode,2022-09-22 00:00:00,Reflections,tv,,tv,,,0.0,no_match
STARTREK.xlsx,STARTREK,861,"Hear All, Trust Nothing",Animated TV Episode,2022-09-29 00:00:00,"Hear All, Trust Nothing",tv,,tv,,,0.0,no_match
STARTREK.xlsx,STARTREK,862,A Mathematically Perfect Redemption,Animated TV Episode,2022-10-06 00:00:00,A Mathematically Perfect Redemption,tv,,tv,,,0.0,no_match
STARTREK.xlsx,STARTREK,863,Crisis Point 2: Paradoxus,Animated TV Episode,2022-10-13 00:00:00,Crisis Point 2: Paradoxus,tv,,tv,,,0.0,no_match
STARTREK.xlsx,STARTREK,864,Trusted Sources,Animated TV Episode,2022-10-20 00:00:00,Trusted Sources,tv,,tv,,,0.0,no_match
STARTREK.xlsx,STARTREK,865,Asylum,Animated TV Episode,2022-10-27 00:00:00,Asylum,tv,,tv,,,0.0,no_match
STARTREK.xlsx,STARTREK,866,The Stars at Night,Animated TV Episode,2022-10-27 00:00:00,The Stars at Night,tv,,tv,,,0.0,no_match
STARTREK.xlsx,STARTREK,867,Let Sleeping Borg Lie,Animated TV Episode,2022-11-03 00:00:00,Let Sleeping Borg Lie,tv,,tv,,,0.0,no_match
STARTREK.xlsx,STARTREK,868,All the World's a Stage,Animated TV Episode,2022-11-10 00:00:00,All the World's a Stage,tv,,tv,,,0.0,no_match
STARTREK.xlsx,STARTREK,869,Crossroads,Animated TV Episode,2022-11-17 00:00:00,Crossroads,tv,212920,tv,André Hazes: Crossroads,2022-10-20,0.6666,matched
STARTREK.xlsx,STARTREK,870,Masquerade,Animated TV Episode,2022-11-24 00:00:00,Masquerade,tv,,tv,,,0.0,no_match
STARTREK.xlsx,STARTREK,871,Preludes,Animated TV Episode,2022-12-01 00:00:00,Preludes,tv,,tv,,,0.0,no_match
STARTREK.xlsx,STARTREK,872,Ghost in the Machine,Animated TV Episode,2022-12-08 00:00:00,Ghost in the Machine,tv,,tv,,,0.0,no_match
STARTREK.xlsx,STARTREK,873,Mindwalk,Animated TV Episode,2022-12-15 00:00:00,Mindwalk,tv,,tv,,,0.0,no_match
STARTREK.xlsx,STARTREK,874,Supernova Part I,Animated TV Episode,2022-12-22 00:00:00,Supernova Part I,tv,,tv,,,0.0,no_match
STARTREK.xlsx,STARTREK,875,Supernova - Part II,Animated TV Episode,2022-12-29 00:00:00,Supernova - Part II,tv,,tv,,,0.0,no_match
STARTREK.xlsx,STARTREK,876,The Next Generation,TV Episode,2023-02-16 00:00:00,The Next Generation,tv,,tv,,,0.0,no_match
STARTREK.xlsx,STARTREK,877,Disengage,TV Episode,2023-02-23 00:00:00,Disengage,tv,,tv,,,0.0,no_match
STARTREK.xlsx,STARTREK,878,Seventeen Seconds,TV Episode,2023-03-02 00:00:00,Seventeen Seconds,tv,,tv,,,0.0,no_match
STARTREK.xlsx,STARTREK,879,No Win Scenario,TV Episode,2023-03-09 00:00:00,No Win Scenario,tv,,tv,,,0.0,no_match
STARTREK.xlsx,STARTREK,880,Imposters,TV Episode,2023-03-16 00:00:00,Imposters,tv,,tv,,,0.0,no_match
STARTREK.xlsx,STARTREK,881,The Bounty,TV Episode,2023-03-23 00:00:00,The Bounty,tv,157221,tv,My Dad the Bounty Hunter,2023-02-09,0.6554,matched
STARTREK.xlsx,STARTREK,882,Dominion,TV Episode,2023-03-30 00:00:00,Dominion,tv,,tv,,,0.0,no_match
STARTREK.xlsx,STARTREK,883,Surrender,TV Episode,2023-04-06 00:00:00,Surrender,tv,,tv,,,0.0,no_match
STARTREK.xlsx,STARTREK,884,Võx,TV Episode,2023-04-13 00:00:00,Võx,tv,,tv,,,0.0,no_match
STARTREK.xlsx,STARTREK,885,The Last Generation,TV Episode,2023-04-20 00:00:00,The Last Generation,tv,,tv,,,0.0,no_match
STARTREK.xlsx,STARTREK,886,The Broken Circle,TV Episode,2023-06-15 00:00:00,The Broken Circle,tv,,tv,,,0.0,no_match
STARTREK.xlsx,STARTREK,887,Ad Astra per Aspera,TV Episode,2023-06-22 00:00:00,Ad Astra per Aspera,tv,,tv,,,0.0,no_match
STARTREK.xlsx,STARTREK,888,Tomorrow and Tomorrow and Tomorrow,TV Episode,2023-06-29 00:00:00,Tomorrow and Tomorrow and Tomorrow,tv,,tv,,,0.0,no_match
STARTREK.xlsx,STARTREK,889,Among the Lotus Eaters,TV Episode,2023-07-06 00:00:00,Among the Lotus Eaters,tv,,tv,,,0.0,no_match
STARTREK.xlsx,STARTREK,890,Charades,TV Episode,2023-07-13 00:00:00,Charades,tv,,tv,,,0.0,no_match
STARTREK.xlsx,STARTREK,891,Lost in Translation,TV Episode,2023-07-20 00:00:00,Lost in Translation,tv,,tv,,,0.0,no_match
STARTREK.xlsx,STARTREK,892,Those Old Scientists,TV Episode,2023-07-22 00:00:00,Those Old Scientists,tv,,tv,,,0.0,no_match
STARTREK.xlsx,STARTREK,893,Under the Cloak of War,TV Episode,2023-07-27 00:00:00,Under the Cloak of War,tv,,tv,,,0.0,no_match
STARTREK.xlsx,STARTREK,894,Subspace Rhapsody,TV Episode,2023-08-03 00:00:00,Subspace Rhapsody,tv,,tv,,,0.0,no_match
STARTREK.xlsx,STARTREK,895,Hegemony,TV Episode,2023-08-10 00:00:00,Hegemony,tv,,tv,,,0.0,no_match
STARTREK.xlsx,STARTREK,896,Twovix,Animated TV Episode,2023-09-07 00:00:00,Twovix,tv,,tv,,,0.0,no_match
STARTREK.xlsx,STARTREK,897,I Have No Bones Yet I Must Flee,Animated TV Episode,2023-09-07 00:00:00,I Have No Bones Yet I Must Flee,tv,,tv,,,0.0,no_match
STARTREK.xlsx,STARTREK,898,In the Cradle of Vexilon,Animated TV Episode,2023-09-14 00:00:00,In the Cradle of Vexilon,tv,,tv,,,0.0,no_match
STARTREK.xlsx,STARTREK,899,"Something Borrowed, Something Green",Animated TV Episode,2023-09-21 00:00:00,"Something Borrowed, Something Green",tv,,tv,,,0.0,no_match
STARTREK.xlsx,STARTREK,900,Empathological Fallacies,Animated TV Episode,2023-09-28 00:00:00,Empathological Fallacies,tv,,tv,,,0.0,no_match
STARTREK.xlsx,STARTREK,901,Parth Ferengi's Heart Place,Animated TV Episode,2023-10-05 00:00:00,Parth Ferengi's Heart Place,tv,,tv,,,0.0,no_match
STARTREK.xlsx,STARTREK,902,A Few Badgeys More,Animated TV Episode,2023-10-12 00:00:00,A Few Badgeys More,tv,,tv,,,0.0,no_match
STARTREK.xlsx,STARTREK,903,Caves,Animated TV Episode,2023-10-19 00:00:00,Caves,tv,,tv,,,0.0,no_match
STARTREK.xlsx,STARTREK,904,The Inner Fight,Animated TV Episode,2023-10-26 00:00:00,The Inner Fight,tv,,tv,,,0.0,no_match
STARTREK.xlsx,STARTREK,905,"Old Friends, New Planets",Animated TV Episode,2023-11-02 00:00:00,"Old Friends, New Planets",tv,,tv,,,0.0,no_match
STARTREK.xlsx,STARTREK,906,Red Directive,TV Episode,2024-04-04 00:00:00,Red Directive,tv,,tv,,,0.0,no_match
STARTREK.xlsx,STARTREK,907,Under the Twin Moons,TV Episode,2024-04-04 00:00:00,Under the Twin Moons,tv,,tv,,,0.0,no_match
STARTREK.xlsx,STARTREK,908,Jinaal,TV Episode,2024-04-11 00:00:00,Jinaal,tv,,tv,,,0.0,no_match
STARTREK.xlsx,STARTREK,909,Face the Strange,TV Episode,2024-04-18 00:00:00,Face the Strange,tv,,tv,,,0.0,no_match
STARTREK.xlsx,STARTREK,910,Mirrors,TV Episode,2024-04-25 00:00:00,Mirrors,tv,258385,tv,Ayla and The Mirrors,2024-09-27,0.6045,review
STARTREK.xlsx,STARTREK,911,Whistlespeak,TV Episode,2024-05-02 00:00:00,Whistlespeak,tv,,tv,,,0.0,no_match
STARTREK.xlsx,STARTREK,912,Erigah,TV Episode,2024-05-09 00:00:00,Erigah,tv,,tv,,,0.0,no_match
STARTREK.xlsx,STARTREK,913,Labyrinths,TV Episode,2024-05-16 00:00:00,Labyrinths,tv,,tv,,,0.0,no_match
STARTREK.xlsx,STARTREK,914,Lagrange Point,TV Episode,2024-05-23 00:00:00,Lagrange Point,tv,,tv,,,0.0,no_match
STARTREK.xlsx,STARTREK,915,"Life, Itself",TV Episode,2024-05-30 00:00:00,"Life, Itself",tv,,tv,,,0.0,no_match
STARTREK.xlsx,STARTREK,916,Into the Breach - Part I,Animated TV Episode,2024-07-01 00:00:00,Into the Breach - Part I,tv,,tv,,,0.0,no_match
STARTREK.xlsx,STARTREK,917,Into the Breach - Part II,Animated TV Episode,2024-07-01 00:00:00,Into the Breach - Part II,tv,,tv,,,0.0,no_match
STARTREK.xlsx,STARTREK,918,Who Saves the Saviors,Animated TV Episode,2024-07-01 00:00:00,Who Saves the Saviors,tv,,tv,,,0.0,no_match
STARTREK.xlsx,STARTREK,919,Temporal Mechanics 101,Animated TV Episode,2024-07-01 00:00:00,Temporal Mechanics 101,tv,,tv,,,0.0,no_match
STARTREK.xlsx,STARTREK,920,Observer's Paradox,Animated TV Episode,2024-07-01 00:00:00,Observer's Paradox,tv,,tv,,,0.0,no_match
STARTREK.xlsx,STARTREK,921,Imposter Syndrome,Animated TV Episode,2024-07-01 00:00:00,Imposter Syndrome,tv,,tv,,,0.0,no_match
STARTREK.xlsx,STARTREK,922,The Fast and the Curious,Animated TV Episode,2024-07-01 00:00:00,The Fast and the Curious,tv,,tv,,,0.0,no_match
STARTREK.xlsx,STARTREK,923,Is There in Beauty No Truth?,Animated TV Episode,2024-07-01 00:00:00,Is There in Beauty No Truth?,tv,,tv,,,0.0,no_match
STARTREK.xlsx,STARTREK,924,The Devourer of All Things - Part I,Animated TV Episode,2024-07-01 00:00:00,The Devourer of All Things - Part I,tv,,tv,,,0.0,no_match
STARTREK.xlsx,STARTREK,925,The Devourer of All Things - Part II,Animated TV Episode,2024-07-01 00:00:00,The Devourer of All Things - Part II,tv,,tv,,,0.0,no_match
STARTREK.xlsx,STARTREK,926,Last Flight of the Protostar - Part I,Animated TV Episode,2024-07-01 00:00:00,Last Flight of the Protostar - Part I,tv,,tv,,,0.0,no_match
STARTREK.xlsx,STARTREK,927,Last Flight of the Protostar - Part II,Animated TV Episode,2024-07-01 00:00:00,Last Flight of the Protostar - Part II,tv,,tv,,,0.0,no_match
STARTREK.xlsx,STARTREK,928,A Tribble Called Quest,Animated TV Episode,2024-07-01 00:00:00,A Tribble Called Quest,tv,,tv,,,0.0,no_match
STARTREK.xlsx,STARTREK,929,Cracked Mirror,Animated TV Episode,2024-07-01 00:00:00,Cracked Mirror,tv,,tv,,,0.0,no_match
STARTREK.xlsx,STARTREK,930,Ascension - Part I,Animated TV Episode,2024-07-01 00:00:00,Ascension - Part I,tv,,tv,,,0.0,no_match
STARTREK.xlsx,STARTREK,931,Ascension - Part II,Animated TV Episode,2024-07-01 00:00:00,Ascension - Part II,tv,,tv,,,0.0,no_match
STARTREK.xlsx,STARTREK,932,Brink,Animated TV Episode,2024-07-01 00:00:00,Brink,tv,,tv,,,0.0,no_match
STARTREK.xlsx,STARTREK,933,Touch of Grey,Animated TV Episode,2024-07-01 00:00:00,Touch of Grey,tv,,tv,,,0.0,no_match
STARTREK.xlsx,STARTREK,934,Ouroboros - Part I,Animated TV Episode,2024-07-01 00:00:00,Ouroboros - Part I,tv,,tv,,,0.0,no_match
STARTREK.xlsx,STARTREK,935,Ouroboros - Part II,Animated TV Episode,2024-07-01 00:00:00,Ouroboros - Part II,tv,,tv,,,0.0,no_match
STARTREK.xlsx,STARTREK,936,Dos Cerritos,Animated TV Episode,2024-10-24 00:00:00,Dos Cerritos,tv,,tv,,,0.0,no_match
STARTREK.xlsx,STARTREK,937,Shades of Green,Animated TV Episode,2024-10-24 00:00:00,Shades of Green,tv,,tv,,,0.0,no_match
STARTREK.xlsx,STARTREK,938,The Best Exotic Nanite Hotel,Animated TV Episode,2024-10-31 00:00:00,The Best Exotic Nanite Hotel,tv,,tv,,,0.0,no_match
STARTREK.xlsx,STARTREK,939,A Farewell To Farms,Animated TV Episode,2024-11-07 00:00:00,A Farewell To Farms,tv,,tv,,,0.0,no_match
STARTREK.xlsx,STARTREK,940,Starbase 80?!,Animated TV Episode,2024-11-14 00:00:00,Starbase 80?!,tv,,tv,,,0.0,no_match
STARTREK.xlsx,STARTREK,941,Of Gods and Angles,Animated TV Episode,2024-11-21 00:00:00,Of Gods and Angles,tv,,tv,,,0.0,no_match
STARTREK.xlsx,STARTREK,942,Fully Dilated,Animated TV Episode,2024-11-28 00:00:00,Fully Dilated,tv,,tv,,,0.0,no_match
STARTREK.xlsx,STARTREK,943,Upper Decks,Animated TV Episode,2024-12-05 00:00:00,Upper Decks,tv,,tv,,,0.0,no_match
STARTREK.xlsx,STARTREK,944,Fissure Quest,Animated TV Episode,2024-12-12 00:00:00,Fissure Quest,tv,,tv,,,0.0,no_match
STARTREK.xlsx,STARTREK,945,The New Next Generation,Animated TV Episode,2024-12-19 00:00:00,The New Next Generation,tv,,tv,,,0.0,no_match
STARTREK.xlsx,STARTREK,946,"Hegemony, Part II",TV Episode,2025-07-17 00:00:00,"Hegemony, Part II",tv,,tv,,,0.0,no_match
STARTREK.xlsx,STARTREK,947,Wedding Bell Blues,TV Episode,2025-07-17 00:00:00,Wedding Bell Blues,tv,,tv,,,0.0,no_match
STARTREK.xlsx,STARTREK,948,Shuttle to Kenfori,TV Episode,2025-07-24 00:00:00,Shuttle to Kenfori,tv,,tv,,,0.0,no_match
STARTREK.xlsx,STARTREK,949,A Space Adventure Hour,TV Episode,2025-07-31 00:00:00,A Space Adventure Hour,tv,,tv,,,0.0,no_match
STARTREK.xlsx,STARTREK,950,Through the Lens of Time,TV Episode,2025-08-07 00:00:00,Through the Lens of Time,tv,,tv,,,0.0,no_match
STARTREK.xlsx,STARTREK,951,The Sehlat Who Ate Its Tail,TV Episode,2025-08-14 00:00:00,The Sehlat Who Ate Its Tail,tv,,tv,,,0.0,no_match
STARTREK.xlsx,STARTREK,952,What Is Starfleet?,TV Episode,2025-08-21 00:00:00,What Is Starfleet?,tv,,tv,,,0.0,no_match
STARTREK.xlsx,STARTREK,953,Four-and-a-Half Vulcans,TV Episode,2025-08-28 00:00:00,Four-and-a-Half Vulcans,tv,,tv,,,0.0,no_match
STARTREK.xlsx,STARTREK,954,Terrarium,TV Episode,2025-09-04 00:00:00,Terrarium,tv,,tv,,,0.0,no_match
STARTREK.xlsx,STARTREK,955,New Life and New Civilizations,TV Episode,2025-09-11 00:00:00,New Life and New Civilizations,tv,,tv,,,0.0,no_match
STARTREK.xlsx,STARTREK,956,Kids These Days,TV Episode,2026-01-15 00:00:00,Kids These Days,tv,,tv,,,0.0,no_match
STARTREK.xlsx,STARTREK,957,Beta Test,TV Episode,2026-01-15 00:00:00,Beta Test,tv,,tv,,,0.0,no_match
STARTREK.xlsx,STARTREK,958,Vitus Reflux,TV Episode,2026-01-22 00:00:00,Vitus Reflux,tv,,tv,,,0.0,no_match
STARTREK.xlsx,STARTREK,959,Vox in Excelso,TV Episode,2026-01-29 00:00:00,Vox in Excelso,tv,,tv,,,0.0,no_match
STARTREK.xlsx,STARTREK,960,Series Acclimation Mil,TV Episode,2026-02-05 00:00:00,Series Acclimation Mil,tv,,tv,,,0.0,no_match
STARTREK.xlsx,STARTREK,961,"Come, Let's Away",TV Episode,2026-02-12 00:00:00,"Come, Let's Away",tv,,tv,,,0.0,no_match
STARTREK.xlsx,STARTREK,962,Ko'Zeine,TV Episode,2026-02-19 00:00:00,Ko'Zeine,tv,,tv,,,0.0,no_match
STARTREK.xlsx,STARTREK,963,The Life of the Stars,TV Episode,2026-02-26 00:00:00,The Life of the Stars,tv,,tv,,,0.0,no_match
STARTREK.xlsx,STARTREK,964,300th Night,TV Episode,2026-03-05 00:00:00,300th Night,tv,,tv,,,0.0,no_match
STARTREK.xlsx,STARTREK,965,Rubincon,TV Episode,2026-03-12 00:00:00,Rubincon,tv,,tv,,,0.0,no_match
STARTREK.xlsx,STARTREK,966,Valles Marineris,TV Episode,2026-07-23 00:00:00,Valles Marineris,tv,,tv,,,0.0,no_match
STARTREK.xlsx,STARTREK,967,Griffin Incident,TV Episode,2026-07-30 00:00:00,Griffin Incident,tv,,tv,,,0.0,no_match
STARTREK.xlsx,STARTREK,968,Human Best Friend,TV Episode,2026-08-06 00:00:00,Human Best Friend,tv,,tv,,,0.0,no_match
STARTREK.xlsx,STARTREK,969,A Case of Chiaoscuro,TV Episode,2026-08-13 00:00:00,A Case of Chiaoscuro,tv,,tv,,,0.0,no_match
STARTREK.xlsx,STARTREK,970,Level Five Transporter Accident,TV Episode,2026-08-20 00:00:00,Level Five Transporter Accident,tv,,tv,,,0.0,no_match
STARTREK.xlsx,STARTREK,971,Off-Hour,TV Episode,2026-08-27 00:00:00,Off-Hour,tv,,tv,,,0.0,no_match
STARTREK.xlsx,STARTREK,972,Like Chronitons Through the Hourglass,TV Episode,2026-09-03 00:00:00,Like Chronitons Through the Hourglass,tv,,tv,,,0.0,no_match
STARTREK.xlsx,STARTREK,973,Orders of Magnitude,TV Episode,2026-09-10 00:00:00,Orders of Magnitude,tv,,tv,,,0.0,no_match
STARTREK.xlsx,STARTREK,974,Once La'an a Time,TV Episode,2026-09-17 00:00:00,Once La'an a Time,tv,,tv,,,0.0,no_match
STARTREK.xlsx,STARTREK,975,Tomorrow's Enterprise,TV Episode,2026-09-24 00:00:00,Tomorrow's Enterprise,tv,,tv,,,0.0,no_match
STARTREK.xlsx,STARTREK,976,Starfleet Academy,TV Episode,2027-??-??,Starfleet Academy,tv,,tv,,,0.0,no_match
STARTREK.xlsx,STARTREK,977,Starfleet Academy,TV Episode,????-??-??,Starfleet Academy,tv,223530,tv,Star Trek: Starfleet Academy,2026-01-15,0.6631,matched
STARTREK.xlsx,STARTREK,978,Starfleet Academy,TV Episode,????-??-??,Starfleet Academy,tv,223530,tv,Star Trek: Starfleet Academy,2026-01-15,0.6631,matched
STARTREK.xlsx,STARTREK,979,Starfleet Academy,TV Episode,????-??-??,Starfleet Academy,tv,223530,tv,Star Trek: Starfleet Academy,2026-01-15,0.6631,matched
STARTREK.xlsx,STARTREK,980,Starfleet Academy,TV Episode,????-??-??,Starfleet Academy,tv,223530,tv,Star Trek: Starfleet Academy,2026-01-15,0.6631,matched
STARTREK.xlsx,STARTREK,981,Starfleet Academy,TV Episode,????-??-??,Starfleet Academy,tv,223530,tv,Star Trek: Starfleet Academy,2026-01-15,0.6631,matched
STARTREK.xlsx,STARTREK,982,Starfleet Academy,TV Episode,????-??-??,Starfleet Academy,tv,223530,tv,Star Trek: Starfleet Academy,2026-01-15,0.6631,matched
STARTREK.xlsx,STARTREK,983,Starfleet Academy,TV Episode,????-??-??,Starfleet Academy,tv,223530,tv,Star Trek: Starfleet Academy,2026-01-15,0.6631,matched
STARTREK.xlsx,STARTREK,984,Starfleet Academy,TV Episode,????-??-??,Starfleet Academy,tv,223530,tv,Star Trek: Starfleet Academy,2026-01-15,0.6631,matched
STARTREK.xlsx,STARTREK,985,Starfleet Academy,TV Episode,????-??-??,Starfleet Academy,tv,223530,tv,Star Trek: Starfleet Academy,2026-01-15,0.6631,matched
STARTREK.xlsx,STARTREK,986,Strange New Worlds,TV Episode,2027-??-??,Strange New Worlds,tv,,tv,,,0.0,no_match
STARTREK.xlsx,STARTREK,987,Strange New Worlds,TV Episode,2027-??-??,Strange New Worlds,tv,,tv,,,0.0,no_match
STARTREK.xlsx,STARTREK,988,Strange New Worlds,TV Episode,2027-??-??,Strange New Worlds,tv,,tv,,,0.0,no_match
STARTREK.xlsx,STARTREK,989,Strange New Worlds,TV Episode,2027-??-??,Strange New Worlds,tv,,tv,,,0.0,no_match
STARTREK.xlsx,STARTREK,990,Strange New Worlds,TV Episode,2027-??-??,Strange New Worlds,tv,,tv,,,0.0,no_match
STARTREK.xlsx,STARTREK,991,Strange New Worlds,TV Episode,2027-??-??,Strange New Worlds,tv,,tv,,,0.0,no_match
DOCTORWHO.xlsx,DOCTORWHO,2,An Unearthly Child,TV Episode (ClassicWho),1963-11-23 00:00:00,An Unearthly Child,tv,,tv,,,0.0,no_match
DOCTORWHO.xlsx,DOCTORWHO,3,The Cave of Skulls,TV Episode (ClassicWho),1963-11-30 00:00:00,The Cave of Skulls,tv,,tv,,,0.0,no_match
DOCTORWHO.xlsx,DOCTORWHO,4,The Forest of Fear,TV Episode (ClassicWho),1963-12-07 00:00:00,The Forest of Fear,tv,,tv,,,0.0,no_match
DOCTORWHO.xlsx,DOCTORWHO,5,The Firemaker,TV Episode (ClassicWho),1963-12-14 00:00:00,The Firemaker,tv,,tv,,,0.0,no_match
DOCTORWHO.xlsx,DOCTORWHO,6,The Dead Planet,TV Episode (ClassicWho),1963-12-21 00:00:00,The Dead Planet,tv,,tv,,,0.0,no_match
DOCTORWHO.xlsx,DOCTORWHO,7,The Survivors,TV Episode (ClassicWho),1963-12-28 00:00:00,The Survivors,tv,,tv,,,0.0,no_match
DOCTORWHO.xlsx,DOCTORWHO,8,The Escape,TV Episode (ClassicWho),1964-01-04 00:00:00,The Escape,tv,,tv,,,0.0,no_match
DOCTORWHO.xlsx,DOCTORWHO,9,The Ambush,TV Episode (ClassicWho),1964-01-11 00:00:00,The Ambush,tv,,tv,,,0.0,no_match
DOCTORWHO.xlsx,DOCTORWHO,10,The Expedition,TV Episode (ClassicWho),1964-01-18 00:00:00,The Expedition,tv,,tv,,,0.0,no_match
DOCTORWHO.xlsx,DOCTORWHO,11,The Ordeal,TV Episode (ClassicWho),1964-01-25 00:00:00,The Ordeal,tv,,tv,,,0.0,no_match
DOCTORWHO.xlsx,DOCTORWHO,12,The Rescue,TV Episode (ClassicWho),1964-02-01 00:00:00,The Rescue,tv,,tv,,,0.0,no_match
DOCTORWHO.xlsx,DOCTORWHO,13,The Edge of Destruction,TV Episode (ClassicWho),1964-02-08 00:00:00,The Edge of Destruction,tv,,tv,,,0.0,no_match
DOCTORWHO.xlsx,DOCTORWHO,14,The Brink of Disaster,TV Episode (ClassicWho),1964-02-15 00:00:00,The Brink of Disaster,tv,,tv,,,0.0,no_match
DOCTORWHO.xlsx,DOCTORWHO,15,The Roof of the World,TV Episode (ClassicWho),1964-02-22 00:00:00,The Roof of the World,tv,,tv,,,0.0,no_match
DOCTORWHO.xlsx,DOCTORWHO,16,The Singing Sands,TV Episode (ClassicWho),1964-02-29 00:00:00,The Singing Sands,tv,,tv,,,0.0,no_match
DOCTORWHO.xlsx,DOCTORWHO,17,Five Hundred Eyes,TV Episode (ClassicWho),1964-03-07 00:00:00,Five Hundred Eyes,tv,,tv,,,0.0,no_match
DOCTORWHO.xlsx,DOCTORWHO,18,The Wall of Lies,TV Episode (ClassicWho),1964-03-14 00:00:00,The Wall of Lies,tv,,tv,,,0.0,no_match
DOCTORWHO.xlsx,DOCTORWHO,19,Rider from Shang-Tu,TV Episode (ClassicWho),1964-03-21 00:00:00,Rider from Shang-Tu,tv,,tv,,,0.0,no_match
DOCTORWHO.xlsx,DOCTORWHO,20,Mighty Kublai Khan,TV Episode (ClassicWho),1964-03-28 00:00:00,Mighty Kublai Khan,tv,,tv,,,0.0,no_match
DOCTORWHO.xlsx,DOCTORWHO,21,Assassin at Peking,TV Episode (ClassicWho),1964-04-04 00:00:00,Assassin at Peking,tv,,tv,,,0.0,no_match
DOCTORWHO.xlsx,DOCTORWHO,22,The Sea of Death,TV Episode (ClassicWho),1964-04-11 00:00:00,The Sea of Death,tv,,tv,,,0.0,no_match
DOCTORWHO.xlsx,DOCTORWHO,23,The Velvet Web,TV Episode (ClassicWho),1964-04-18 00:00:00,The Velvet Web,tv,,tv,,,0.0,no_match
DOCTORWHO.xlsx,DOCTORWHO,24,The Screaming Jungle,TV Episode (ClassicWho),1964-04-25 00:00:00,The Screaming Jungle,tv,,tv,,,0.0,no_match
DOCTORWHO.xlsx,DOCTORWHO,25,The Snows of Terror,TV Episode (ClassicWho),1964-05-02 00:00:00,The Snows of Terror,tv,,tv,,,0.0,no_match
DOCTORWHO.xlsx,DOCTORWHO,26,Sentence of Death,TV Episode (ClassicWho),1964-05-09 00:00:00,Sentence of Death,tv,,tv,,,0.0,no_match
DOCTORWHO.xlsx,DOCTORWHO,27,The Keys of Marinus,TV Episode (ClassicWho),1964-05-16 00:00:00,The Keys of Marinus,tv,,tv,,,0.0,no_match
DOCTORWHO.xlsx,DOCTORWHO,28,The Temple of Evil,TV Episode (ClassicWho),1964-05-23 00:00:00,The Temple of Evil,tv,,tv,,,0.0,no_match
DOCTORWHO.xlsx,DOCTORWHO,29,The Warriors of Death,TV Episode (ClassicWho),1964-05-30 00:00:00,The Warriors of Death,tv,,tv,,,0.0,no_match
DOCTORWHO.xlsx,DOCTORWHO,30,The Bride of Sacrifice,TV Episode (ClassicWho),1964-06-06 00:00:00,The Bride of Sacrifice,tv,,tv,,,0.0,no_match
DOCTORWHO.xlsx,DOCTORWHO,31,The Day of Darkness,TV Episode (ClassicWho),1964-06-13 00:00:00,The Day of Darkness,tv,,tv,,,0.0,no_match
DOCTORWHO.xlsx,DOCTORWHO,32,Strangers in Space,TV Episode (ClassicWho),1964-06-20 00:00:00,Strangers in Space,tv,,tv,,,0.0,no_match
DOCTORWHO.xlsx,DOCTORWHO,33,The Unwilling Warriors,TV Episode (ClassicWho),1964-06-27 00:00:00,The Unwilling Warriors,tv,,tv,,,0.0,no_match
DOCTORWHO.xlsx,DOCTORWHO,34,Hidden Danger,TV Episode (ClassicWho),1964-07-11 00:00:00,Hidden Danger,tv,,tv,,,0.0,no_match
DOCTORWHO.xlsx,DOCTORWHO,35,A Race Against Death,TV Episode (ClassicWho),1964-07-18 00:00:00,A Race Against Death,tv,,tv,,,0.0,no_match
DOCTORWHO.xlsx,DOCTORWHO,36,Kidnap,TV Episode (ClassicWho),1964-07-25 00:00:00,Kidnap,tv,,tv,,,0.0,no_match
DOCTORWHO.xlsx,DOCTORWHO,37,A Desperate Venture,TV Episode (ClassicWho),1964-08-01 00:00:00,A Desperate Venture,tv,,tv,,,0.0,no_match
DOCTORWHO.xlsx,DOCTORWHO,38,A Land of Fear,TV Episode (ClassicWho),1964-08-08 00:00:00,A Land of Fear,tv,,tv,,,0.0,no_match
DOCTORWHO.xlsx,DOCTORWHO,39,Guests of Madame Guillotine,TV Episode (ClassicWho),1964-08-15 00:00:00,Guests of Madame Guillotine,tv,,tv,,,0.0,no_match
DOCTORWHO.xlsx,DOCTORWHO,40,A Change of Identity,TV Episode (ClassicWho),1964-08-22 00:00:00,A Change of Identity,tv,,tv,,,0.0,no_match
DOCTORWHO.xlsx,DOCTORWHO,41,The Tyrant of France,TV Episode (ClassicWho),1964-08-29 00:00:00,The Tyrant of France,tv,,tv,,,0.0,no_match
DOCTORWHO.xlsx,DOCTORWHO,42,A Bargain of Necessity,TV Episode (ClassicWho),1964-09-05 00:00:00,A Bargain of Necessity,tv,,tv,,,0.0,no_match
DOCTORWHO.xlsx,DOCTORWHO,43,Prisoners of Conciergerie,TV Episode (ClassicWho),1964-09-12 00:00:00,Prisoners of Conciergerie,tv,,tv,,,0.0,no_match
DOCTORWHO.xlsx,DOCTORWHO,44,Planet of Giants,TV Episode (ClassicWho),1964-10-31 00:00:00,Planet of Giants,tv,,tv,,,0.0,no_match
DOCTORWHO.xlsx,DOCTORWHO,45,Dangerous Journey,TV Episode (ClassicWho),1964-11-07 00:00:00,Dangerous Journey,tv,,tv,,,0.0,no_match
DOCTORWHO.xlsx,DOCTORWHO,46,Crisis,TV Episode (ClassicWho),1964-11-14 00:00:00,Crisis,tv,,tv,,,0.0,no_match
DOCTORWHO.xlsx,DOCTORWHO,47,World's End,TV Episode (ClassicWho),1964-11-21 00:00:00,World's End,tv,,tv,,,0.0,no_match
DOCTORWHO.xlsx,DOCTORWHO,48,The Daleks,TV Episode (ClassicWho),1964-11-28 00:00:00,The Daleks,tv,,tv,,,0.0,no_match
DOCTORWHO.xlsx,DOCTORWHO,49,Day of Reckoning,TV Episode (ClassicWho),1964-12-05 00:00:00,Day of Reckoning,tv,,tv,,,0.0,no_match
DOCTORWHO.xlsx,DOCTORWHO,50,The End of Tomorrow,TV Episode (ClassicWho),1964-12-12 00:00:00,The End of Tomorrow,tv,,tv,,,0.0,no_match
DOCTORWHO.xlsx,DOCTORWHO,51,The Waking Ally,TV Episode (ClassicWho),1964-12-19 00:00:00,The Waking Ally,tv,,tv,,,0.0,no_match
DOCTORWHO.xlsx,DOCTORWHO,52,Flashpoint,TV Episode (ClassicWho),1964-12-26 00:00:00,Flashpoint,tv,,tv,,,0.0,no_match
DOCTORWHO.xlsx,DOCTORWHO,53,The Powerful Enemy,TV Episode (ClassicWho),1965-01-02 00:00:00,The Powerful Enemy,tv,,tv,,,0.0,no_match
DOCTORWHO.xlsx,DOCTORWHO,54,Desperate Measures,TV Episode (ClassicWho),1965-01-09 00:00:00,Desperate Measures,tv,,tv,,,0.0,no_match
DOCTORWHO.xlsx,DOCTORWHO,55,The Slave Traders,TV Episode (ClassicWho),1965-01-16 00:00:00,The Slave Traders,tv,,tv,,,0.0,no_match
DOCTORWHO.xlsx,DOCTORWHO,56,All Roads Lead to Rome,TV Episode (ClassicWho),1965-01-23 00:00:00,All Roads Lead to Rome,tv,,tv,,,0.0,no_match
DOCTORWHO.xlsx,DOCTORWHO,57,Conspiracy,TV Episode (ClassicWho),1965-01-30 00:00:00,Conspiracy,tv,,tv,,,0.0,no_match
DOCTORWHO.xlsx,DOCTORWHO,58,Inferno,TV Episode (ClassicWho),1965-02-06 00:00:00,Inferno,tv,,tv,,,0.0,no_match
DOCTORWHO.xlsx,DOCTORWHO,59,The Web Planet,TV Episode (ClassicWho),1965-02-13 00:00:00,The Web Planet,tv,,tv,,,0.0,no_match
DOCTORWHO.xlsx,DOCTORWHO,60,The Zarbi,TV Episode (ClassicWho),1965-02-20 00:00:00,The Zarbi,tv,,tv,,,0.0,no_match
DOCTORWHO.xlsx,DOCTORWHO,61,Escape to Danger,TV Episode (ClassicWho),1965-02-27 00:00:00,Escape to Danger,tv,,tv,,,0.0,no_match
DOCTORWHO.xlsx,DOCTORWHO,62,Crater of Needles,TV Episode (ClassicWho),1965-03-06 00:00:00,Crater of Needles,tv,,tv,,,0.0,no_match
DOCTORWHO.xlsx,DOCTORWHO,63,Invasion,TV Episode (ClassicWho),1965-03-13 00:00:00,Invasion,tv,,tv,,,0.0,no_match
DOCTORWHO.xlsx,DOCTORWHO,64,The Centre,TV Episode (ClassicWho),1965-03-20 00:00:00,The Centre,tv,,tv,,,0.0,no_match
DOCTORWHO.xlsx,DOCTORWHO,65,The Lion,TV Episode (ClassicWho),1965-03-27 00:00:00,The Lion,tv,8853,tv,Kimba the White Lion,1965-10-06,0.6435,matched
DOCTORWHO.xlsx,DOCTORWHO,66,The Knight of Jaffa,TV Episode (ClassicWho),1965-04-03 00:00:00,The Knight of Jaffa,tv,,tv,,,0.0,no_match
DOCTORWHO.xlsx,DOCTORWHO,67,The Wheel of Fortune,TV Episode (ClassicWho),1965-04-10 00:00:00,The Wheel of Fortune,tv,,tv,,,0.0,no_match
DOCTORWHO.xlsx,DOCTORWHO,68,The Warlords,TV Episode (ClassicWho),1965-04-17 00:00:00,The Warlords,tv,,tv,,,0.0,no_match
DOCTORWHO.xlsx,DOCTORWHO,69,The Space Museum,TV Episode (ClassicWho),1965-04-24 00:00:00,The Space Museum,tv,,tv,,,0.0,no_match
DOCTORWHO.xlsx,DOCTORWHO,70,The Dimensions of Time,TV Episode (ClassicWho),1965-05-01 00:00:00,The Dimensions of Time,tv,,tv,,,0.0,no_match
DOCTORWHO.xlsx,DOCTORWHO,71,The Search,TV Episode (ClassicWho),1965-05-08 00:00:00,The Search,tv,,tv,,,0.0,no_match
DOCTORWHO.xlsx,DOCTORWHO,72,The Final Phase,TV Episode (ClassicWho),1965-05-15 00:00:00,The Final Phase,tv,,tv,,,0.0,no_match
DOCTORWHO.xlsx,DOCTORWHO,73,The Executioners,TV Episode (ClassicWho),1965-05-22 00:00:00,The Executioners,tv,,tv,,,0.0,no_match
DOCTORWHO.xlsx,DOCTORWHO,74,The Death of Time,TV Episode (ClassicWho),1965-05-29 00:00:00,The Death of Time,tv,,tv,,,0.0,no_match
DOCTORWHO.xlsx,DOCTORWHO,75,Flight Through Eternity,TV Episode (ClassicWho),1965-06-05 00:00:00,Flight Through Eternity,tv,,tv,,,0.0,no_match
DOCTORWHO.xlsx,DOCTORWHO,76,Journey into Terror,TV Episode (ClassicWho),1965-06-12 00:00:00,Journey into Terror,tv,,tv,,,0.0,no_match
DOCTORWHO.xlsx,DOCTORWHO,77,The Death of Doctor Who,TV Episode (ClassicWho),1965-06-19 00:00:00,The Death of Doctor Who,tv,,tv,,,0.0,no_match
DOCTORWHO.xlsx,DOCTORWHO,78,The Planet of Decision,TV Episode (ClassicWho),1965-06-26 00:00:00,The Planet of Decision,tv,,tv,,,0.0,no_match
DOCTORWHO.xlsx,DOCTORWHO,79,The Watcher,TV Episode (ClassicWho),1965-07-03 00:00:00,The Watcher,tv,,tv,,,0.0,no_match
DOCTORWHO.xlsx,DOCTORWHO,80,The Meddling Monk,TV Episode (ClassicWho),1965-07-10 00:00:00,The Meddling Monk,tv,,tv,,,0.0,no_match
DOCTORWHO.xlsx,DOCTORWHO,81,A Battle of Wits,TV Episode (ClassicWho),1965-07-17 00:00:00,A Battle of Wits,tv,,tv,,,0.0,no_match
DOCTORWHO.xlsx,DOCTORWHO,82,Checkmate,TV Episode (ClassicWho),1965-07-24 00:00:00,Checkmate,tv,,tv,,,0.0,no_match
DOCTORWHO.xlsx,DOCTORWHO,83,Four Hundred Dawns,TV Episode (ClassicWho),1965-09-11 00:00:00,Four Hundred Dawns,tv,,tv,,,0.0,no_match
DOCTORWHO.xlsx,DOCTORWHO,84,Trap of Steel,TV Episode (ClassicWho),1965-09-18 00:00:00,Trap of Steel,tv,,tv,,,0.0,no_match
DOCTORWHO.xlsx,DOCTORWHO,85,Air Lock,TV Episode (ClassicWho),1965-09-25 00:00:00,Air Lock,tv,,tv,,,0.0,no_match
DOCTORWHO.xlsx,DOCTORWHO,86,The Exploding Planet,TV Episode (ClassicWho),1965-10-02 00:00:00,The Exploding Planet,tv,,tv,,,0.0,no_match
DOCTORWHO.xlsx,DOCTORWHO,87,Mission to the Unknown,TV Episode (ClassicWho),1965-10-09 00:00:00,Mission to the Unknown,tv,,tv,,,0.0,no_match
DOCTORWHO.xlsx,DOCTORWHO,88,Temple of Secrets,TV Episode (ClassicWho),1965-10-16 00:00:00,Temple of Secrets,tv,,tv,,,0.0,no_match
DOCTORWHO.xlsx,DOCTORWHO,89,"Small Prophet, Quick Return",TV Episode (ClassicWho),1965-10-23 00:00:00,"Small Prophet, Quick Return",tv,,tv,,,0.0,no_match
DOCTORWHO.xlsx,DOCTORWHO,90,Death of a Spy,TV Episode (ClassicWho),1965-10-30 00:00:00,Death of a Spy,tv,,tv,,,0.0,no_match
DOCTORWHO.xlsx,DOCTORWHO,91,Horse of Destruction,TV Episode (ClassicWho),1965-11-06 00:00:00,Horse of Destruction,tv,,tv,,,0.0,no_match
DOCTORWHO.xlsx,DOCTORWHO,92,The Nightmare Begins,TV Episode (ClassicWho),1965-11-13 00:00:00,The Nightmare Begins,tv,,tv,,,0.0,no_match
DOCTORWHO.xlsx,DOCTORWHO,93,Day of Armageddon,TV Episode (ClassicWho),1965-11-20 00:00:00,Day of Armageddon,tv,,tv,,,0.0,no_match
DOCTORWHO.xlsx,DOCTORWHO,94,Devil's Planet,TV Episode (ClassicWho),1965-11-27 00:00:00,Devil's Planet,tv,,tv,,,0.0,no_match
DOCTORWHO.xlsx,DOCTORWHO,95,The Traitors,TV Episode (ClassicWho),1965-12-04 00:00:00,The Traitors,tv,,tv,,,0.0,no_match
DOCTORWHO.xlsx,DOCTORWHO,96,Counter Plot,TV Episode (ClassicWho),1965-12-11 00:00:00,Counter Plot,tv,,tv,,,0.0,no_match
DOCTORWHO.xlsx,DOCTORWHO,97,Coronas of the Sun,TV Episode (ClassicWho),1965-12-18 00:00:00,Coronas of the Sun,tv,,tv,,,0.0,no_match
DOCTORWHO.xlsx,DOCTORWHO,98,The Feast of Steven,TV Episode (ClassicWho),1965-12-25 00:00:00,The Feast of Steven,tv,,tv,,,0.0,no_match
DOCTORWHO.xlsx,DOCTORWHO,99,Volcano,TV Episode (ClassicWho),1966-01-01 00:00:00,Volcano,tv,,tv,,,0.0,no_match
DOCTORWHO.xlsx,DOCTORWHO,100,Golden Death,TV Episode (ClassicWho),1966-01-08 00:00:00,Golden Death,tv,,tv,,,0.0,no_match
DOCTORWHO.xlsx,DOCTORWHO,101,Escape Switch,TV Episode (ClassicWho),1966-01-15 00:00:00,Escape Switch,tv,,tv,,,0.0,no_match
DOCTORWHO.xlsx,DOCTORWHO,102,The Abandoned Planet,TV Episode (ClassicWho),1966-01-22 00:00:00,The Abandoned Planet,tv,,tv,,,0.0,no_match
DOCTORWHO.xlsx,DOCTORWHO,103,Destruction of Time,TV Episode (ClassicWho),1966-01-29 00:00:00,Destruction of Time,tv,,tv,,,0.0,no_match
DOCTORWHO.xlsx,DOCTORWHO,104,War of God,TV Episode (ClassicWho),1966-02-05 00:00:00,War of God,tv,,tv,,,0.0,no_match
DOCTORWHO.xlsx,DOCTORWHO,105,The Sea Beggar,TV Episode (ClassicWho),1966-02-12 00:00:00,The Sea Beggar,tv,,tv,,,0.0,no_match
DOCTORWHO.xlsx,DOCTORWHO,106,Priest of Death,TV Episode (ClassicWho),1966-02-19 00:00:00,Priest of Death,tv,,tv,,,0.0,no_match
DOCTORWHO.xlsx,DOCTORWHO,107,Bell of Doom,TV Episode (ClassicWho),1966-02-26 00:00:00,Bell of Doom,tv,,tv,,,0.0,no_match
DOCTORWHO.xlsx,DOCTORWHO,108,The Steel Sky,TV Episode (ClassicWho),1966-03-05 00:00:00,The Steel Sky,tv,,tv,,,0.0,no_match
DOCTORWHO.xlsx,DOCTORWHO,109,The Plague,TV Episode (ClassicWho),1966-03-12 00:00:00,The Plague,tv,,tv,,,0.0,no_match
DOCTORWHO.xlsx,DOCTORWHO,110,The Return,TV Episode (ClassicWho),1966-03-19 00:00:00,The Return,tv,,tv,,,0.0,no_match
DOCTORWHO.xlsx,DOCTORWHO,111,The Bomb,TV Episode (ClassicWho),1966-03-26 00:00:00,The Bomb,tv,,tv,,,0.0,no_match
DOCTORWHO.xlsx,DOCTORWHO,112,The Celestial Toyroom,TV Episode (ClassicWho),1966-04-02 00:00:00,The Celestial Toyroom,tv,,tv,,,0.0,no_match
DOCTORWHO.xlsx,DOCTORWHO,113,The Hall of Dolls,TV Episode (ClassicWho),1966-04-09 00:00:00,The Hall of Dolls,tv,,tv,,,0.0,no_match
DOCTORWHO.xlsx,DOCTORWHO,114,The Dancing Floor,TV Episode (ClassicWho),1966-04-16 00:00:00,The Dancing Floor,tv,,tv,,,0.0,no_match
DOCTORWHO.xlsx,DOCTORWHO,115,The Final Test,TV Episode (ClassicWho),1966-04-23 00:00:00,The Final Test,tv,,tv,,,0.0,no_match
DOCTORWHO.xlsx,DOCTORWHO,116,A Holiday for the Doctor,TV Episode (ClassicWho),1966-04-30 00:00:00,A Holiday for the Doctor,tv,,tv,,,0.0,no_match
DOCTORWHO.xlsx,DOCTORWHO,117,Don't Shoot the Pianist,TV Episode (ClassicWho),1966-05-07 00:00:00,Don't Shoot the Pianist,tv,,tv,,,0.0,no_match
DOCTORWHO.xlsx,DOCTORWHO,118,Johnny Ringo,TV Episode (ClassicWho),1966-05-14 00:00:00,Johnny Ringo,tv,,tv,,,0.0,no_match
DOCTORWHO.xlsx,DOCTORWHO,119,The O.K. Corral,TV Episode (ClassicWho),1966-05-21 00:00:00,The O.K. Corral,tv,,tv,,,0.0,no_match
DOCTORWHO.xlsx,DOCTORWHO,120,Episode 1,TV Episode (ClassicWho),1966-05-28 00:00:00,Episode 1,tv,,tv,,,0.0,no_match
DOCTORWHO.xlsx,DOCTORWHO,121,Episode 2,TV Episode (ClassicWho),1966-06-04 00:00:00,Episode 2,tv,,tv,,,0.0,no_match
DOCTORWHO.xlsx,DOCTORWHO,122,Episode 3,TV Episode (ClassicWho),1966-06-11 00:00:00,Episode 3,tv,,tv,,,0.0,no_match
DOCTORWHO.xlsx,DOCTORWHO,123,Episode 4,TV Episode (ClassicWho),1966-06-18 00:00:00,Episode 4,tv,,tv,,,0.0,no_match
DOCTORWHO.xlsx,DOCTORWHO,124,Episode 1,TV Episode (ClassicWho),1966-06-25 00:00:00,Episode 1,tv,,tv,,,0.0,no_match
DOCTORWHO.xlsx,DOCTORWHO,125,Episode 2,TV Episode (ClassicWho),1966-07-02 00:00:00,Episode 2,tv,,tv,,,0.0,no_match
DOCTORWHO.xlsx,DOCTORWHO,126,Episode 3,TV Episode (ClassicWho),1966-07-09 00:00:00,Episode 3,tv,,tv,,,0.0,no_match
DOCTORWHO.xlsx,DOCTORWHO,127,Episode 4,TV Episode (ClassicWho),1966-07-16 00:00:00,Episode 4,tv,,tv,,,0.0,no_match
DOCTORWHO.xlsx,DOCTORWHO,128,Episode 1,TV Episode (ClassicWho),1966-09-10 00:00:00,Episode 1,tv,,tv,,,0.0,no_match
DOCTORWHO.xlsx,DOCTORWHO,129,Episode 2,TV Episode (ClassicWho),1966-09-17 00:00:00,Episode 2,tv,,tv,,,0.0,no_match
DOCTORWHO.xlsx,DOCTORWHO,130,Episode 3,TV Episode (ClassicWho),1966-09-24 00:00:00,Episode 3,tv,,tv,,,0.0,no_match
DOCTORWHO.xlsx,DOCTORWHO,131,Episode 4,TV Episode (ClassicWho),1966-10-01 00:00:00,Episode 4,tv,,tv,,,0.0,no_match
DOCTORWHO.xlsx,DOCTORWHO,132,Episode 1,TV Episode (ClassicWho),1966-10-08 00:00:00,Episode 1,tv,,tv,,,0.0,no_match
DOCTORWHO.xlsx,DOCTORWHO,133,Episode 2,TV Episode (ClassicWho),1966-10-15 00:00:00,Episode 2,tv,,tv,,,0.0,no_match
DOCTORWHO.xlsx,DOCTORWHO,134,Episode 3,TV Episode (ClassicWho),1966-10-22 00:00:00,Episode 3,tv,,tv,,,0.0,no_match
DOCTORWHO.xlsx,DOCTORWHO,135,Episode 4,TV Episode (ClassicWho),1966-10-29 00:00:00,Episode 4,tv,,tv,,,0.0,no_match
DOCTORWHO.xlsx,DOCTORWHO,136,Episode One,TV Episode (ClassicWho),1966-11-05 00:00:00,Episode One,tv,,tv,,,0.0,no_match
DOCTORWHO.xlsx,DOCTORWHO,137,Episode Two,TV Episode (ClassicWho),1966-11-12 00:00:00,Episode Two,tv,,tv,,,0.0,no_match
DOCTORWHO.xlsx,DOCTORWHO,138,Episode Three,TV Episode (ClassicWho),1966-11-19 00:00:00,Episode Three,tv,,tv,,,0.0,no_match
DOCTORWHO.xlsx,DOCTORWHO,139,Episode Four,TV Episode (ClassicWho),1966-11-26 00:00:00,Episode Four,tv,,tv,,,0.0,no_match
DOCTORWHO.xlsx,DOCTORWHO,140,Episode Five,TV Episode (ClassicWho),1966-12-03 00:00:00,Episode Five,tv,,tv,,,0.0,no_match
DOCTORWHO.xlsx,DOCTORWHO,141,Episode Six,TV Episode (ClassicWho),1966-12-10 00:00:00,Episode Six,tv,,tv,,,0.0,no_match
DOCTORWHO.xlsx,DOCTORWHO,142,Episode 1,TV Episode (ClassicWho),1966-12-17 00:00:00,Episode 1,tv,,tv,,,0.0,no_match
DOCTORWHO.xlsx,DOCTORWHO,143,Episode 2,TV Episode (ClassicWho),1966-12-24 00:00:00,Episode 2,tv,,tv,,,0.0,no_match
DOCTORWHO.xlsx,DOCTORWHO,144,Episode 3,TV Episode (ClassicWho),1966-12-31 00:00:00,Episode 3,tv,,tv,,,0.0,no_match
DOCTORWHO.xlsx,DOCTORWHO,145,Episode 4,TV Episode (ClassicWho),1967-01-07 00:00:00,Episode 4,tv,,tv,,,0.0,no_match
DOCTORWHO.xlsx,DOCTORWHO,146,Episode 1,TV Episode (ClassicWho),1967-01-14 00:00:00,Episode 1,tv,,tv,,,0.0,no_match
DOCTORWHO.xlsx,DOCTORWHO,147,Episode 2,TV Episode (ClassicWho),1967-01-21 00:00:00,Episode 2,tv,,tv,,,0.0,no_match
DOCTORWHO.xlsx,DOCTORWHO,148,Episode 3,TV Episode (ClassicWho),1967-01-28 00:00:00,Episode 3,tv,,tv,,,0.0,no_match
DOCTORWHO.xlsx,DOCTORWHO,149,Episode 4,TV Episode (ClassicWho),1967-02-04 00:00:00,Episode 4,tv,,tv,,,0.0,no_match
DOCTORWHO.xlsx,DOCTORWHO,150,Episode 1,TV Episode (ClassicWho),1967-02-11 00:00:00,Episode 1,tv,,tv,,,0.0,no_match
DOCTORWHO.xlsx,DOCTORWHO,151,Episode 2,TV Episode (ClassicWho),1967-02-18 00:00:00,Episode 2,tv,,tv,,,0.0,no_match
DOCTORWHO.xlsx,DOCTORWHO,152,Episode 3,TV Episode (ClassicWho),1967-02-25 00:00:00,Episode 3,tv,,tv,,,0.0,no_match
DOCTORWHO.xlsx,DOCTORWHO,153,Episode 4,TV Episode (ClassicWho),1967-03-04 00:00:00,Episode 4,tv,,tv,,,0.0,no_match
DOCTORWHO.xlsx,DOCTORWHO,154,Episode 1,TV Episode (ClassicWho),1967-03-11 00:00:00,Episode 1,tv,,tv,,,0.0,no_match
DOCTORWHO.xlsx,DOCTORWHO,155,Episode 2,TV Episode (ClassicWho),1967-03-18 00:00:00,Episode 2,tv,,tv,,,0.0,no_match
DOCTORWHO.xlsx,DOCTORWHO,156,Episode 3,TV Episode (ClassicWho),1967-03-25 00:00:00,Episode 3,tv,,tv,,,0.0,no_match
DOCTORWHO.xlsx,DOCTORWHO,157,Episode 4,TV Episode (ClassicWho),1967-04-01 00:00:00,Episode 4,tv,,tv,,,0.0,no_match
DOCTORWHO.xlsx,DOCTORWHO,158,Episode 1,TV Episode (ClassicWho),1967-04-08 00:00:00,Episode 1,tv,,tv,,,0.0,no_match
DOCTORWHO.xlsx,DOCTORWHO,159,Episode 2,TV Episode (ClassicWho),1967-04-15 00:00:00,Episode 2,tv,,tv,,,0.0,no_match
DOCTORWHO.xlsx,DOCTORWHO,160,Episode 3,TV Episode (ClassicWho),1967-04-22 00:00:00,Episode 3,tv,,tv,,,0.0,no_match
DOCTORWHO.xlsx,DOCTORWHO,161,Episode 4,TV Episode (ClassicWho),1967-04-29 00:00:00,Episode 4,tv,,tv,,,0.0,no_match
DOCTORWHO.xlsx,DOCTORWHO,162,Episode 5,TV Episode (ClassicWho),1967-05-06 00:00:00,Episode 5,tv,,tv,,,0.0,no_match
DOCTORWHO.xlsx,DOCTORWHO,163,Episode 6,TV Episode (ClassicWho),1967-05-13 00:00:00,Episode 6,tv,,tv,,,0.0,no_match
DOCTORWHO.xlsx,DOCTORWHO,164,Episode 1,TV Episode (ClassicWho),1967-05-20 00:00:00,Episode 1,tv,,tv,,,0.0,no_match
DOCTORWHO.xlsx,DOCTORWHO,165,Episode 2,TV Episode (ClassicWho),1967-05-27 00:00:00,Episode 2,tv,,tv,,,0.0,no_match
DOCTORWHO.xlsx,DOCTORWHO,166,Episode 3,TV Episode (ClassicWho),1967-06-03 00:00:00,Episode 3,tv,,tv,,,0.0,no_match
DOCTORWHO.xlsx,DOCTORWHO,167,Episode 4,TV Episode (ClassicWho),1967-06-10 00:00:00,Episode 4,tv,,tv,,,0.0,no_match
DOCTORWHO.xlsx,DOCTORWHO,168,Episode 5,TV Episode (ClassicWho),1967-06-17 00:00:00,Episode 5,tv,,tv,,,0.0,no_match
DOCTORWHO.xlsx,DOCTORWHO,169,Episode 6,TV Episode (ClassicWho),1967-06-24 00:00:00,Episode 6,tv,,tv,,,0.0,no_match
DOCTORWHO.xlsx,DOCTORWHO,170,Episode 7,TV Episode (ClassicWho),1967-07-01 00:00:00,Episode 7,tv,,tv,,,0.0,no_match
DOCTORWHO.xlsx,DOCTORWHO,171,Episode 1,TV Episode (ClassicWho),1967-09-02 00:00:00,Episode 1,tv,,tv,,,0.0,no_match
DOCTORWHO.xlsx,DOCTORWHO,172,Episode 2,TV Episode (ClassicWho),1967-09-09 00:00:00,Episode 2,tv,,tv,,,0.0,no_match
DOCTORWHO.xlsx,DOCTORWHO,173,Episode 3,TV Episode (ClassicWho),1967-09-16 00:00:00,Episode 3,tv,,tv,,,0.0,no_match
DOCTORWHO.xlsx,DOCTORWHO,174,Episode 4,TV Episode (ClassicWho),1967-09-23 00:00:00,Episode 4,tv,,tv,,,0.0,no_match
DOCTORWHO.xlsx,DOCTORWHO,175,Episode One,TV Episode (ClassicWho),1967-09-30 00:00:00,Episode One,tv,,tv,,,0.0,no_match
DOCTORWHO.xlsx,DOCTORWHO,176,Episode Two,TV Episode (ClassicWho),1967-10-07 00:00:00,Episode Two,tv,,tv,,,0.0,no_match
DOCTORWHO.xlsx,DOCTORWHO,177,Episode Three,TV Episode (ClassicWho),1967-10-14 00:00:00,Episode Three,tv,,tv,,,0.0,no_match
DOCTORWHO.xlsx,DOCTORWHO,178,Episode Four,TV Episode (ClassicWho),1967-10-21 00:00:00,Episode Four,tv,,tv,,,0.0,no_match
DOCTORWHO.xlsx,DOCTORWHO,179,Episode Five,TV Episode (ClassicWho),1967-10-28 00:00:00,Episode Five,tv,,tv,,,0.0,no_match
DOCTORWHO.xlsx,DOCTORWHO,180,Episode Six,TV Episode (ClassicWho),1967-11-04 00:00:00,Episode Six,tv,,tv,,,0.0,no_match
DOCTORWHO.xlsx,DOCTORWHO,181,One,TV Episode (ClassicWho),1967-11-11 00:00:00,One,tv,316728,tv,One Pair of Eyes,1967-05-06,0.4581,review
DOCTORWHO.xlsx,DOCTORWHO,182,Two,TV Episode (ClassicWho),1967-11-18 00:00:00,Two,tv,,tv,,,0.0,no_match
DOCTORWHO.xlsx,DOCTORWHO,183,Three,TV Episode (ClassicWho),1967-11-25 00:00:00,Three,tv,118049,tv,Three Sisters,1967-01-01,0.6308,matched
DOCTORWHO.xlsx,DOCTORWHO,184,Four,TV Episode (ClassicWho),1967-12-02 00:00:00,Four,tv,1651,tv,The Fantastic Four,1967-09-09,0.4925,review
DOCTORWHO.xlsx,DOCTORWHO,185,Five,TV Episode (ClassicWho),1967-12-09 00:00:00,Five,tv,30986,tv,Speed Racer,1967-09-23,0.3262,review
DOCTORWHO.xlsx,DOCTORWHO,186,Six,TV Episode (ClassicWho),1967-12-16 00:00:00,Six,tv,894,tv,The Prisoner,1967-09-29,0.3286,review
DOCTORWHO.xlsx,DOCTORWHO,187,Episode 1,TV Episode (ClassicWho),1967-12-23 00:00:00,Episode 1,tv,,tv,,,0.0,no_match
DOCTORWHO.xlsx,DOCTORWHO,188,Episode 2,TV Episode (ClassicWho),1967-12-30 00:00:00,Episode 2,tv,,tv,,,0.0,no_match
DOCTORWHO.xlsx,DOCTORWHO,189,Episode 3,TV Episode (ClassicWho),1968-01-06 00:00:00,Episode 3,tv,,tv,,,0.0,no_match
DOCTORWHO.xlsx,DOCTORWHO,190,Episode 4,TV Episode (ClassicWho),1968-01-13 00:00:00,Episode 4,tv,,tv,,,0.0,no_match
DOCTORWHO.xlsx,DOCTORWHO,191,Episode 5,TV Episode (ClassicWho),1968-01-20 00:00:00,Episode 5,tv,,tv,,,0.0,no_match
DOCTORWHO.xlsx,DOCTORWHO,192,Episode 6,TV Episode (ClassicWho),1968-01-27 00:00:00,Episode 6,tv,,tv,,,0.0,no_match
DOCTORWHO.xlsx,DOCTORWHO,193,Episode 1,TV Episode (ClassicWho),1968-02-03 00:00:00,Episode 1,tv,,tv,,,0.0,no_match
DOCTORWHO.xlsx,DOCTORWHO,194,Episode 2,TV Episode (ClassicWho),1968-02-10 00:00:00,Episode 2,tv,,tv,,,0.0,no_match
DOCTORWHO.xlsx,DOCTORWHO,195,Episode 3,TV Episode (ClassicWho),1968-02-17 00:00:00,Episode 3,tv,,tv,,,0.0,no_match
DOCTORWHO.xlsx,DOCTORWHO,196,Episode 4,TV Episode (ClassicWho),1968-02-24 00:00:00,Episode 4,tv,,tv,,,0.0,no_match
DOCTORWHO.xlsx,DOCTORWHO,197,Episode 5,TV Episode (ClassicWho),1968-03-02 00:00:00,Episode 5,tv,,tv,,,0.0,no_match
DOCTORWHO.xlsx,DOCTORWHO,198,Episode 6,TV Episode (ClassicWho),1968-03-09 00:00:00,Episode 6,tv,,tv,,,0.0,no_match
DOCTORWHO.xlsx,DOCTORWHO,199,Episode 1,TV Episode (ClassicWho),1968-03-16 00:00:00,Episode 1,tv,,tv,,,0.0,no_match
DOCTORWHO.xlsx,DOCTORWHO,200,Episode 2,TV Episode (ClassicWho),1968-03-23 00:00:00,Episode 2,tv,,tv,,,0.0,no_match
DOCTORWHO.xlsx,DOCTORWHO,201,Episode 3,TV Episode (ClassicWho),1968-03-30 00:00:00,Episode 3,tv,,tv,,,0.0,no_match
DOCTORWHO.xlsx,DOCTORWHO,202,Episode 4,TV Episode (ClassicWho),1968-04-06 00:00:00,Episode 4,tv,,tv,,,0.0,no_match
DOCTORWHO.xlsx,DOCTORWHO,203,Episode 5,TV Episode (ClassicWho),1968-04-13 00:00:00,Episode 5,tv,,tv,,,0.0,no_match
DOCTORWHO.xlsx,DOCTORWHO,204,Episode 6,TV Episode (ClassicWho),1968-04-20 00:00:00,Episode 6,tv,,tv,,,0.0,no_match
DOCTORWHO.xlsx,DOCTORWHO,205,Episode 1,TV Episode (ClassicWho),1968-04-27 00:00:00,Episode 1,tv,,tv,,,0.0,no_match
DOCTORWHO.xlsx,DOCTORWHO,206,Episode 2,TV Episode (ClassicWho),1968-05-04 00:00:00,Episode 2,tv,,tv,,,0.0,no_match
DOCTORWHO.xlsx,DOCTORWHO,207,Episode 3,TV Episode (ClassicWho),1968-05-11 00:00:00,Episode 3,tv,,tv,,,0.0,no_match
DOCTORWHO.xlsx,DOCTORWHO,208,Episode 4,TV Episode (ClassicWho),1968-05-18 00:00:00,Episode 4,tv,,tv,,,0.0,no_match
DOCTORWHO.xlsx,DOCTORWHO,209,Episode 5,TV Episode (ClassicWho),1968-05-25 00:00:00,Episode 5,tv,,tv,,,0.0,no_match
DOCTORWHO.xlsx,DOCTORWHO,210,Episode 6,TV Episode (ClassicWho),1968-06-01 00:00:00,Episode 6,tv,,tv,,,0.0,no_match
DOCTORWHO.xlsx,DOCTORWHO,211,Episode 1,TV Episode (ClassicWho),1968-08-10 00:00:00,Episode 1,tv,,tv,,,0.0,no_match
DOCTORWHO.xlsx,DOCTORWHO,212,Episode 2,TV Episode (ClassicWho),1968-08-17 00:00:00,Episode 2,tv,,tv,,,0.0,no_match
DOCTORWHO.xlsx,DOCTORWHO,213,[Episode 3][a],TV Episode (ClassicWho),1968-08-24 00:00:00,[Episode 3][a],tv,,tv,,,0.0,no_match
DOCTORWHO.xlsx,DOCTORWHO,214,Episode 4,TV Episode (ClassicWho),1968-08-31 00:00:00,Episode 4,tv,,tv,,,0.0,no_match
DOCTORWHO.xlsx,DOCTORWHO,215,Episode 5,TV Episode (ClassicWho),1968-09-07 00:00:00,Episode 5,tv,,tv,,,0.0,no_match
DOCTORWHO.xlsx,DOCTORWHO,216,Episode 1,TV Episode (ClassicWho),1968-09-14 00:00:00,Episode 1,tv,,tv,,,0.0,no_match
DOCTORWHO.xlsx,DOCTORWHO,217,Episode 2,TV Episode (ClassicWho),1968-09-21 00:00:00,Episode 2,tv,,tv,,,0.0,no_match
DOCTORWHO.xlsx,DOCTORWHO,218,Episode 3,TV Episode (ClassicWho),1968-09-28 00:00:00,Episode 3,tv,,tv,,,0.0,no_match
DOCTORWHO.xlsx,DOCTORWHO,219,Episode 4,TV Episode (ClassicWho),1968-10-05 00:00:00,Episode 4,tv,,tv,,,0.0,no_match
DOCTORWHO.xlsx,DOCTORWHO,220,Episode 5,TV Episode (ClassicWho),1968-10-12 00:00:00,Episode 5,tv,,tv,,,0.0,no_match
DOCTORWHO.xlsx,DOCTORWHO,221,Episode One,TV Episode (ClassicWho),1968-11-02 00:00:00,Episode One,tv,,tv,,,0.0,no_match
DOCTORWHO.xlsx,DOCTORWHO,222,Episode Two,TV Episode (ClassicWho),1968-11-09 00:00:00,Episode Two,tv,,tv,,,0.0,no_match
DOCTORWHO.xlsx,DOCTORWHO,223,Episode Three,TV Episode (ClassicWho),1968-11-16 00:00:00,Episode Three,tv,,tv,,,0.0,no_match
DOCTORWHO.xlsx,DOCTORWHO,224,Episode Four,TV Episode (ClassicWho),1968-11-23 00:00:00,Episode Four,tv,,tv,,,0.0,no_match
DOCTORWHO.xlsx,DOCTORWHO,225,Episode Five,TV Episode (ClassicWho),1968-11-30 00:00:00,Episode Five,tv,,tv,,,0.0,no_match
DOCTORWHO.xlsx,DOCTORWHO,226,Episode Six,TV Episode (ClassicWho),1968-12-07 00:00:00,Episode Six,tv,,tv,,,0.0,no_match
DOCTORWHO.xlsx,DOCTORWHO,227,Episode Seven,TV Episode (ClassicWho),1968-12-14 00:00:00,Episode Seven,tv,,tv,,,0.0,no_match
DOCTORWHO.xlsx,DOCTORWHO,228,Episode Eight,TV Episode (ClassicWho),1968-12-21 00:00:00,Episode Eight,tv,,tv,,,0.0,no_match
DOCTORWHO.xlsx,DOCTORWHO,229,Episode One,TV Episode (ClassicWho),1968-12-28 00:00:00,Episode One,tv,,tv,,,0.0,no_match
DOCTORWHO.xlsx,DOCTORWHO,230,Episode Two,TV Episode (ClassicWho),1969-01-04 00:00:00,Episode Two,tv,,tv,,,0.0,no_match
DOCTORWHO.xlsx,DOCTORWHO,231,Episode Three,TV Episode (ClassicWho),1969-01-11 00:00:00,Episode Three,tv,,tv,,,0.0,no_match
DOCTORWHO.xlsx,DOCTORWHO,232,Episode Four,TV Episode (ClassicWho),1969-01-18 00:00:00,Episode Four,tv,,tv,,,0.0,no_match
DOCTORWHO.xlsx,DOCTORWHO,233,Episode One,TV Episode (ClassicWho),1969-01-25 00:00:00,Episode One,tv,,tv,,,0.0,no_match
DOCTORWHO.xlsx,DOCTORWHO,234,Episode Two,TV Episode (ClassicWho),1969-02-01 00:00:00,Episode Two,tv,,tv,,,0.0,no_match
DOCTORWHO.xlsx,DOCTORWHO,235,Episode Three,TV Episode (ClassicWho),1969-02-08 00:00:00,Episode Three,tv,,tv,,,0.0,no_match
DOCTORWHO.xlsx,DOCTORWHO,236,Episode Four,TV Episode (ClassicWho),1969-02-15 00:00:00,Episode Four,tv,,tv,,,0.0,no_match
DOCTORWHO.xlsx,DOCTORWHO,237,Episode Five,TV Episode (ClassicWho),1969-02-22 00:00:00,Episode Five,tv,,tv,,,0.0,no_match
DOCTORWHO.xlsx,DOCTORWHO,238,Episode Six,TV Episode (ClassicWho),1969-03-01 00:00:00,Episode Six,tv,,tv,,,0.0,no_match
DOCTORWHO.xlsx,DOCTORWHO,239,Episode One,TV Episode (ClassicWho),1969-03-08 00:00:00,Episode One,tv,,tv,,,0.0,no_match
DOCTORWHO.xlsx,DOCTORWHO,240,Episode Two,TV Episode (ClassicWho),1969-03-15 00:00:00,Episode Two,tv,,tv,,,0.0,no_match
DOCTORWHO.xlsx,DOCTORWHO,241,Episode Three,TV Episode (ClassicWho),1969-03-22 00:00:00,Episode Three,tv,,tv,,,0.0,no_match
DOCTORWHO.xlsx,DOCTORWHO,242,Episode Four,TV Episode (ClassicWho),1969-03-29 00:00:00,Episode Four,tv,,tv,,,0.0,no_match
DOCTORWHO.xlsx,DOCTORWHO,243,Episode Five,TV Episode (ClassicWho),1969-04-05 00:00:00,Episode Five,tv,,tv,,,0.0,no_match
DOCTORWHO.xlsx,DOCTORWHO,244,Episode Six,TV Episode (ClassicWho),1969-04-12 00:00:00,Episode Six,tv,,tv,,,0.0,no_match
DOCTORWHO.xlsx,DOCTORWHO,245,Episode One,TV Episode (ClassicWho),1969-04-19 00:00:00,Episode One,tv,,tv,,,0.0,no_match
DOCTORWHO.xlsx,DOCTORWHO,246,Episode Two,TV Episode (ClassicWho),1969-04-26 00:00:00,Episode Two,tv,,tv,,,0.0,no_match
DOCTORWHO.xlsx,DOCTORWHO,247,Episode Three,TV Episode (ClassicWho),1969-05-03 00:00:00,Episode Three,tv,,tv,,,0.0,no_match
DOCTORWHO.xlsx,DOCTORWHO,248,Episode Four,TV Episode (ClassicWho),1969-05-10 00:00:00,Episode Four,tv,,tv,,,0.0,no_match
DOCTORWHO.xlsx,DOCTORWHO,249,Episode Five,TV Episode (ClassicWho),1969-05-17 00:00:00,Episode Five,tv,,tv,,,0.0,no_match
DOCTORWHO.xlsx,DOCTORWHO,250,Episode Six,TV Episode (ClassicWho),1969-05-24 00:00:00,Episode Six,tv,,tv,,,0.0,no_match
DOCTORWHO.xlsx,DOCTORWHO,251,Episode Seven,TV Episode (ClassicWho),1969-05-31 00:00:00,Episode Seven,tv,,tv,,,0.0,no_match
DOCTORWHO.xlsx,DOCTORWHO,252,Episode Eight,TV Episode (ClassicWho),1969-06-07 00:00:00,Episode Eight,tv,,tv,,,0.0,no_match
DOCTORWHO.xlsx,DOCTORWHO,253,Episode Nine,TV Episode (ClassicWho),1969-06-14 00:00:00,Episode Nine,tv,,tv,,,0.0,no_match
DOCTORWHO.xlsx,DOCTORWHO,254,Episode Ten,TV Episode (ClassicWho),1969-06-21 00:00:00,Episode Ten,tv,,tv,,,0.0,no_match
DOCTORWHO.xlsx,DOCTORWHO,255,Episode 1,TV Episode (ClassicWho),1970-01-03 00:00:00,Episode 1,tv,,tv,,,0.0,no_match
DOCTORWHO.xlsx,DOCTORWHO,256,Episode 2,TV Episode (ClassicWho),1970-01-10 00:00:00,Episode 2,tv,,tv,,,0.0,no_match
DOCTORWHO.xlsx,DOCTORWHO,257,Episode 3,TV Episode (ClassicWho),1970-01-17 00:00:00,Episode 3,tv,,tv,,,0.0,no_match
DOCTORWHO.xlsx,DOCTORWHO,258,Episode 4,TV Episode (ClassicWho),1970-01-24 00:00:00,Episode 4,tv,,tv,,,0.0,no_match
DOCTORWHO.xlsx,DOCTORWHO,259,Episode 1,TV Episode (ClassicWho),1970-01-31 00:00:00,Episode 1,tv,,tv,,,0.0,no_match
DOCTORWHO.xlsx,DOCTORWHO,260,Episode 2,TV Episode (ClassicWho),1970-02-07 00:00:00,Episode 2,tv,,tv,,,0.0,no_match
DOCTORWHO.xlsx,DOCTORWHO,261,Episode 3,TV Episode (ClassicWho),1970-02-14 00:00:00,Episode 3,tv,,tv,,,0.0,no_match
DOCTORWHO.xlsx,DOCTORWHO,262,Episode 4,TV Episode (ClassicWho),1970-02-21 00:00:00,Episode 4,tv,,tv,,,0.0,no_match
DOCTORWHO.xlsx,DOCTORWHO,263,Episode 5,TV Episode (ClassicWho),1970-02-28 00:00:00,Episode 5,tv,,tv,,,0.0,no_match
DOCTORWHO.xlsx,DOCTORWHO,264,Episode 6,TV Episode (ClassicWho),1970-03-07 00:00:00,Episode 6,tv,,tv,,,0.0,no_match
DOCTORWHO.xlsx,DOCTORWHO,265,Episode 7,TV Episode (ClassicWho),1970-03-14 00:00:00,Episode 7,tv,,tv,,,0.0,no_match
DOCTORWHO.xlsx,DOCTORWHO,266,Episode 1,TV Episode (ClassicWho),1970-03-21 00:00:00,Episode 1,tv,,tv,,,0.0,no_match
DOCTORWHO.xlsx,DOCTORWHO,267,Episode 2,TV Episode (ClassicWho),1970-03-28 00:00:00,Episode 2,tv,,tv,,,0.0,no_match
DOCTORWHO.xlsx,DOCTORWHO,268,Episode 3,TV Episode (ClassicWho),1970-04-04 00:00:00,Episode 3,tv,,tv,,,0.0,no_match
DOCTORWHO.xlsx,DOCTORWHO,269,Episode 4,TV Episode (ClassicWho),1970-04-11 00:00:00,Episode 4,tv,,tv,,,0.0,no_match
DOCTORWHO.xlsx,DOCTORWHO,270,Episode 5,TV Episode (ClassicWho),1970-04-18 00:00:00,Episode 5,tv,,tv,,,0.0,no_match
DOCTORWHO.xlsx,DOCTORWHO,271,Episode 6,TV Episode (ClassicWho),1970-04-25 00:00:00,Episode 6,tv,,tv,,,0.0,no_match
DOCTORWHO.xlsx,DOCTORWHO,272,Episode 7,TV Episode (ClassicWho),1970-05-02 00:00:00,Episode 7,tv,,tv,,,0.0,no_match
DOCTORWHO.xlsx,DOCTORWHO,273,Episode 1,TV Episode (ClassicWho),1970-05-09 00:00:00,Episode 1,tv,,tv,,,0.0,no_match
DOCTORWHO.xlsx,DOCTORWHO,274,Episode 2,TV Episode (ClassicWho),1970-05-16 00:00:00,Episode 2,tv,,tv,,,0.0,no_match
DOCTORWHO.xlsx,DOCTORWHO,275,Episode 3,TV Episode (ClassicWho),1970-05-23 00:00:00,Episode 3,tv,,tv,,,0.0,no_match
DOCTORWHO.xlsx,DOCTORWHO,276,Episode 4,TV Episode (ClassicWho),1970-05-30 00:00:00,Episode 4,tv,,tv,,,0.0,no_match
DOCTORWHO.xlsx,DOCTORWHO,277,Episode 5,TV Episode (ClassicWho),1970-06-06 00:00:00,Episode 5,tv,,tv,,,0.0,no_match
DOCTORWHO.xlsx,DOCTORWHO,278,Episode 6,TV Episode (ClassicWho),1970-06-13 00:00:00,Episode 6,tv,,tv,,,0.0,no_match
DOCTORWHO.xlsx,DOCTORWHO,279,Episode 7,TV Episode (ClassicWho),1970-06-20 00:00:00,Episode 7,tv,,tv,,,0.0,no_match
DOCTORWHO.xlsx,DOCTORWHO,280,Episode One,TV Episode (ClassicWho),1971-01-02 00:00:00,Episode One,tv,2661,tv,Kamen Rider,1971-04-03,0.5185,review
DOCTORWHO.xlsx,DOCTORWHO,281,Episode Two,TV Episode (ClassicWho),1971-01-09 00:00:00,Episode Two,tv,,tv,,,0.0,no_match
DOCTORWHO.xlsx,DOCTORWHO,282,Episode Three,TV Episode (ClassicWho),1971-01-16 00:00:00,Episode Three,tv,,tv,,,0.0,no_match
DOCTORWHO.xlsx,DOCTORWHO,283,Episode Four,TV Episode (ClassicWho),1971-01-23 00:00:00,Episode Four,tv,2661,tv,Kamen Rider,1971-04-03,0.5698,review
DOCTORWHO.xlsx,DOCTORWHO,284,Episode One,TV Episode (ClassicWho),1971-01-30 00:00:00,Episode One,tv,2661,tv,Kamen Rider,1971-04-03,0.5185,review
DOCTORWHO.xlsx,DOCTORWHO,285,Episode Two,TV Episode (ClassicWho),1971-02-06 00:00:00,Episode Two,tv,,tv,,,0.0,no_match
DOCTORWHO.xlsx,DOCTORWHO,286,Episode Three,TV Episode (ClassicWho),1971-02-13 00:00:00,Episode Three,tv,,tv,,,0.0,no_match
DOCTORWHO.xlsx,DOCTORWHO,287,Episode Four,TV Episode (ClassicWho),1971-02-20 00:00:00,Episode Four,tv,2661,tv,Kamen Rider,1971-04-03,0.5698,review
DOCTORWHO.xlsx,DOCTORWHO,288,Episode Five,TV Episode (ClassicWho),1971-02-27 00:00:00,Episode Five,tv,,tv,,,0.0,no_match
DOCTORWHO.xlsx,DOCTORWHO,289,Episode Six,TV Episode (ClassicWho),1971-03-06 00:00:00,Episode Six,tv,,tv,,,0.0,no_match
DOCTORWHO.xlsx,DOCTORWHO,290,Episode One,TV Episode (ClassicWho),1971-03-13 00:00:00,Episode One,tv,2661,tv,Kamen Rider,1971-04-03,0.5185,review
DOCTORWHO.xlsx,DOCTORWHO,291,Episode Two,TV Episode (ClassicWho),1971-03-20 00:00:00,Episode Two,tv,,tv,,,0.0,no_match
DOCTORWHO.xlsx,DOCTORWHO,292,Episode Three,TV Episode (ClassicWho),1971-03-27 00:00:00,Episode Three,tv,,tv,,,0.0,no_match
DOCTORWHO.xlsx,DOCTORWHO,293,Episode Four,TV Episode (ClassicWho),1971-04-03 00:00:00,Episode Four,tv,2661,tv,Kamen Rider,1971-04-03,0.5698,review
DOCTORWHO.xlsx,DOCTORWHO,294,Episode One,TV Episode (ClassicWho),1971-04-10 00:00:00,Episode One,tv,2661,tv,Kamen Rider,1971-04-03,0.5185,review
DOCTORWHO.xlsx,DOCTORWHO,295,Episode Two,TV Episode (ClassicWho),1971-04-17 00:00:00,Episode Two,tv,,tv,,,0.0,no_match
DOCTORWHO.xlsx,DOCTORWHO,296,Episode Three,TV Episode (ClassicWho),1971-04-24 00:00:00,Episode Three,tv,,tv,,,0.0,no_match
DOCTORWHO.xlsx,DOCTORWHO,297,Episode Four,TV Episode (ClassicWho),1971-05-01 00:00:00,Episode Four,tv,2661,tv,Kamen Rider,1971-04-03,0.5698,review
DOCTORWHO.xlsx,DOCTORWHO,298,Episode Five,TV Episode (ClassicWho),1971-05-08 00:00:00,Episode Five,tv,,tv,,,0.0,no_match
DOCTORWHO.xlsx,DOCTORWHO,299,Episode Six,TV Episode (ClassicWho),1971-05-15 00:00:00,Episode Six,tv,,tv,,,0.0,no_match
DOCTORWHO.xlsx,DOCTORWHO,300,Episode One,TV Episode (ClassicWho),1971-05-22 00:00:00,Episode One,tv,2661,tv,Kamen Rider,1971-04-03,0.5185,review
DOCTORWHO.xlsx,DOCTORWHO,301,Episode Two,TV Episode (ClassicWho),1971-05-29 00:00:00,Episode Two,tv,,tv,,,0.0,no_match
DOCTORWHO.xlsx,DOCTORWHO,302,Episode Three,TV Episode (ClassicWho),1971-06-05 00:00:00,Episode Three,tv,,tv,,,0.0,no_match
DOCTORWHO.xlsx,DOCTORWHO,303,Episode Four,TV Episode (ClassicWho),1971-06-12 00:00:00,Episode Four,tv,2661,tv,Kamen Rider,1971-04-03,0.5698,review
DOCTORWHO.xlsx,DOCTORWHO,304,Episode Five,TV Episode (ClassicWho),1971-06-19 00:00:00,Episode Five,tv,,tv,,,0.0,no_match
DOCTORWHO.xlsx,DOCTORWHO,305,Episode One,TV Episode (ClassicWho),1972-01-01 00:00:00,Episode One,tv,,tv,,,0.0,no_match
DOCTORWHO.xlsx,DOCTORWHO,306,Episode Two,TV Episode (ClassicWho),1972-01-08 00:00:00,Episode Two,tv,,tv,,,0.0,no_match
DOCTORWHO.xlsx,DOCTORWHO,307,Episode Three,TV Episode (ClassicWho),1972-01-15 00:00:00,Episode Three,tv,,tv,,,0.0,no_match
DOCTORWHO.xlsx,DOCTORWHO,308,Episode Four,TV Episode (ClassicWho),1972-01-22 00:00:00,Episode Four,tv,,tv,,,0.0,no_match
DOCTORWHO.xlsx,DOCTORWHO,309,Episode One,TV Episode (ClassicWho),1972-01-29 00:00:00,Episode One,tv,,tv,,,0.0,no_match
DOCTORWHO.xlsx,DOCTORWHO,310,Episode Two,TV Episode (ClassicWho),1972-02-05 00:00:00,Episode Two,tv,,tv,,,0.0,no_match
DOCTORWHO.xlsx,DOCTORWHO,311,Episode Three,TV Episode (ClassicWho),1972-02-12 00:00:00,Episode Three,tv,,tv,,,0.0,no_match
DOCTORWHO.xlsx,DOCTORWHO,312,Episode Four,TV Episode (ClassicWho),1972-02-19 00:00:00,Episode Four,tv,,tv,,,0.0,no_match
DOCTORWHO.xlsx,DOCTORWHO,313,Episode One,TV Episode (ClassicWho),1972-02-26 00:00:00,Episode One,tv,,tv,,,0.0,no_match
DOCTORWHO.xlsx,DOCTORWHO,314,Episode Two,TV Episode (ClassicWho),1972-03-04 00:00:00,Episode Two,tv,,tv,,,0.0,no_match
DOCTORWHO.xlsx,DOCTORWHO,315,Episode Three,TV Episode (ClassicWho),1972-03-11 00:00:00,Episode Three,tv,,tv,,,0.0,no_match
DOCTORWHO.xlsx,DOCTORWHO,316,Episode Four,TV Episode (ClassicWho),1972-03-18 00:00:00,Episode Four,tv,,tv,,,0.0,no_match
DOCTORWHO.xlsx,DOCTORWHO,317,Episode Five,TV Episode (ClassicWho),1972-03-25 00:00:00,Episode Five,tv,,tv,,,0.0,no_match
DOCTORWHO.xlsx,DOCTORWHO,318,Episode Six,TV Episode (ClassicWho),1972-04-01 00:00:00,Episode Six,tv,,tv,,,0.0,no_match
DOCTORWHO.xlsx,DOCTORWHO,319,Episode One,TV Episode (ClassicWho),1972-04-08 00:00:00,Episode One,tv,,tv,,,0.0,no_match
DOCTORWHO.xlsx,DOCTORWHO,320,Episode Two,TV Episode (ClassicWho),1972-04-15 00:00:00,Episode Two,tv,,tv,,,0.0,no_match
DOCTORWHO.xlsx,DOCTORWHO,321,Episode Three,TV Episode (ClassicWho),1972-04-22 00:00:00,Episode Three,tv,,tv,,,0.0,no_match
DOCTORWHO.xlsx,DOCTORWHO,322,Episode Four,TV Episode (ClassicWho),1972-04-29 00:00:00,Episode Four,tv,,tv,,,0.0,no_match
DOCTORWHO.xlsx,DOCTORWHO,323,Episode Five,TV Episode (ClassicWho),1972-05-06 00:00:00,Episode Five,tv,,tv,,,0.0,no_match
DOCTORWHO.xlsx,DOCTORWHO,324,Episode Six,TV Episode (ClassicWho),1972-05-13 00:00:00,Episode Six,tv,,tv,,,0.0,no_match
DOCTORWHO.xlsx,DOCTORWHO,325,Episode One,TV Episode (ClassicWho),1972-05-20 00:00:00,Episode One,tv,,tv,,,0.0,no_match
DOCTORWHO.xlsx,DOCTORWHO,326,Episode Two,TV Episode (ClassicWho),1972-05-27 00:00:00,Episode Two,tv,,tv,,,0.0,no_match
DOCTORWHO.xlsx,DOCTORWHO,327,Episode Three,TV Episode (ClassicWho),1972-06-03 00:00:00,Episode Three,tv,,tv,,,0.0,no_match
DOCTORWHO.xlsx,DOCTORWHO,328,Episode Four,TV Episode (ClassicWho),1972-06-10 00:00:00,Episode Four,tv,,tv,,,0.0,no_match
DOCTORWHO.xlsx,DOCTORWHO,329,Episode Five,TV Episode (ClassicWho),1972-06-17 00:00:00,Episode Five,tv,,tv,,,0.0,no_match
DOCTORWHO.xlsx,DOCTORWHO,330,Episode Six,TV Episode (ClassicWho),1972-06-24 00:00:00,Episode Six,tv,,tv,,,0.0,no_match
DOCTORWHO.xlsx,DOCTORWHO,331,Episode One,TV Episode (ClassicWho),1972-12-30 00:00:00,Episode One,tv,,tv,,,0.0,no_match
DOCTORWHO.xlsx,DOCTORWHO,332,Episode Two,TV Episode (ClassicWho),1973-01-06 00:00:00,Episode Two,tv,,tv,,,0.0,no_match
DOCTORWHO.xlsx,DOCTORWHO,333,Episode Three,TV Episode (ClassicWho),1973-01-13 00:00:00,Episode Three,tv,,tv,,,0.0,no_match
DOCTORWHO.xlsx,DOCTORWHO,334,Episode Four,TV Episode (ClassicWho),1973-01-20 00:00:00,Episode Four,tv,,tv,,,0.0,no_match
DOCTORWHO.xlsx,DOCTORWHO,335,Episode One,TV Episode (ClassicWho),1973-01-27 00:00:00,Episode One,tv,,tv,,,0.0,no_match
DOCTORWHO.xlsx,DOCTORWHO,336,Episode Two,TV Episode (ClassicWho),1973-02-03 00:00:00,Episode Two,tv,,tv,,,0.0,no_match
DOCTORWHO.xlsx,DOCTORWHO,337,Episode Three,TV Episode (ClassicWho),1973-02-10 00:00:00,Episode Three,tv,,tv,,,0.0,no_match
DOCTORWHO.xlsx,DOCTORWHO,338,Episode Four,TV Episode (ClassicWho),1973-02-17 00:00:00,Episode Four,tv,,tv,,,0.0,no_match
DOCTORWHO.xlsx,DOCTORWHO,339,Episode One,TV Episode (ClassicWho),1973-02-24 00:00:00,Episode One,tv,,tv,,,0.0,no_match
DOCTORWHO.xlsx,DOCTORWHO,340,Episode Two,TV Episode (ClassicWho),1973-03-03 00:00:00,Episode Two,tv,,tv,,,0.0,no_match
DOCTORWHO.xlsx,DOCTORWHO,341,Episode Three,TV Episode (ClassicWho),1973-03-10 00:00:00,Episode Three,tv,,tv,,,0.0,no_match
DOCTORWHO.xlsx,DOCTORWHO,342,Episode Four,TV Episode (ClassicWho),1973-03-17 00:00:00,Episode Four,tv,,tv,,,0.0,no_match
DOCTORWHO.xlsx,DOCTORWHO,343,Episode Five,TV Episode (ClassicWho),1973-03-24 00:00:00,Episode Five,tv,,tv,,,0.0,no_match
DOCTORWHO.xlsx,DOCTORWHO,344,Episode Six,TV Episode (ClassicWho),1973-03-31 00:00:00,Episode Six,tv,,tv,,,0.0,no_match
DOCTORWHO.xlsx,DOCTORWHO,345,Episode One,TV Episode (ClassicWho),1973-04-07 00:00:00,Episode One,tv,,tv,,,0.0,no_match
DOCTORWHO.xlsx,DOCTORWHO,346,Episode Two,TV Episode (ClassicWho),1973-04-14 00:00:00,Episode Two,tv,,tv,,,0.0,no_match
DOCTORWHO.xlsx,DOCTORWHO,347,Episode Three,TV Episode (ClassicWho),1973-04-21 00:00:00,Episode Three,tv,,tv,,,0.0,no_match
DOCTORWHO.xlsx,DOCTORWHO,348,Episode Four,TV Episode (ClassicWho),1973-04-28 00:00:00,Episode Four,tv,,tv,,,0.0,no_match
DOCTORWHO.xlsx,DOCTORWHO,349,Episode Five,TV Episode (ClassicWho),1973-05-05 00:00:00,Episode Five,tv,,tv,,,0.0,no_match
DOCTORWHO.xlsx,DOCTORWHO,350,Episode Six,TV Episode (ClassicWho),1973-05-12 00:00:00,Episode Six,tv,,tv,,,0.0,no_match
DOCTORWHO.xlsx,DOCTORWHO,351,Episode One,TV Episode (ClassicWho),1973-05-19 00:00:00,Episode One,tv,,tv,,,0.0,no_match
DOCTORWHO.xlsx,DOCTORWHO,352,Episode Two,TV Episode (ClassicWho),1973-05-26 00:00:00,Episode Two,tv,,tv,,,0.0,no_match
DOCTORWHO.xlsx,DOCTORWHO,353,Episode Three,TV Episode (ClassicWho),1973-06-02 00:00:00,Episode Three,tv,,tv,,,0.0,no_match
DOCTORWHO.xlsx,DOCTORWHO,354,Episode Four,TV Episode (ClassicWho),1973-06-09 00:00:00,Episode Four,tv,,tv,,,0.0,no_match
DOCTORWHO.xlsx,DOCTORWHO,355,Episode Five,TV Episode (ClassicWho),1973-06-16 00:00:00,Episode Five,tv,,tv,,,0.0,no_match
DOCTORWHO.xlsx,DOCTORWHO,356,Episode Six,TV Episode (ClassicWho),1973-06-23 00:00:00,Episode Six,tv,,tv,,,0.0,no_match
DOCTORWHO.xlsx,DOCTORWHO,357,Part One,TV Episode (ClassicWho),1973-12-15 00:00:00,Part One,tv,,tv,,,0.0,no_match
DOCTORWHO.xlsx,DOCTORWHO,358,Part Two,TV Episode (ClassicWho),1973-12-22 00:00:00,Part Two,tv,,tv,,,0.0,no_match
DOCTORWHO.xlsx,DOCTORWHO,359,Part Three,TV Episode (ClassicWho),1973-12-29 00:00:00,Part Three,tv,,tv,,,0.0,no_match
DOCTORWHO.xlsx,DOCTORWHO,360,Part Four,TV Episode (ClassicWho),1974-01-05 00:00:00,Part Four,tv,,tv,,,0.0,no_match
DOCTORWHO.xlsx,DOCTORWHO,361,Part One,TV Episode (ClassicWho),1974-01-12 00:00:00,Part One,tv,,tv,,,0.0,no_match
DOCTORWHO.xlsx,DOCTORWHO,362,Part Two,TV Episode (ClassicWho),1974-01-19 00:00:00,Part Two,tv,,tv,,,0.0,no_match
DOCTORWHO.xlsx,DOCTORWHO,363,Part Three,TV Episode (ClassicWho),1974-01-26 00:00:00,Part Three,tv,,tv,,,0.0,no_match
DOCTORWHO.xlsx,DOCTORWHO,364,Part Four,TV Episode (ClassicWho),1974-02-02 00:00:00,Part Four,tv,,tv,,,0.0,no_match
DOCTORWHO.xlsx,DOCTORWHO,365,Part Five,TV Episode (ClassicWho),1974-02-09 00:00:00,Part Five,tv,,tv,,,0.0,no_match
DOCTORWHO.xlsx,DOCTORWHO,366,Part Six,TV Episode (ClassicWho),1974-02-16 00:00:00,Part Six,tv,,tv,,,0.0,no_match
DOCTORWHO.xlsx,DOCTORWHO,367,Part One,TV Episode (ClassicWho),1974-02-23 00:00:00,Part One,tv,,tv,,,0.0,no_match
DOCTORWHO.xlsx,DOCTORWHO,368,Part Two,TV Episode (ClassicWho),1974-03-02 00:00:00,Part Two,tv,,tv,,,0.0,no_match
DOCTORWHO.xlsx,DOCTORWHO,369,Part Three,TV Episode (ClassicWho),1974-03-09 00:00:00,Part Three,tv,,tv,,,0.0,no_match
DOCTORWHO.xlsx,DOCTORWHO,370,Part Four,TV Episode (ClassicWho),1974-03-16 00:00:00,Part Four,tv,,tv,,,0.0,no_match
DOCTORWHO.xlsx,DOCTORWHO,371,Part One,TV Episode (ClassicWho),1974-03-23 00:00:00,Part One,tv,,tv,,,0.0,no_match
DOCTORWHO.xlsx,DOCTORWHO,372,Part Two,TV Episode (ClassicWho),1974-03-30 00:00:00,Part Two,tv,,tv,,,0.0,no_match
DOCTORWHO.xlsx,DOCTORWHO,373,Part Three,TV Episode (ClassicWho),1974-04-06 00:00:00,Part Three,tv,,tv,,,0.0,no_match
DOCTORWHO.xlsx,DOCTORWHO,374,Part Four,TV Episode (ClassicWho),1974-04-13 00:00:00,Part Four,tv,,tv,,,0.0,no_match
DOCTORWHO.xlsx,DOCTORWHO,375,Part Five,TV Episode (ClassicWho),1974-04-20 00:00:00,Part Five,tv,,tv,,,0.0,no_match
DOCTORWHO.xlsx,DOCTORWHO,376,Part Six,TV Episode (ClassicWho),1974-04-27 00:00:00,Part Six,tv,,tv,,,0.0,no_match
DOCTORWHO.xlsx,DOCTORWHO,377,Part One,TV Episode (ClassicWho),1974-05-04 00:00:00,Part One,tv,,tv,,,0.0,no_match
DOCTORWHO.xlsx,DOCTORWHO,378,Part Two,TV Episode (ClassicWho),1974-05-11 00:00:00,Part Two,tv,,tv,,,0.0,no_match
DOCTORWHO.xlsx,DOCTORWHO,379,Part Three,TV Episode (ClassicWho),1974-05-18 00:00:00,Part Three,tv,,tv,,,0.0,no_match
DOCTORWHO.xlsx,DOCTORWHO,380,Part Four,TV Episode (ClassicWho),1974-05-25 00:00:00,Part Four,tv,,tv,,,0.0,no_match
DOCTORWHO.xlsx,DOCTORWHO,381,Part Five,TV Episode (ClassicWho),1974-06-01 00:00:00,Part Five,tv,,tv,,,0.0,no_match
DOCTORWHO.xlsx,DOCTORWHO,382,Part Six,TV Episode (ClassicWho),1974-06-08 00:00:00,Part Six,tv,,tv,,,0.0,no_match
DOCTORWHO.xlsx,DOCTORWHO,383,Part One,TV Episode (ClassicWho),1974-12-28 00:00:00,Part One,tv,,tv,,,0.0,no_match
DOCTORWHO.xlsx,DOCTORWHO,384,Part Two,TV Episode (ClassicWho),1975-01-04 00:00:00,Part Two,tv,,tv,,,0.0,no_match
DOCTORWHO.xlsx,DOCTORWHO,385,Part Three,TV Episode (ClassicWho),1975-01-11 00:00:00,Part Three,tv,,tv,,,0.0,no_match
DOCTORWHO.xlsx,DOCTORWHO,386,Part Four,TV Episode (ClassicWho),1975-01-18 00:00:00,Part Four,tv,,tv,,,0.0,no_match
DOCTORWHO.xlsx,DOCTORWHO,387,Part One,TV Episode (ClassicWho),1975-01-25 00:00:00,Part One,tv,,tv,,,0.0,no_match
DOCTORWHO.xlsx,DOCTORWHO,388,Part Two,TV Episode (ClassicWho),1975-02-01 00:00:00,Part Two,tv,,tv,,,0.0,no_match
DOCTORWHO.xlsx,DOCTORWHO,389,Part Three,TV Episode (ClassicWho),1975-02-08 00:00:00,Part Three,tv,,tv,,,0.0,no_match
DOCTORWHO.xlsx,DOCTORWHO,390,Part Four,TV Episode (ClassicWho),1975-02-15 00:00:00,Part Four,tv,,tv,,,0.0,no_match
DOCTORWHO.xlsx,DOCTORWHO,391,Part One,TV Episode (ClassicWho),1975-02-22 00:00:00,Part One,tv,,tv,,,0.0,no_match
DOCTORWHO.xlsx,DOCTORWHO,392,Part Two,TV Episode (ClassicWho),1975-03-01 00:00:00,Part Two,tv,,tv,,,0.0,no_match
DOCTORWHO.xlsx,DOCTORWHO,393,Part One,TV Episode (ClassicWho),1975-03-08 00:00:00,Part One,tv,,tv,,,0.0,no_match
DOCTORWHO.xlsx,DOCTORWHO,394,Part Two,TV Episode (ClassicWho),1975-03-15 00:00:00,Part Two,tv,,tv,,,0.0,no_match
DOCTORWHO.xlsx,DOCTORWHO,395,Part Three,TV Episode (ClassicWho),1975-03-22 00:00:00,Part Three,tv,,tv,,,0.0,no_match
DOCTORWHO.xlsx,DOCTORWHO,396,Part Four,TV Episode (ClassicWho),1975-03-29 00:00:00,Part Four,tv,,tv,,,0.0,no_match
DOCTORWHO.xlsx,DOCTORWHO,397,Part Five,TV Episode (ClassicWho),1975-04-05 00:00:00,Part Five,tv,,tv,,,0.0,no_match
DOCTORWHO.xlsx,DOCTORWHO,398,Part Six,TV Episode (ClassicWho),1975-04-12 00:00:00,Part Six,tv,,tv,,,0.0,no_match
DOCTORWHO.xlsx,DOCTORWHO,399,Part One,TV Episode (ClassicWho),1975-04-19 00:00:00,Part One,tv,,tv,,,0.0,no_match
DOCTORWHO.xlsx,DOCTORWHO,400,Part Two,TV Episode (ClassicWho),1975-04-26 00:00:00,Part Two,tv,,tv,,,0.0,no_match
DOCTORWHO.xlsx,DOCTORWHO,401,Part Three,TV Episode (ClassicWho),1975-05-03 00:00:00,Part Three,tv,,tv,,,0.0,no_match
DOCTORWHO.xlsx,DOCTORWHO,402,Part Four,TV Episode (ClassicWho),1975-05-10 00:00:00,Part Four,tv,,tv,,,0.0,no_match
DOCTORWHO.xlsx,DOCTORWHO,403,Part One,TV Episode (ClassicWho),1975-08-30 00:00:00,Part One,tv,,tv,,,0.0,no_match
DOCTORWHO.xlsx,DOCTORWHO,404,Part Two,TV Episode (ClassicWho),1975-09-06 00:00:00,Part Two,tv,,tv,,,0.0,no_match
DOCTORWHO.xlsx,DOCTORWHO,405,Part Three,TV Episode (ClassicWho),1975-09-13 00:00:00,Part Three,tv,,tv,,,0.0,no_match
DOCTORWHO.xlsx,DOCTORWHO,406,Part Four,TV Episode (ClassicWho),1975-09-20 00:00:00,Part Four,tv,,tv,,,0.0,no_match
DOCTORWHO.xlsx,DOCTORWHO,407,Part One,TV Episode (ClassicWho),1975-09-27 00:00:00,Part One,tv,,tv,,,0.0,no_match
DOCTORWHO.xlsx,DOCTORWHO,408,Part Two,TV Episode (ClassicWho),1975-10-04 00:00:00,Part Two,tv,,tv,,,0.0,no_match
DOCTORWHO.xlsx,DOCTORWHO,409,Part Three,TV Episode (ClassicWho),1975-10-11 00:00:00,Part Three,tv,,tv,,,0.0,no_match
DOCTORWHO.xlsx,DOCTORWHO,410,Part Four,TV Episode (ClassicWho),1975-10-18 00:00:00,Part Four,tv,,tv,,,0.0,no_match
DOCTORWHO.xlsx,DOCTORWHO,411,Part One,TV Episode (ClassicWho),1975-10-25 00:00:00,Part One,tv,,tv,,,0.0,no_match
DOCTORWHO.xlsx,DOCTORWHO,412,Part Two,TV Episode (ClassicWho),1975-11-01 00:00:00,Part Two,tv,,tv,,,0.0,no_match
DOCTORWHO.xlsx,DOCTORWHO,413,Part Three,TV Episode (ClassicWho),1975-11-08 00:00:00,Part Three,tv,,tv,,,0.0,no_match
DOCTORWHO.xlsx,DOCTORWHO,414,Part Four,TV Episode (ClassicWho),1975-11-15 00:00:00,Part Four,tv,,tv,,,0.0,no_match
DOCTORWHO.xlsx,DOCTORWHO,415,Part One,TV Episode (ClassicWho),1975-11-22 00:00:00,Part One,tv,,tv,,,0.0,no_match
DOCTORWHO.xlsx,DOCTORWHO,416,Part Two,TV Episode (ClassicWho),1975-11-29 00:00:00,Part Two,tv,,tv,,,0.0,no_match
DOCTORWHO.xlsx,DOCTORWHO,417,Part Three,TV Episode (ClassicWho),1975-12-06 00:00:00,Part Three,tv,,tv,,,0.0,no_match
DOCTORWHO.xlsx,DOCTORWHO,418,Part Four,TV Episode (ClassicWho),1975-12-13 00:00:00,Part Four,tv,,tv,,,0.0,no_match
DOCTORWHO.xlsx,DOCTORWHO,419,Part One,TV Episode (ClassicWho),1976-01-03 00:00:00,Part One,tv,,tv,,,0.0,no_match
DOCTORWHO.xlsx,DOCTORWHO,420,Part Two,TV Episode (ClassicWho),1976-01-10 00:00:00,Part Two,tv,,tv,,,0.0,no_match
DOCTORWHO.xlsx,DOCTORWHO,421,Part Three,TV Episode (ClassicWho),1976-01-17 00:00:00,Part Three,tv,,tv,,,0.0,no_match
DOCTORWHO.xlsx,DOCTORWHO,422,Part Four,TV Episode (ClassicWho),1976-01-24 00:00:00,Part Four,tv,,tv,,,0.0,no_match
DOCTORWHO.xlsx,DOCTORWHO,423,Part One,TV Episode (ClassicWho),1976-01-31 00:00:00,Part One,tv,,tv,,,0.0,no_match
DOCTORWHO.xlsx,DOCTORWHO,424,Part Two,TV Episode (ClassicWho),1976-02-07 00:00:00,Part Two,tv,,tv,,,0.0,no_match
DOCTORWHO.xlsx,DOCTORWHO,425,Part Three,TV Episode (ClassicWho),1976-02-14 00:00:00,Part Three,tv,,tv,,,0.0,no_match
DOCTORWHO.xlsx,DOCTORWHO,426,Part Four,TV Episode (ClassicWho),1976-02-21 00:00:00,Part Four,tv,,tv,,,0.0,no_match
DOCTORWHO.xlsx,DOCTORWHO,427,Part Five,TV Episode (ClassicWho),1976-02-28 00:00:00,Part Five,tv,,tv,,,0.0,no_match
DOCTORWHO.xlsx,DOCTORWHO,428,Part Six,TV Episode (ClassicWho),1976-03-06 00:00:00,Part Six,tv,,tv,,,0.0,no_match
DOCTORWHO.xlsx,DOCTORWHO,429,Part One,TV Episode (ClassicWho),1976-09-04 00:00:00,Part One,tv,,tv,,,0.0,no_match
DOCTORWHO.xlsx,DOCTORWHO,430,Part Two,TV Episode (ClassicWho),1976-09-11 00:00:00,Part Two,tv,,tv,,,0.0,no_match
DOCTORWHO.xlsx,DOCTORWHO,431,Part Three,TV Episode (ClassicWho),1976-09-18 00:00:00,Part Three,tv,,tv,,,0.0,no_match
DOCTORWHO.xlsx,DOCTORWHO,432,Part Four,TV Episode (ClassicWho),1976-09-25 00:00:00,Part Four,tv,,tv,,,0.0,no_match
DOCTORWHO.xlsx,DOCTORWHO,433,Part One,TV Episode (ClassicWho),1976-10-02 00:00:00,Part One,tv,,tv,,,0.0,no_match
DOCTORWHO.xlsx,DOCTORWHO,434,Part Two,TV Episode (ClassicWho),1976-10-09 00:00:00,Part Two,tv,,tv,,,0.0,no_match
DOCTORWHO.xlsx,DOCTORWHO,435,Part Three,TV Episode (ClassicWho),1976-10-16 00:00:00,Part Three,tv,,tv,,,0.0,no_match
DOCTORWHO.xlsx,DOCTORWHO,436,Part Four,TV Episode (ClassicWho),1976-10-23 00:00:00,Part Four,tv,,tv,,,0.0,no_match
DOCTORWHO.xlsx,DOCTORWHO,437,Part One,TV Episode (ClassicWho),1976-10-30 00:00:00,Part One,tv,,tv,,,0.0,no_match
DOCTORWHO.xlsx,DOCTORWHO,438,Part Two,TV Episode (ClassicWho),1976-11-06 00:00:00,Part Two,tv,,tv,,,0.0,no_match
DOCTORWHO.xlsx,DOCTORWHO,439,Part Three,TV Episode (ClassicWho),1976-11-13 00:00:00,Part Three,tv,,tv,,,0.0,no_match
DOCTORWHO.xlsx,DOCTORWHO,440,Part Four,TV Episode (ClassicWho),1976-11-20 00:00:00,Part Four,tv,,tv,,,0.0,no_match
DOCTORWHO.xlsx,DOCTORWHO,441,Part One,TV Episode (ClassicWho),1977-01-01 00:00:00,Part One,tv,,tv,,,0.0,no_match
DOCTORWHO.xlsx,DOCTORWHO,442,Part Two,TV Episode (ClassicWho),1977-01-08 00:00:00,Part Two,tv,,tv,,,0.0,no_match
DOCTORWHO.xlsx,DOCTORWHO,443,Part Three,TV Episode (ClassicWho),1977-01-15 00:00:00,Part Three,tv,,tv,,,0.0,no_match
DOCTORWHO.xlsx,DOCTORWHO,444,Part Four,TV Episode (ClassicWho),1977-01-22 00:00:00,Part Four,tv,,tv,,,0.0,no_match
DOCTORWHO.xlsx,DOCTORWHO,445,Part One,TV Episode (ClassicWho),1977-01-29 00:00:00,Part One,tv,,tv,,,0.0,no_match
DOCTORWHO.xlsx,DOCTORWHO,446,Part Two,TV Episode (ClassicWho),1977-02-05 00:00:00,Part Two,tv,,tv,,,0.0,no_match
DOCTORWHO.xlsx,DOCTORWHO,447,Part Three,TV Episode (ClassicWho),1977-02-12 00:00:00,Part Three,tv,,tv,,,0.0,no_match
DOCTORWHO.xlsx,DOCTORWHO,448,Part Four,TV Episode (ClassicWho),1977-02-19 00:00:00,Part Four,tv,,tv,,,0.0,no_match
DOCTORWHO.xlsx,DOCTORWHO,449,Part One,TV Episode (ClassicWho),1977-02-26 00:00:00,Part One,tv,,tv,,,0.0,no_match
DOCTORWHO.xlsx,DOCTORWHO,450,Part Two,TV Episode (ClassicWho),1977-03-05 00:00:00,Part Two,tv,,tv,,,0.0,no_match
DOCTORWHO.xlsx,DOCTORWHO,451,Part Three,TV Episode (ClassicWho),1977-03-12 00:00:00,Part Three,tv,,tv,,,0.0,no_match
DOCTORWHO.xlsx,DOCTORWHO,452,Part Four,TV Episode (ClassicWho),1977-03-19 00:00:00,Part Four,tv,,tv,,,0.0,no_match
DOCTORWHO.xlsx,DOCTORWHO,453,Part Five,TV Episode (ClassicWho),1977-03-26 00:00:00,Part Five,tv,,tv,,,0.0,no_match
DOCTORWHO.xlsx,DOCTORWHO,454,Part Six,TV Episode (ClassicWho),1977-04-02 00:00:00,Part Six,tv,,tv,,,0.0,no_match
DOCTORWHO.xlsx,DOCTORWHO,455,Part One,TV Episode (ClassicWho),1977-09-03 00:00:00,Part One,tv,,tv,,,0.0,no_match
DOCTORWHO.xlsx,DOCTORWHO,456,Part Two,TV Episode (ClassicWho),1977-09-10 00:00:00,Part Two,tv,,tv,,,0.0,no_match
DOCTORWHO.xlsx,DOCTORWHO,457,Part Three,TV Episode (ClassicWho),1977-09-17 00:00:00,Part Three,tv,,tv,,,0.0,no_match
DOCTORWHO.xlsx,DOCTORWHO,458,Part Four,TV Episode (ClassicWho),1977-09-24 00:00:00,Part Four,tv,,tv,,,0.0,no_match
DOCTORWHO.xlsx,DOCTORWHO,459,Part One,TV Episode (ClassicWho),1977-10-01 00:00:00,Part One,tv,,tv,,,0.0,no_match
DOCTORWHO.xlsx,DOCTORWHO,460,Part Two,TV Episode (ClassicWho),1977-10-08 00:00:00,Part Two,tv,,tv,,,0.0,no_match
DOCTORWHO.xlsx,DOCTORWHO,461,Part Three,TV Episode (ClassicWho),1977-10-15 00:00:00,Part Three,tv,,tv,,,0.0,no_match
DOCTORWHO.xlsx,DOCTORWHO,462,Part Four,TV Episode (ClassicWho),1977-10-22 00:00:00,Part Four,tv,,tv,,,0.0,no_match
DOCTORWHO.xlsx,DOCTORWHO,463,Part One,TV Episode (ClassicWho),1977-10-29 00:00:00,Part One,tv,,tv,,,0.0,no_match
DOCTORWHO.xlsx,DOCTORWHO,464,Part Two,TV Episode (ClassicWho),1977-11-05 00:00:00,Part Two,tv,,tv,,,0.0,no_match
DOCTORWHO.xlsx,DOCTORWHO,465,Part Three,TV Episode (ClassicWho),1977-11-12 00:00:00,Part Three,tv,,tv,,,0.0,no_match
DOCTORWHO.xlsx,DOCTORWHO,466,Part Four,TV Episode (ClassicWho),1977-11-19 00:00:00,Part Four,tv,,tv,,,0.0,no_match
DOCTORWHO.xlsx,DOCTORWHO,467,Part One,TV Episode (ClassicWho),1977-11-26 00:00:00,Part One,tv,,tv,,,0.0,no_match
DOCTORWHO.xlsx,DOCTORWHO,468,Part Two,TV Episode (ClassicWho),1977-12-03 00:00:00,Part Two,tv,,tv,,,0.0,no_match
DOCTORWHO.xlsx,DOCTORWHO,469,Part Three,TV Episode (ClassicWho),1977-12-10 00:00:00,Part Three,tv,,tv,,,0.0,no_match
DOCTORWHO.xlsx,DOCTORWHO,470,Part Four,TV Episode (ClassicWho),1977-12-17 00:00:00,Part Four,tv,,tv,,,0.0,no_match
DOCTORWHO.xlsx,DOCTORWHO,471,Part One,TV Episode (ClassicWho),1978-01-07 00:00:00,Part One,tv,,tv,,,0.0,no_match
DOCTORWHO.xlsx,DOCTORWHO,472,Part Two,TV Episode (ClassicWho),1978-01-14 00:00:00,Part Two,tv,,tv,,,0.0,no_match
DOCTORWHO.xlsx,DOCTORWHO,473,Part Three,TV Episode (ClassicWho),1978-01-21 00:00:00,Part Three,tv,,tv,,,0.0,no_match
DOCTORWHO.xlsx,DOCTORWHO,474,Part Four,TV Episode (ClassicWho),1978-01-28 00:00:00,Part Four,tv,,tv,,,0.0,no_match
DOCTORWHO.xlsx,DOCTORWHO,475,Part One,TV Episode (ClassicWho),1978-02-04 00:00:00,Part One,tv,,tv,,,0.0,no_match
DOCTORWHO.xlsx,DOCTORWHO,476,Part Two,TV Episode (ClassicWho),1978-02-11 00:00:00,Part Two,tv,,tv,,,0.0,no_match
DOCTORWHO.xlsx,DOCTORWHO,477,Part Three,TV Episode (ClassicWho),1978-02-18 00:00:00,Part Three,tv,,tv,,,0.0,no_match
DOCTORWHO.xlsx,DOCTORWHO,478,Part Four,TV Episode (ClassicWho),1978-02-25 00:00:00,Part Four,tv,,tv,,,0.0,no_match
DOCTORWHO.xlsx,DOCTORWHO,479,Part Five,TV Episode (ClassicWho),1978-03-04 00:00:00,Part Five,tv,,tv,,,0.0,no_match
DOCTORWHO.xlsx,DOCTORWHO,480,Part Six,TV Episode (ClassicWho),1978-03-11 00:00:00,Part Six,tv,,tv,,,0.0,no_match
DOCTORWHO.xlsx,DOCTORWHO,481,Part One,TV Episode (ClassicWho),1978-09-02 00:00:00,Part One,tv,,tv,,,0.0,no_match
DOCTORWHO.xlsx,DOCTORWHO,482,Part Two,TV Episode (ClassicWho),1978-09-09 00:00:00,Part Two,tv,,tv,,,0.0,no_match
DOCTORWHO.xlsx,DOCTORWHO,483,Part Three,TV Episode (ClassicWho),1978-09-16 00:00:00,Part Three,tv,,tv,,,0.0,no_match
DOCTORWHO.xlsx,DOCTORWHO,484,Part Four,TV Episode (ClassicWho),1978-09-23 00:00:00,Part Four,tv,,tv,,,0.0,no_match
DOCTORWHO.xlsx,DOCTORWHO,485,Part One,TV Episode (ClassicWho),1978-09-30 00:00:00,Part One,tv,,tv,,,0.0,no_match
DOCTORWHO.xlsx,DOCTORWHO,486,Part Two,TV Episode (ClassicWho),1978-10-07 00:00:00,Part Two,tv,,tv,,,0.0,no_match
DOCTORWHO.xlsx,DOCTORWHO,487,Part Three,TV Episode (ClassicWho),1978-10-14 00:00:00,Part Three,tv,,tv,,,0.0,no_match
DOCTORWHO.xlsx,DOCTORWHO,488,Part Four,TV Episode (ClassicWho),1978-10-21 00:00:00,Part Four,tv,,tv,,,0.0,no_match
DOCTORWHO.xlsx,DOCTORWHO,489,Part One,TV Episode (ClassicWho),1978-10-28 00:00:00,Part One,tv,,tv,,,0.0,no_match
DOCTORWHO.xlsx,DOCTORWHO,490,Part Two,TV Episode (ClassicWho),1978-11-04 00:00:00,Part Two,tv,,tv,,,0.0,no_match
DOCTORWHO.xlsx,DOCTORWHO,491,Part Three,TV Episode (ClassicWho),1978-11-11 00:00:00,Part Three,tv,,tv,,,0.0,no_match
DOCTORWHO.xlsx,DOCTORWHO,492,Part Four,TV Episode (ClassicWho),1978-11-18 00:00:00,Part Four,tv,,tv,,,0.0,no_match
DOCTORWHO.xlsx,DOCTORWHO,493,Part One,TV Episode (ClassicWho),1978-11-25 00:00:00,Part One,tv,,tv,,,0.0,no_match
DOCTORWHO.xlsx,DOCTORWHO,494,Part Two,TV Episode (ClassicWho),1978-12-02 00:00:00,Part Two,tv,,tv,,,0.0,no_match
DOCTORWHO.xlsx,DOCTORWHO,495,Part Three,TV Episode (ClassicWho),1978-12-09 00:00:00,Part Three,tv,,tv,,,0.0,no_match
DOCTORWHO.xlsx,DOCTORWHO,496,Part Four,TV Episode (ClassicWho),1978-12-16 00:00:00,Part Four,tv,,tv,,,0.0,no_match
DOCTORWHO.xlsx,DOCTORWHO,497,Part One,TV Episode (ClassicWho),1978-12-23 00:00:00,Part One,tv,,tv,,,0.0,no_match
DOCTORWHO.xlsx,DOCTORWHO,498,Part Two,TV Episode (ClassicWho),1978-12-30 00:00:00,Part Two,tv,,tv,,,0.0,no_match
DOCTORWHO.xlsx,DOCTORWHO,499,Part Three,TV Episode (ClassicWho),1979-01-06 00:00:00,Part Three,tv,,tv,,,0.0,no_match
DOCTORWHO.xlsx,DOCTORWHO,500,Part Four,TV Episode (ClassicWho),1979-01-13 00:00:00,Part Four,tv,,tv,,,0.0,no_match
DOCTORWHO.xlsx,DOCTORWHO,501,Part One,TV Episode (ClassicWho),1979-01-20 00:00:00,Part One,tv,8965,tv,End of Part One,1979-04-15,0.7311,matched
DOCTORWHO.xlsx,DOCTORWHO,502,Part Two,TV Episode (ClassicWho),1979-01-27 00:00:00,Part Two,tv,,tv,,,0.0,no_match
DOCTORWHO.xlsx,DOCTORWHO,503,Part Three,TV Episode (ClassicWho),1979-02-03 00:00:00,Part Three,tv,,tv,,,0.0,no_match
DOCTORWHO.xlsx,DOCTORWHO,504,Part Four,TV Episode (ClassicWho),1979-02-10 00:00:00,Part Four,tv,,tv,,,0.0,no_match
DOCTORWHO.xlsx,DOCTORWHO,505,Part Five,TV Episode (ClassicWho),1979-02-17 00:00:00,Part Five,tv,,tv,,,0.0,no_match
DOCTORWHO.xlsx,DOCTORWHO,506,Part Six,TV Episode (ClassicWho),1979-02-24 00:00:00,Part Six,tv,,tv,,,0.0,no_match
DOCTORWHO.xlsx,DOCTORWHO,507,Episode One,TV Episode (ClassicWho),1979-09-01 00:00:00,Episode One,tv,,tv,,,0.0,no_match
DOCTORWHO.xlsx,DOCTORWHO,508,Episode Two,TV Episode (ClassicWho),1979-09-08 00:00:00,Episode Two,tv,,tv,,,0.0,no_match
DOCTORWHO.xlsx,DOCTORWHO,509,Episode Three,TV Episode (ClassicWho),1979-09-15 00:00:00,Episode Three,tv,,tv,,,0.0,no_match
DOCTORWHO.xlsx,DOCTORWHO,510,Episode Four,TV Episode (ClassicWho),1979-09-22 00:00:00,Episode Four,tv,,tv,,,0.0,no_match
DOCTORWHO.xlsx,DOCTORWHO,511,Part One,TV Episode (ClassicWho),1979-09-29 00:00:00,Part One,tv,8965,tv,End of Part One,1979-04-15,0.7311,matched
DOCTORWHO.xlsx,DOCTORWHO,512,Part Two,TV Episode (ClassicWho),1979-10-06 00:00:00,Part Two,tv,,tv,,,0.0,no_match
DOCTORWHO.xlsx,DOCTORWHO,513,Part Three,TV Episode (ClassicWho),1979-10-13 00:00:00,Part Three,tv,,tv,,,0.0,no_match
DOCTORWHO.xlsx,DOCTORWHO,514,Part Four,TV Episode (ClassicWho),1979-10-20 00:00:00,Part Four,tv,,tv,,,0.0,no_match
DOCTORWHO.xlsx,DOCTORWHO,515,Part One,TV Episode (ClassicWho),1979-10-27 00:00:00,Part One,tv,8965,tv,End of Part One,1979-04-15,0.7311,matched
DOCTORWHO.xlsx,DOCTORWHO,516,Part Two,TV Episode (ClassicWho),1979-11-03 00:00:00,Part Two,tv,,tv,,,0.0,no_match
DOCTORWHO.xlsx,DOCTORWHO,517,Part Three,TV Episode (ClassicWho),1979-11-10 00:00:00,Part Three,tv,,tv,,,0.0,no_match
DOCTORWHO.xlsx,DOCTORWHO,518,Part Four,TV Episode (ClassicWho),1979-11-17 00:00:00,Part Four,tv,,tv,,,0.0,no_match
DOCTORWHO.xlsx,DOCTORWHO,519,Part One,TV Episode (ClassicWho),1979-11-24 00:00:00,Part One,tv,8965,tv,End of Part One,1979-04-15,0.7311,matched
DOCTORWHO.xlsx,DOCTORWHO,520,Part Two,TV Episode (ClassicWho),1979-12-01 00:00:00,Part Two,tv,,tv,,,0.0,no_match
DOCTORWHO.xlsx,DOCTORWHO,521,Part Three,TV Episode (ClassicWho),1979-12-08 00:00:00,Part Three,tv,,tv,,,0.0,no_match
DOCTORWHO.xlsx,DOCTORWHO,522,Part Four,TV Episode (ClassicWho),1979-12-15 00:00:00,Part Four,tv,,tv,,,0.0,no_match
DOCTORWHO.xlsx,DOCTORWHO,523,Part One,TV Episode (ClassicWho),1979-12-22 00:00:00,Part One,tv,8965,tv,End of Part One,1979-04-15,0.7311,matched
DOCTORWHO.xlsx,DOCTORWHO,524,Part Two,TV Episode (ClassicWho),1979-12-29 00:00:00,Part Two,tv,,tv,,,0.0,no_match
DOCTORWHO.xlsx,DOCTORWHO,525,Part Three,TV Episode (ClassicWho),1980-01-05 00:00:00,Part Three,tv,,tv,,,0.0,no_match
DOCTORWHO.xlsx,DOCTORWHO,526,Part Four,TV Episode (ClassicWho),1980-01-12 00:00:00,Part Four,tv,,tv,,,0.0,no_match
DOCTORWHO.xlsx,DOCTORWHO,527,Part One,TV Episode (ClassicWho),1980-08-30 00:00:00,Part One,tv,,tv,,,0.0,no_match
DOCTORWHO.xlsx,DOCTORWHO,528,Part Two,TV Episode (ClassicWho),1980-09-06 00:00:00,Part Two,tv,,tv,,,0.0,no_match
DOCTORWHO.xlsx,DOCTORWHO,529,Part Three,TV Episode (ClassicWho),1980-09-13 00:00:00,Part Three,tv,,tv,,,0.0,no_match
DOCTORWHO.xlsx,DOCTORWHO,530,Part Four,TV Episode (ClassicWho),1980-09-20 00:00:00,Part Four,tv,,tv,,,0.0,no_match
DOCTORWHO.xlsx,DOCTORWHO,531,Part One,TV Episode (ClassicWho),1980-09-27 00:00:00,Part One,tv,,tv,,,0.0,no_match
DOCTORWHO.xlsx,DOCTORWHO,532,Part Two,TV Episode (ClassicWho),1980-10-04 00:00:00,Part Two,tv,,tv,,,0.0,no_match
DOCTORWHO.xlsx,DOCTORWHO,533,Part Three,TV Episode (ClassicWho),1980-10-11 00:00:00,Part Three,tv,,tv,,,0.0,no_match
DOCTORWHO.xlsx,DOCTORWHO,534,Part Four,TV Episode (ClassicWho),1980-10-18 00:00:00,Part Four,tv,,tv,,,0.0,no_match
DOCTORWHO.xlsx,DOCTORWHO,535,Part One,TV Episode (ClassicWho),1980-10-25 00:00:00,Part One,tv,,tv,,,0.0,no_match
DOCTORWHO.xlsx,DOCTORWHO,536,Part Two,TV Episode (ClassicWho),1980-11-01 00:00:00,Part Two,tv,,tv,,,0.0,no_match
DOCTORWHO.xlsx,DOCTORWHO,537,Part Three,TV Episode (ClassicWho),1980-11-08 00:00:00,Part Three,tv,,tv,,,0.0,no_match
DOCTORWHO.xlsx,DOCTORWHO,538,Part Four,TV Episode (ClassicWho),1980-11-15 00:00:00,Part Four,tv,,tv,,,0.0,no_match
DOCTORWHO.xlsx,DOCTORWHO,539,Part One,TV Episode (ClassicWho),1980-11-22 00:00:00,Part One,tv,,tv,,,0.0,no_match
DOCTORWHO.xlsx,DOCTORWHO,540,Part Two,TV Episode (ClassicWho),1980-11-29 00:00:00,Part Two,tv,,tv,,,0.0,no_match
DOCTORWHO.xlsx,DOCTORWHO,541,Part Three,TV Episode (ClassicWho),1980-12-06 00:00:00,Part Three,tv,,tv,,,0.0,no_match
DOCTORWHO.xlsx,DOCTORWHO,542,Part Four,TV Episode (ClassicWho),1980-12-13 00:00:00,Part Four,tv,,tv,,,0.0,no_match
DOCTORWHO.xlsx,DOCTORWHO,543,Part One,TV Episode (ClassicWho),1981-01-03 00:00:00,Part One,tv,,tv,,,0.0,no_match
DOCTORWHO.xlsx,DOCTORWHO,544,Part Two,TV Episode (ClassicWho),1981-01-10 00:00:00,Part Two,tv,,tv,,,0.0,no_match
DOCTORWHO.xlsx,DOCTORWHO,545,Part Three,TV Episode (ClassicWho),1981-01-17 00:00:00,Part Three,tv,,tv,,,0.0,no_match
DOCTORWHO.xlsx,DOCTORWHO,546,Part Four,TV Episode (ClassicWho),1981-01-24 00:00:00,Part Four,tv,,tv,,,0.0,no_match
DOCTORWHO.xlsx,DOCTORWHO,547,Part One,TV Episode (ClassicWho),1981-01-31 00:00:00,Part One,tv,,tv,,,0.0,no_match
DOCTORWHO.xlsx,DOCTORWHO,548,Part Two,TV Episode (ClassicWho),1981-02-07 00:00:00,Part Two,tv,,tv,,,0.0,no_match
DOCTORWHO.xlsx,DOCTORWHO,549,Part Three,TV Episode (ClassicWho),1981-02-14 00:00:00,Part Three,tv,,tv,,,0.0,no_match
DOCTORWHO.xlsx,DOCTORWHO,550,Part Four,TV Episode (ClassicWho),1981-02-21 00:00:00,Part Four,tv,,tv,,,0.0,no_match
DOCTORWHO.xlsx,DOCTORWHO,551,Part One,TV Episode (ClassicWho),1981-02-28 00:00:00,Part One,tv,,tv,,,0.0,no_match
DOCTORWHO.xlsx,DOCTORWHO,552,Part Two,TV Episode (ClassicWho),1981-03-07 00:00:00,Part Two,tv,,tv,,,0.0,no_match
DOCTORWHO.xlsx,DOCTORWHO,553,Part Three,TV Episode (ClassicWho),1981-03-14 00:00:00,Part Three,tv,,tv,,,0.0,no_match
DOCTORWHO.xlsx,DOCTORWHO,554,Part Four,TV Episode (ClassicWho),1981-03-21 00:00:00,Part Four,tv,,tv,,,0.0,no_match
DOCTORWHO.xlsx,DOCTORWHO,555,Part One,TV Episode (ClassicWho),1982-01-04 00:00:00,Part One,tv,,tv,,,0.0,no_match
DOCTORWHO.xlsx,DOCTORWHO,556,Part Two,TV Episode (ClassicWho),1982-01-05 00:00:00,Part Two,tv,,tv,,,0.0,no_match
DOCTORWHO.xlsx,DOCTORWHO,557,Part Three,TV Episode (ClassicWho),1982-01-11 00:00:00,Part Three,tv,,tv,,,0.0,no_match
DOCTORWHO.xlsx,DOCTORWHO,558,Part Four,TV Episode (ClassicWho),1982-01-12 00:00:00,Part Four,tv,,tv,,,0.0,no_match
DOCTORWHO.xlsx,DOCTORWHO,559,Part One,TV Episode (ClassicWho),1982-01-18 00:00:00,Part One,tv,,tv,,,0.0,no_match
DOCTORWHO.xlsx,DOCTORWHO,560,Part Two,TV Episode (ClassicWho),1982-01-19 00:00:00,Part Two,tv,,tv,,,0.0,no_match
DOCTORWHO.xlsx,DOCTORWHO,561,Part Three,TV Episode (ClassicWho),1982-01-25 00:00:00,Part Three,tv,,tv,,,0.0,no_match
DOCTORWHO.xlsx,DOCTORWHO,562,Part Four,TV Episode (ClassicWho),1982-01-26 00:00:00,Part Four,tv,,tv,,,0.0,no_match
DOCTORWHO.xlsx,DOCTORWHO,563,Part One,TV Episode (ClassicWho),1982-02-01 00:00:00,Part One,tv,,tv,,,0.0,no_match
DOCTORWHO.xlsx,DOCTORWHO,564,Part Two,TV Episode (ClassicWho),1982-02-02 00:00:00,Part Two,tv,,tv,,,0.0,no_match
DOCTORWHO.xlsx,DOCTORWHO,565,Part Three,TV Episode (ClassicWho),1982-02-08 00:00:00,Part Three,tv,,tv,,,0.0,no_match
DOCTORWHO.xlsx,DOCTORWHO,566,Part Four,TV Episode (ClassicWho),1982-02-09 00:00:00,Part Four,tv,,tv,,,0.0,no_match
DOCTORWHO.xlsx,DOCTORWHO,567,Part One,TV Episode (ClassicWho),1982-02-15 00:00:00,Part One,tv,,tv,,,0.0,no_match
DOCTORWHO.xlsx,DOCTORWHO,568,Part Two,TV Episode (ClassicWho),1982-02-16 00:00:00,Part Two,tv,,tv,,,0.0,no_match
DOCTORWHO.xlsx,DOCTORWHO,569,Part Three,TV Episode (ClassicWho),1982-02-22 00:00:00,Part Three,tv,,tv,,,0.0,no_match
DOCTORWHO.xlsx,DOCTORWHO,570,Part Four,TV Episode (ClassicWho),1982-02-23 00:00:00,Part Four,tv,,tv,,,0.0,no_match
DOCTORWHO.xlsx,DOCTORWHO,571,Part One,TV Episode (ClassicWho),1982-03-01 00:00:00,Part One,tv,,tv,,,0.0,no_match
DOCTORWHO.xlsx,DOCTORWHO,572,Part Two,TV Episode (ClassicWho),1982-03-02 00:00:00,Part Two,tv,,tv,,,0.0,no_match
DOCTORWHO.xlsx,DOCTORWHO,573,Part One,TV Episode (ClassicWho),1982-03-08 00:00:00,Part One,tv,,tv,,,0.0,no_match
DOCTORWHO.xlsx,DOCTORWHO,574,Part Two,TV Episode (ClassicWho),1982-03-09 00:00:00,Part Two,tv,,tv,,,0.0,no_match
DOCTORWHO.xlsx,DOCTORWHO,575,Part Three,TV Episode (ClassicWho),1982-03-15 00:00:00,Part Three,tv,,tv,,,0.0,no_match
DOCTORWHO.xlsx,DOCTORWHO,576,Part Four,TV Episode (ClassicWho),1982-03-16 00:00:00,Part Four,tv,,tv,,,0.0,no_match
DOCTORWHO.xlsx,DOCTORWHO,577,Part One,TV Episode (ClassicWho),1982-03-22 00:00:00,Part One,tv,,tv,,,0.0,no_match
DOCTORWHO.xlsx,DOCTORWHO,578,Part Two,TV Episode (ClassicWho),1982-03-23 00:00:00,Part Two,tv,,tv,,,0.0,no_match
DOCTORWHO.xlsx,DOCTORWHO,579,Part Three,TV Episode (ClassicWho),1982-03-29 00:00:00,Part Three,tv,,tv,,,0.0,no_match
DOCTORWHO.xlsx,DOCTORWHO,580,Part Four,TV Episode (ClassicWho),1982-03-30 00:00:00,Part Four,tv,,tv,,,0.0,no_match
DOCTORWHO.xlsx,DOCTORWHO,581,Part One,TV Episode (ClassicWho),1983-01-03 00:00:00,Part One,tv,,tv,,,0.0,no_match
DOCTORWHO.xlsx,DOCTORWHO,582,Part Two,TV Episode (ClassicWho),1983-01-05 00:00:00,Part Two,tv,,tv,,,0.0,no_match
DOCTORWHO.xlsx,DOCTORWHO,583,Part Three,TV Episode (ClassicWho),1983-01-11 00:00:00,Part Three,tv,,tv,,,0.0,no_match
DOCTORWHO.xlsx,DOCTORWHO,584,Part Four,TV Episode (ClassicWho),1983-01-12 00:00:00,Part Four,tv,,tv,,,0.0,no_match
DOCTORWHO.xlsx,DOCTORWHO,585,Part One,TV Episode (ClassicWho),1983-01-18 00:00:00,Part One,tv,,tv,,,0.0,no_match
DOCTORWHO.xlsx,DOCTORWHO,586,Part Two,TV Episode (ClassicWho),1983-01-19 00:00:00,Part Two,tv,,tv,,,0.0,no_match
DOCTORWHO.xlsx,DOCTORWHO,587,Part Three,TV Episode (ClassicWho),1983-01-25 00:00:00,Part Three,tv,,tv,,,0.0,no_match
DOCTORWHO.xlsx,DOCTORWHO,588,Part Four,TV Episode (ClassicWho),1983-01-26 00:00:00,Part Four,tv,,tv,,,0.0,no_match
DOCTORWHO.xlsx,DOCTORWHO,589,Part One,TV Episode (ClassicWho),1983-02-01 00:00:00,Part One,tv,,tv,,,0.0,no_match
DOCTORWHO.xlsx,DOCTORWHO,590,Part Two,TV Episode (ClassicWho),1983-02-02 00:00:00,Part Two,tv,,tv,,,0.0,no_match
DOCTORWHO.xlsx,DOCTORWHO,591,Part Three,TV Episode (ClassicWho),1983-02-08 00:00:00,Part Three,tv,,tv,,,0.0,no_match
DOCTORWHO.xlsx,DOCTORWHO,592,Part Four,TV Episode (ClassicWho),1983-02-09 00:00:00,Part Four,tv,,tv,,,0.0,no_match
DOCTORWHO.xlsx,DOCTORWHO,593,Part One,TV Episode (ClassicWho),1983-02-15 00:00:00,Part One,tv,,tv,,,0.0,no_match
DOCTORWHO.xlsx,DOCTORWHO,594,Part Two,TV Episode (ClassicWho),1983-02-16 00:00:00,Part Two,tv,,tv,,,0.0,no_match
DOCTORWHO.xlsx,DOCTORWHO,595,Part Three,TV Episode (ClassicWho),1983-02-22 00:00:00,Part Three,tv,,tv,,,0.0,no_match
DOCTORWHO.xlsx,DOCTORWHO,596,Part Four,TV Episode (ClassicWho),1983-02-23 00:00:00,Part Four,tv,,tv,,,0.0,no_match
DOCTORWHO.xlsx,DOCTORWHO,597,Part One,TV Episode (ClassicWho),1983-03-01 00:00:00,Part One,tv,,tv,,,0.0,no_match
DOCTORWHO.xlsx,DOCTORWHO,598,Part Two,TV Episode (ClassicWho),1983-03-02 00:00:00,Part Two,tv,,tv,,,0.0,no_match
DOCTORWHO.xlsx,DOCTORWHO,599,Part Three,TV Episode (ClassicWho),1983-03-08 00:00:00,Part Three,tv,,tv,,,0.0,no_match
DOCTORWHO.xlsx,DOCTORWHO,600,Part Four,TV Episode (ClassicWho),1983-03-09 00:00:00,Part Four,tv,,tv,,,0.0,no_match
DOCTORWHO.xlsx,DOCTORWHO,601,Part One,TV Episode (ClassicWho),1983-03-15 00:00:00,Part One,tv,,tv,,,0.0,no_match
DOCTORWHO.xlsx,DOCTORWHO,602,Part Two,TV Episode (ClassicWho),1983-03-16 00:00:00,Part Two,tv,,tv,,,0.0,no_match
DOCTORWHO.xlsx,DOCTORWHO,603,Doctor Who (1963),TV Episode (ClassicWho),1983-11-25 00:00:00,Doctor Who (1963),tv,,tv,,,0.0,no_match
DOCTORWHO.xlsx,DOCTORWHO,604,Part One,TV Episode (ClassicWho),1984-01-05 00:00:00,Part One,tv,,tv,,,0.0,no_match
DOCTORWHO.xlsx,DOCTORWHO,605,Part Two,TV Episode (ClassicWho),1984-01-06 00:00:00,Part Two,tv,,tv,,,0.0,no_match
DOCTORWHO.xlsx,DOCTORWHO,606,Part Three,TV Episode (ClassicWho),1984-01-12 00:00:00,Part Three,tv,,tv,,,0.0,no_match
DOCTORWHO.xlsx,DOCTORWHO,607,Part Four,TV Episode (ClassicWho),1984-01-13 00:00:00,Part Four,tv,,tv,,,0.0,no_match
DOCTORWHO.xlsx,DOCTORWHO,608,Part One,TV Episode (ClassicWho),1984-01-19 00:00:00,Part One,tv,,tv,,,0.0,no_match
DOCTORWHO.xlsx,DOCTORWHO,609,Part Two,TV Episode (ClassicWho),1984-01-20 00:00:00,Part Two,tv,,tv,,,0.0,no_match
DOCTORWHO.xlsx,DOCTORWHO,610,Part One,TV Episode (ClassicWho),1984-01-26 00:00:00,Part One,tv,,tv,,,0.0,no_match
DOCTORWHO.xlsx,DOCTORWHO,611,Part Two,TV Episode (ClassicWho),1984-01-27 00:00:00,Part Two,tv,,tv,,,0.0,no_match
DOCTORWHO.xlsx,DOCTORWHO,612,Part Three,TV Episode (ClassicWho),1984-02-02 00:00:00,Part Three,tv,,tv,,,0.0,no_match
DOCTORWHO.xlsx,DOCTORWHO,613,Part Four,TV Episode (ClassicWho),1984-02-03 00:00:00,Part Four,tv,,tv,,,0.0,no_match
DOCTORWHO.xlsx,DOCTORWHO,614,Part One,TV Episode (ClassicWho),1984-02-08 00:00:00,Part One,tv,,tv,,,0.0,no_match
DOCTORWHO.xlsx,DOCTORWHO,615,Part Two,TV Episode (ClassicWho),1984-02-15 00:00:00,Part Two,tv,,tv,,,0.0,no_match
DOCTORWHO.xlsx,DOCTORWHO,616,Part One,TV Episode (ClassicWho),1984-02-23 00:00:00,Part One,tv,,tv,,,0.0,no_match
DOCTORWHO.xlsx,DOCTORWHO,617,Part Two,TV Episode (ClassicWho),1984-02-24 00:00:00,Part Two,tv,,tv,,,0.0,no_match
DOCTORWHO.xlsx,DOCTORWHO,618,Part Three,TV Episode (ClassicWho),1984-03-01 00:00:00,Part Three,tv,,tv,,,0.0,no_match
DOCTORWHO.xlsx,DOCTORWHO,619,Part Four,TV Episode (ClassicWho),1984-03-02 00:00:00,Part Four,tv,,tv,,,0.0,no_match
DOCTORWHO.xlsx,DOCTORWHO,620,Part One,TV Episode (ClassicWho),1984-03-08 00:00:00,Part One,tv,,tv,,,0.0,no_match
DOCTORWHO.xlsx,DOCTORWHO,621,Part Two,TV Episode (ClassicWho),1984-03-09 00:00:00,Part Two,tv,,tv,,,0.0,no_match
DOCTORWHO.xlsx,DOCTORWHO,622,Part Three,TV Episode (ClassicWho),1984-03-15 00:00:00,Part Three,tv,,tv,,,0.0,no_match
DOCTORWHO.xlsx,DOCTORWHO,623,Part Four,TV Episode (ClassicWho),1984-03-16 00:00:00,Part Four,tv,,tv,,,0.0,no_match
DOCTORWHO.xlsx,DOCTORWHO,624,Part One,TV Episode (ClassicWho),1984-03-22 00:00:00,Part One,tv,,tv,,,0.0,no_match
DOCTORWHO.xlsx,DOCTORWHO,625,Part Two,TV Episode (ClassicWho),1984-03-23 00:00:00,Part Two,tv,,tv,,,0.0,no_match
DOCTORWHO.xlsx,DOCTORWHO,626,Part Three,TV Episode (ClassicWho),1984-03-29 00:00:00,Part Three,tv,,tv,,,0.0,no_match
DOCTORWHO.xlsx,DOCTORWHO,627,Part Four,TV Episode (ClassicWho),1984-03-30 00:00:00,Part Four,tv,,tv,,,0.0,no_match
DOCTORWHO.xlsx,DOCTORWHO,628,Part One,TV Episode (ClassicWho),1985-01-05 00:00:00,Part One,tv,,tv,,,0.0,no_match
DOCTORWHO.xlsx,DOCTORWHO,629,Part Two,TV Episode (ClassicWho),1985-01-12 00:00:00,Part Two,tv,,tv,,,0.0,no_match
DOCTORWHO.xlsx,DOCTORWHO,630,Part One,TV Episode (ClassicWho),1985-01-19 00:00:00,Part One,tv,,tv,,,0.0,no_match
DOCTORWHO.xlsx,DOCTORWHO,631,Part Two,TV Episode (ClassicWho),1985-01-26 00:00:00,Part Two,tv,,tv,,,0.0,no_match
DOCTORWHO.xlsx,DOCTORWHO,632,Part One,TV Episode (ClassicWho),1985-02-02 00:00:00,Part One,tv,,tv,,,0.0,no_match
DOCTORWHO.xlsx,DOCTORWHO,633,Part Two,TV Episode (ClassicWho),1985-02-09 00:00:00,Part Two,tv,,tv,,,0.0,no_match
DOCTORWHO.xlsx,DOCTORWHO,634,Part One,TV Episode (ClassicWho),1985-02-16 00:00:00,Part One,tv,,tv,,,0.0,no_match
DOCTORWHO.xlsx,DOCTORWHO,635,Part Two,TV Episode (ClassicWho),1985-02-23 00:00:00,Part Two,tv,,tv,,,0.0,no_match
DOCTORWHO.xlsx,DOCTORWHO,636,Part Three,TV Episode (ClassicWho),1985-03-02 00:00:00,Part Three,tv,,tv,,,0.0,no_match
DOCTORWHO.xlsx,DOCTORWHO,637,Part One,TV Episode (ClassicWho),1985-03-09 00:00:00,Part One,tv,,tv,,,0.0,no_match
DOCTORWHO.xlsx,DOCTORWHO,638,Part Two,TV Episode (ClassicWho),1985-03-16 00:00:00,Part Two,tv,,tv,,,0.0,no_match
DOCTORWHO.xlsx,DOCTORWHO,639,Part One,TV Episode (ClassicWho),1985-03-23 00:00:00,Part One,tv,,tv,,,0.0,no_match
DOCTORWHO.xlsx,DOCTORWHO,640,Part Two,TV Episode (ClassicWho),1985-03-30 00:00:00,Part Two,tv,,tv,,,0.0,no_match
DOCTORWHO.xlsx,DOCTORWHO,641,Part One,TV Episode (ClassicWho),1986-09-06 00:00:00,Part One,tv,,tv,,,0.0,no_match
DOCTORWHO.xlsx,DOCTORWHO,642,Part Two,TV Episode (ClassicWho),1986-09-13 00:00:00,Part Two,tv,,tv,,,0.0,no_match
DOCTORWHO.xlsx,DOCTORWHO,643,Part Three,TV Episode (ClassicWho),1986-09-20 00:00:00,Part Three,tv,,tv,,,0.0,no_match
DOCTORWHO.xlsx,DOCTORWHO,644,Part Four,TV Episode (ClassicWho),1986-09-27 00:00:00,Part Four,tv,,tv,,,0.0,no_match
DOCTORWHO.xlsx,DOCTORWHO,645,Part Five,TV Episode (ClassicWho),1986-10-04 00:00:00,Part Five,tv,,tv,,,0.0,no_match
DOCTORWHO.xlsx,DOCTORWHO,646,Part Six,TV Episode (ClassicWho),1986-10-11 00:00:00,Part Six,tv,,tv,,,0.0,no_match
DOCTORWHO.xlsx,DOCTORWHO,647,Part Seven,TV Episode (ClassicWho),1986-10-18 00:00:00,Part Seven,tv,,tv,,,0.0,no_match
DOCTORWHO.xlsx,DOCTORWHO,648,Part Eight,TV Episode (ClassicWho),1986-10-25 00:00:00,Part Eight,tv,,tv,,,0.0,no_match
DOCTORWHO.xlsx,DOCTORWHO,649,Part Nine,TV Episode (ClassicWho),1986-11-01 00:00:00,Part Nine,tv,,tv,,,0.0,no_match
DOCTORWHO.xlsx,DOCTORWHO,650,Part Ten,TV Episode (ClassicWho),1986-11-08 00:00:00,Part Ten,tv,,tv,,,0.0,no_match
DOCTORWHO.xlsx,DOCTORWHO,651,Part Eleven,TV Episode (ClassicWho),1986-11-15 00:00:00,Part Eleven,tv,,tv,,,0.0,no_match
DOCTORWHO.xlsx,DOCTORWHO,652,Part Twelve,TV Episode (ClassicWho),1986-11-22 00:00:00,Part Twelve,tv,,tv,,,0.0,no_match
DOCTORWHO.xlsx,DOCTORWHO,653,Part Thirteen,TV Episode (ClassicWho),1986-11-29 00:00:00,Part Thirteen,tv,,tv,,,0.0,no_match
DOCTORWHO.xlsx,DOCTORWHO,654,Part Fourteen,TV Episode (ClassicWho),1986-12-06 00:00:00,Part Fourteen,tv,,tv,,,0.0,no_match
DOCTORWHO.xlsx,DOCTORWHO,655,Part One,TV Episode (ClassicWho),1987-09-07 00:00:00,Part One,tv,,tv,,,0.0,no_match
DOCTORWHO.xlsx,DOCTORWHO,656,Part Two,TV Episode (ClassicWho),1987-09-14 00:00:00,Part Two,tv,,tv,,,0.0,no_match
DOCTORWHO.xlsx,DOCTORWHO,657,Part Three,TV Episode (ClassicWho),1987-09-21 00:00:00,Part Three,tv,,tv,,,0.0,no_match
DOCTORWHO.xlsx,DOCTORWHO,658,Part Four,TV Episode (ClassicWho),1987-09-28 00:00:00,Part Four,tv,,tv,,,0.0,no_match
DOCTORWHO.xlsx,DOCTORWHO,659,Part One,TV Episode (ClassicWho),1987-10-05 00:00:00,Part One,tv,,tv,,,0.0,no_match
DOCTORWHO.xlsx,DOCTORWHO,660,Part Two,TV Episode (ClassicWho),1987-10-12 00:00:00,Part Two,tv,,tv,,,0.0,no_match
DOCTORWHO.xlsx,DOCTORWHO,661,Part Three,TV Episode (ClassicWho),1987-10-19 00:00:00,Part Three,tv,,tv,,,0.0,no_match
DOCTORWHO.xlsx,DOCTORWHO,662,Part Four,TV Episode (ClassicWho),1987-10-26 00:00:00,Part Four,tv,,tv,,,0.0,no_match
DOCTORWHO.xlsx,DOCTORWHO,663,Part One,TV Episode (ClassicWho),1987-11-02 00:00:00,Part One,tv,,tv,,,0.0,no_match
DOCTORWHO.xlsx,DOCTORWHO,664,Part Two,TV Episode (ClassicWho),1987-11-09 00:00:00,Part Two,tv,,tv,,,0.0,no_match
DOCTORWHO.xlsx,DOCTORWHO,665,Part Three,TV Episode (ClassicWho),1987-11-16 00:00:00,Part Three,tv,,tv,,,0.0,no_match
DOCTORWHO.xlsx,DOCTORWHO,666,Part One,TV Episode (ClassicWho),1987-11-23 00:00:00,Part One,tv,,tv,,,0.0,no_match
DOCTORWHO.xlsx,DOCTORWHO,667,Part Two,TV Episode (ClassicWho),1987-11-30 00:00:00,Part Two,tv,,tv,,,0.0,no_match
DOCTORWHO.xlsx,DOCTORWHO,668,Part Three,TV Episode (ClassicWho),1987-12-07 00:00:00,Part Three,tv,,tv,,,0.0,no_match
DOCTORWHO.xlsx,DOCTORWHO,669,Part One,TV Episode (ClassicWho),1988-10-05 00:00:00,Part One,tv,,tv,,,0.0,no_match
DOCTORWHO.xlsx,DOCTORWHO,670,Part Two,TV Episode (ClassicWho),1988-10-12 00:00:00,Part Two,tv,,tv,,,0.0,no_match
DOCTORWHO.xlsx,DOCTORWHO,671,Part Three,TV Episode (ClassicWho),1988-10-19 00:00:00,Part Three,tv,,tv,,,0.0,no_match
DOCTORWHO.xlsx,DOCTORWHO,672,Part Four,TV Episode (ClassicWho),1988-10-26 00:00:00,Part Four,tv,,tv,,,0.0,no_match
DOCTORWHO.xlsx,DOCTORWHO,673,Part One,TV Episode (ClassicWho),1988-11-02 00:00:00,Part One,tv,,tv,,,0.0,no_match
DOCTORWHO.xlsx,DOCTORWHO,674,Part Two,TV Episode (ClassicWho),1988-11-09 00:00:00,Part Two,tv,,tv,,,0.0,no_match
DOCTORWHO.xlsx,DOCTORWHO,675,Part Three,TV Episode (ClassicWho),1988-11-16 00:00:00,Part Three,tv,,tv,,,0.0,no_match
DOCTORWHO.xlsx,DOCTORWHO,676,Part One,TV Episode (ClassicWho),1988-11-23 00:00:00,Part One,tv,,tv,,,0.0,no_match
DOCTORWHO.xlsx,DOCTORWHO,677,Part Two,TV Episode (ClassicWho),1988-11-30 00:00:00,Part Two,tv,,tv,,,0.0,no_match
DOCTORWHO.xlsx,DOCTORWHO,678,Part Three,TV Episode (ClassicWho),1988-12-07 00:00:00,Part Three,tv,,tv,,,0.0,no_match
DOCTORWHO.xlsx,DOCTORWHO,679,Part One,TV Episode (ClassicWho),1988-12-14 00:00:00,Part One,tv,,tv,,,0.0,no_match
DOCTORWHO.xlsx,DOCTORWHO,680,Part Two,TV Episode (ClassicWho),1988-12-21 00:00:00,Part Two,tv,,tv,,,0.0,no_match
DOCTORWHO.xlsx,DOCTORWHO,681,Part Three,TV Episode (ClassicWho),1988-12-28 00:00:00,Part Three,tv,,tv,,,0.0,no_match
DOCTORWHO.xlsx,DOCTORWHO,682,Part Four,TV Episode (ClassicWho),1989-01-04 00:00:00,Part Four,tv,,tv,,,0.0,no_match
DOCTORWHO.xlsx,DOCTORWHO,683,Part One,TV Episode (ClassicWho),1989-09-06 00:00:00,Part One,tv,57706,tv,Ranma ½,1989-04-15,0.4336,review
DOCTORWHO.xlsx,DOCTORWHO,684,Part Two,TV Episode (ClassicWho),1989-09-13 00:00:00,Part Two,tv,57706,tv,Ranma ½,1989-04-15,0.4336,review
DOCTORWHO.xlsx,DOCTORWHO,685,Part Three,TV Episode (ClassicWho),1989-09-20 00:00:00,Part Three,tv,,tv,,,0.0,no_match
DOCTORWHO.xlsx,DOCTORWHO,686,Part Four,TV Episode (ClassicWho),1989-09-27 00:00:00,Part Four,tv,,tv,,,0.0,no_match
DOCTORWHO.xlsx,DOCTORWHO,687,Part One,TV Episode (ClassicWho),1989-10-04 00:00:00,Part One,tv,57706,tv,Ranma ½,1989-04-15,0.4336,review
DOCTORWHO.xlsx,DOCTORWHO,688,Part Two,TV Episode (ClassicWho),1989-10-11 00:00:00,Part Two,tv,57706,tv,Ranma ½,1989-04-15,0.4336,review
DOCTORWHO.xlsx,DOCTORWHO,689,Part Three,TV Episode (ClassicWho),1989-10-18 00:00:00,Part Three,tv,,tv,,,0.0,no_match
DOCTORWHO.xlsx,DOCTORWHO,690,Part One,TV Episode (ClassicWho),1989-10-25 00:00:00,Part One,tv,57706,tv,Ranma ½,1989-04-15,0.4336,review
DOCTORWHO.xlsx,DOCTORWHO,691,Part Two,TV Episode (ClassicWho),1989-11-01 00:00:00,Part Two,tv,57706,tv,Ranma ½,1989-04-15,0.4336,review
DOCTORWHO.xlsx,DOCTORWHO,692,Part Three,TV Episode (ClassicWho),1989-11-08 00:00:00,Part Three,tv,,tv,,,0.0,no_match
DOCTORWHO.xlsx,DOCTORWHO,693,Part Four,TV Episode (ClassicWho),1989-11-15 00:00:00,Part Four,tv,,tv,,,0.0,no_match
DOCTORWHO.xlsx,DOCTORWHO,694,Part One,TV Episode (ClassicWho),1989-11-22 00:00:00,Part One,tv,57706,tv,Ranma ½,1989-04-15,0.4336,review
DOCTORWHO.xlsx,DOCTORWHO,695,Part Two,TV Episode (ClassicWho),1989-11-29 00:00:00,Part Two,tv,57706,tv,Ranma ½,1989-04-15,0.4336,review
DOCTORWHO.xlsx,DOCTORWHO,696,Part Three,TV Episode (ClassicWho),1989-12-06 00:00:00,Part Three,tv,,tv,,,0.0,no_match
DOCTORWHO.xlsx,DOCTORWHO,697,Doctor Who: The Movie,Movie,1996-05-12 00:00:00,Doctor Who: The Movie,movie,15691,movie,Doctor Who,1996-05-12,0.6956,matched
DOCTORWHO.xlsx,DOCTORWHO,698,Rose,TV Episode (NuWho),2005-03-26 00:00:00,Rose,tv,14057,tv,Green Rose,2005-03-19,0.6419,matched
DOCTORWHO.xlsx,DOCTORWHO,699,The End of the World,TV Episode (NuWho),2005-04-02 00:00:00,The End of the World,tv,122312,tv,Hunted to the End of the World,2005-10-11,0.8065,matched
DOCTORWHO.xlsx,DOCTORWHO,700,The Unquiet Dead,TV Episode (NuWho),2005-04-09 00:00:00,The Unquiet Dead,tv,,tv,,,0.0,no_match
DOCTORWHO.xlsx,DOCTORWHO,701,Aliens of London,TV Episode (NuWho),2005-04-16 00:00:00,Aliens of London,tv,,tv,,,0.0,no_match
DOCTORWHO.xlsx,DOCTORWHO,702,World War Three,TV Episode (NuWho),2005-04-23 00:00:00,World War Three,tv,,tv,,,0.0,no_match
DOCTORWHO.xlsx,DOCTORWHO,703,Dalek,TV Episode (NuWho),2005-04-30 00:00:00,Dalek,tv,,tv,,,0.0,no_match
DOCTORWHO.xlsx,DOCTORWHO,704,The Long Game,TV Episode (NuWho),2005-05-07 00:00:00,The Long Game,tv,,tv,,,0.0,no_match
DOCTORWHO.xlsx,DOCTORWHO,705,Father's Day,TV Episode (NuWho),2005-05-14 00:00:00,Father's Day,tv,,tv,,,0.0,no_match
DOCTORWHO.xlsx,DOCTORWHO,706,The Empty Child,TV Episode (NuWho),2005-05-21 00:00:00,The Empty Child,tv,,tv,,,0.0,no_match
DOCTORWHO.xlsx,DOCTORWHO,707,The Doctor Dances,TV Episode (NuWho),2005-05-28 00:00:00,The Doctor Dances,tv,,tv,,,0.0,no_match
DOCTORWHO.xlsx,DOCTORWHO,708,Boom Town,TV Episode (NuWho),2005-06-04 00:00:00,Boom Town,tv,,tv,,,0.0,no_match
DOCTORWHO.xlsx,DOCTORWHO,709,Bad Wolf,TV Episode (NuWho),2005-06-11 00:00:00,Bad Wolf,tv,,tv,,,0.0,no_match
DOCTORWHO.xlsx,DOCTORWHO,710,The Parting of the Ways,TV Episode (NuWho),2005-06-18 00:00:00,The Parting of the Ways,tv,,tv,,,0.0,no_match
DOCTORWHO.xlsx,DOCTORWHO,711,Doctor Who: The Christmas Invasion,TV Special (NuWho),2005-12-25 00:00:00,Doctor Who: The Christmas Invasion,tv,,tv,,,0.0,no_match
DOCTORWHO.xlsx,DOCTORWHO,712,New Earth,TV Episode (NuWho),2006-04-15 00:00:00,New Earth,tv,,tv,,,0.0,no_match
DOCTORWHO.xlsx,DOCTORWHO,713,Tooth and Claw,TV Episode (NuWho),2006-04-22 00:00:00,Tooth and Claw,tv,,tv,,,0.0,no_match
DOCTORWHO.xlsx,DOCTORWHO,714,School Reunion,TV Episode (NuWho),2006-04-29 00:00:00,School Reunion,tv,,tv,,,0.0,no_match
DOCTORWHO.xlsx,DOCTORWHO,715,The Girl in the Fireplace,TV Episode (NuWho),2006-05-06 00:00:00,The Girl in the Fireplace,tv,,tv,,,0.0,no_match
DOCTORWHO.xlsx,DOCTORWHO,716,Rise of the Cybermen,TV Episode (NuWho),2006-05-13 00:00:00,Rise of the Cybermen,tv,,tv,,,0.0,no_match
DOCTORWHO.xlsx,DOCTORWHO,717,The Age of Steel,TV Episode (NuWho),2006-05-20 00:00:00,The Age of Steel,tv,,tv,,,0.0,no_match
DOCTORWHO.xlsx,DOCTORWHO,718,The Idiot's Lantern,TV Episode (NuWho),2006-05-27 00:00:00,The Idiot's Lantern,tv,,tv,,,0.0,no_match
DOCTORWHO.xlsx,DOCTORWHO,719,The Impossible Planet,TV Episode (NuWho),2006-06-03 00:00:00,The Impossible Planet,tv,,tv,,,0.0,no_match
DOCTORWHO.xlsx,DOCTORWHO,720,The Satan Pit,TV Episode (NuWho),2006-06-10 00:00:00,The Satan Pit,tv,,tv,,,0.0,no_match
DOCTORWHO.xlsx,DOCTORWHO,721,Love & Monsters,TV Episode (NuWho),2006-06-17 00:00:00,Love & Monsters,tv,,tv,,,0.0,no_match
DOCTORWHO.xlsx,DOCTORWHO,722,Fear Her,TV Episode (NuWho),2006-06-24 00:00:00,Fear Her,tv,,tv,,,0.0,no_match
DOCTORWHO.xlsx,DOCTORWHO,723,Army of Ghosts,TV Episode (NuWho),2006-07-01 00:00:00,Army of Ghosts,tv,,tv,,,0.0,no_match
DOCTORWHO.xlsx,DOCTORWHO,724,Doomsday,TV Episode (NuWho),2006-07-08 00:00:00,Doomsday,tv,,tv,,,0.0,no_match
DOCTORWHO.xlsx,DOCTORWHO,725,Everything Changes,TV Episode (Spinoff),2006-10-22 00:00:00,Everything Changes,tv,,tv,,,0.0,no_match
DOCTORWHO.xlsx,DOCTORWHO,726,Day One,TV Episode (Spinoff),2006-10-22 00:00:00,Day One,tv,5711,tv,One Fine Day,2006-05-31,0.4579,review
DOCTORWHO.xlsx,DOCTORWHO,727,Ghost Machine,TV Episode (Spinoff),2006-10-29 00:00:00,Ghost Machine,tv,,tv,,,0.0,no_match
DOCTORWHO.xlsx,DOCTORWHO,728,Cyberwoman,TV Episode (Spinoff),2006-11-05 00:00:00,Cyberwoman,tv,,tv,,,0.0,no_match
DOCTORWHO.xlsx,DOCTORWHO,729,Small Worlds,TV Episode (Spinoff),2006-11-12 00:00:00,Small Worlds,tv,,tv,,,0.0,no_match
DOCTORWHO.xlsx,DOCTORWHO,730,Countrycide,TV Episode (Spinoff),2006-11-19 00:00:00,Countrycide,tv,,tv,,,0.0,no_match
DOCTORWHO.xlsx,DOCTORWHO,731,Greeks Bearing Gifts,TV Episode (Spinoff),2006-11-26 00:00:00,Greeks Bearing Gifts,tv,,tv,,,0.0,no_match
DOCTORWHO.xlsx,DOCTORWHO,732,They Keep Killing Suzie,TV Episode (Spinoff),2006-12-03 00:00:00,They Keep Killing Suzie,tv,,tv,,,0.0,no_match
DOCTORWHO.xlsx,DOCTORWHO,733,Random Shoes,TV Episode (Spinoff),2006-12-10 00:00:00,Random Shoes,tv,,tv,,,0.0,no_match
DOCTORWHO.xlsx,DOCTORWHO,734,Out of Time,TV Episode (Spinoff),2006-12-17 00:00:00,Out of Time,tv,,tv,,,0.0,no_match
DOCTORWHO.xlsx,DOCTORWHO,735,Combat,TV Episode (Spinoff),2006-12-24 00:00:00,Combat,tv,42822,tv,"Karol: The Pope, The Man",2006-05-10,0.3745,review
DOCTORWHO.xlsx,DOCTORWHO,736,Doctor Who: The Runaway Bride,TV Special (NuWho),2006-12-25 00:00:00,Doctor Who: The Runaway Bride,tv,,tv,,,0.0,no_match
DOCTORWHO.xlsx,DOCTORWHO,737,Captain Jack Harkness,TV Episode (Spinoff),2007-01-01 00:00:00,Captain Jack Harkness,tv,,tv,,,0.0,no_match
DOCTORWHO.xlsx,DOCTORWHO,738,End of Days,TV Episode (Spinoff),2007-01-01 00:00:00,End of Days,tv,,tv,,,0.0,no_match
DOCTORWHO.xlsx,DOCTORWHO,739,Smith and Jones,TV Episode (NuWho),2007-03-31 00:00:00,Smith and Jones,tv,,tv,,,0.0,no_match
DOCTORWHO.xlsx,DOCTORWHO,740,The Shakespeare Code,TV Episode (NuWho),2007-04-07 00:00:00,The Shakespeare Code,tv,,tv,,,0.0,no_match
DOCTORWHO.xlsx,DOCTORWHO,741,Gridlock,TV Episode (NuWho),2007-04-14 00:00:00,Gridlock,tv,,tv,,,0.0,no_match
DOCTORWHO.xlsx,DOCTORWHO,742,Daleks in Manhattan,TV Episode (NuWho),2007-04-21 00:00:00,Daleks in Manhattan,tv,,tv,,,0.0,no_match
DOCTORWHO.xlsx,DOCTORWHO,743,Evolution of the Daleks,TV Episode (NuWho),2007-04-28 00:00:00,Evolution of the Daleks,tv,,tv,,,0.0,no_match
DOCTORWHO.xlsx,DOCTORWHO,744,The Lazarus Experiment,TV Episode (NuWho),2007-05-05 00:00:00,The Lazarus Experiment,tv,,tv,,,0.0,no_match
DOCTORWHO.xlsx,DOCTORWHO,745,42,TV Episode (NuWho),2007-05-19 00:00:00,42,tv,128218,tv,420,2007-11-30,0.8066,matched
DOCTORWHO.xlsx,DOCTORWHO,746,Human Nature,TV Episode (NuWho),2007-05-26 00:00:00,Human Nature,tv,,tv,,,0.0,no_match
DOCTORWHO.xlsx,DOCTORWHO,747,The Family of Blood,TV Episode (NuWho),2007-06-02 00:00:00,The Family of Blood,tv,,tv,,,0.0,no_match
DOCTORWHO.xlsx,DOCTORWHO,748,Blink,TV Episode (NuWho),2007-06-09 00:00:00,Blink,tv,,tv,,,0.0,no_match
DOCTORWHO.xlsx,DOCTORWHO,749,Utopia,TV Episode (NuWho),2007-06-16 00:00:00,Utopia,tv,73842,tv,Manabi Straight!,2007-01-08,0.3617,review
DOCTORWHO.xlsx,DOCTORWHO,750,The Sound of Drums,TV Episode (NuWho),2007-06-23 00:00:00,The Sound of Drums,tv,,tv,,,0.0,no_match
DOCTORWHO.xlsx,DOCTORWHO,751,Last of the Time Lords,TV Episode (NuWho),2007-06-30 00:00:00,Last of the Time Lords,tv,,tv,,,0.0,no_match
DOCTORWHO.xlsx,DOCTORWHO,752,Revenge of the Slitheen: Part One,TV Episode (Spinoff),2007-09-24 00:00:00,Revenge of the Slitheen: Part One,tv,,tv,,,0.0,no_match
DOCTORWHO.xlsx,DOCTORWHO,753,Revenge of the Slitheen: Part Two,TV Episode (Spinoff),2007-09-24 00:00:00,Revenge of the Slitheen: Part Two,tv,,tv,,,0.0,no_match
DOCTORWHO.xlsx,DOCTORWHO,754,Eye of the Gorgon: Part One,TV Episode (Spinoff),2007-10-01 00:00:00,Eye of the Gorgon: Part One,tv,,tv,,,0.0,no_match
DOCTORWHO.xlsx,DOCTORWHO,755,Eye of the Gorgon: Part Two,TV Episode (Spinoff),2007-10-01 00:00:00,Eye of the Gorgon: Part Two,tv,,tv,,,0.0,no_match
DOCTORWHO.xlsx,DOCTORWHO,756,Warriors of Kudlak: Part One,TV Episode (Spinoff),2007-10-08 00:00:00,Warriors of Kudlak: Part One,tv,,tv,,,0.0,no_match
DOCTORWHO.xlsx,DOCTORWHO,757,Warriors of Kudlak: Part Two,TV Episode (Spinoff),2007-10-08 00:00:00,Warriors of Kudlak: Part Two,tv,,tv,,,0.0,no_match
DOCTORWHO.xlsx,DOCTORWHO,758,Whatever Happened to Sarah Jane?: Part One,TV Episode (Spinoff),2007-10-29 00:00:00,Whatever Happened to Sarah Jane?: Part One,tv,,tv,,,0.0,no_match
DOCTORWHO.xlsx,DOCTORWHO,759,Whatever Happened to Sarah Jane?: Part Two,TV Episode (Spinoff),2007-11-05 00:00:00,Whatever Happened to Sarah Jane?: Part Two,tv,,tv,,,0.0,no_match
DOCTORWHO.xlsx,DOCTORWHO,760,The Lost Boy: Part One,TV Episode (Spinoff),2007-11-12 00:00:00,The Lost Boy: Part One,tv,,tv,,,0.0,no_match
DOCTORWHO.xlsx,DOCTORWHO,761,The Lost Boy: Part Two,TV Episode (Spinoff),2007-11-19 00:00:00,The Lost Boy: Part Two,tv,,tv,,,0.0,no_match
DOCTORWHO.xlsx,DOCTORWHO,762,Doctor Who: Voyage of the Damned,TV Special (NuWho),2007-12-25 00:00:00,Doctor Who: Voyage of the Damned,tv,,tv,,,0.0,no_match
DOCTORWHO.xlsx,DOCTORWHO,763,Sleeper,TV Episode (Spinoff),2008-01-23 00:00:00,Sleeper,tv,,tv,,,0.0,no_match
DOCTORWHO.xlsx,DOCTORWHO,764,"Kiss Kiss, Bang Bang",TV Episode (Spinoff),2008-01-26 00:00:00,"Kiss Kiss, Bang Bang",tv,,tv,,,0.0,no_match
DOCTORWHO.xlsx,DOCTORWHO,765,To the Last Man,TV Episode (Spinoff),2008-01-30 00:00:00,To the Last Man,tv,,tv,,,0.0,no_match
DOCTORWHO.xlsx,DOCTORWHO,766,Meat,TV Episode (Spinoff),2008-02-06 00:00:00,Meat,tv,,tv,,,0.0,no_match
DOCTORWHO.xlsx,DOCTORWHO,767,Adam,TV Episode (Spinoff),2008-02-13 00:00:00,Adam,tv,15114,tv,John Adams,2008-03-16,0.6436,matched
DOCTORWHO.xlsx,DOCTORWHO,768,Reset,TV Episode (Spinoff),2008-02-13 00:00:00,Reset,tv,,tv,,,0.0,no_match
DOCTORWHO.xlsx,DOCTORWHO,769,Dead Man Walking,TV Episode (Spinoff),2008-02-20 00:00:00,Dead Man Walking,tv,,tv,,,0.0,no_match
DOCTORWHO.xlsx,DOCTORWHO,770,A Day in the Death,TV Episode (Spinoff),2008-02-27 00:00:00,A Day in the Death,tv,,tv,,,0.0,no_match
DOCTORWHO.xlsx,DOCTORWHO,771,Something Borrowed,TV Episode (Spinoff),2008-03-05 00:00:00,Something Borrowed,tv,,tv,,,0.0,no_match
DOCTORWHO.xlsx,DOCTORWHO,772,From Out of the Rain,TV Episode (Spinoff),2008-03-12 00:00:00,From Out of the Rain,tv,,tv,,,0.0,no_match
DOCTORWHO.xlsx,DOCTORWHO,773,Adrift,TV Episode (Spinoff),2008-03-19 00:00:00,Adrift,tv,,tv,,,0.0,no_match
DOCTORWHO.xlsx,DOCTORWHO,774,Fragments,TV Episode (Spinoff),2008-03-21 00:00:00,Fragments,tv,,tv,,,0.0,no_match
DOCTORWHO.xlsx,DOCTORWHO,775,Exit Wounds,TV Episode (Spinoff),2008-04-04 00:00:00,Exit Wounds,tv,,tv,,,0.0,no_match
DOCTORWHO.xlsx,DOCTORWHO,776,Partners in Crime,TV Episode (NuWho),2008-04-05 00:00:00,Partners in Crime,tv,,tv,,,0.0,no_match
DOCTORWHO.xlsx,DOCTORWHO,777,Invasion of the Bane,TV Episode (Spinoff),2008-04-11 00:00:00,Invasion of the Bane,tv,,tv,,,0.0,no_match
DOCTORWHO.xlsx,DOCTORWHO,778,The Fires of Pompeii,TV Episode (NuWho),2008-04-12 00:00:00,The Fires of Pompeii,tv,,tv,,,0.0,no_match
DOCTORWHO.xlsx,DOCTORWHO,779,Planet of the Ood,TV Episode (NuWho),2008-04-19 00:00:00,Planet of the Ood,tv,,tv,,,0.0,no_match
DOCTORWHO.xlsx,DOCTORWHO,780,The Sontaran Stratagem,TV Episode (NuWho),2008-04-26 00:00:00,The Sontaran Stratagem,tv,,tv,,,0.0,no_match
DOCTORWHO.xlsx,DOCTORWHO,781,The Poison Sky,TV Episode (NuWho),2008-05-03 00:00:00,The Poison Sky,tv,,tv,,,0.0,no_match
DOCTORWHO.xlsx,DOCTORWHO,782,The Doctor's Daughter,TV Episode (NuWho),2008-05-10 00:00:00,The Doctor's Daughter,tv,,tv,,,0.0,no_match
DOCTORWHO.xlsx,DOCTORWHO,783,The Unicorn and the Wasp,TV Episode (NuWho),2008-05-17 00:00:00,The Unicorn and the Wasp,tv,,tv,,,0.0,no_match
DOCTORWHO.xlsx,DOCTORWHO,784,Silence in the Library,TV Episode (NuWho),2008-05-31 00:00:00,Silence in the Library,tv,,tv,,,0.0,no_match
DOCTORWHO.xlsx,DOCTORWHO,785,Forest of the Dead,TV Episode (NuWho),2008-06-07 00:00:00,Forest of the Dead,tv,,tv,,,0.0,no_match
DOCTORWHO.xlsx,DOCTORWHO,786,Midnight,TV Episode (NuWho),2008-06-14 00:00:00,Midnight,tv,17573,tv,Midnight DJ,2008-08-11,0.8368,matched
DOCTORWHO.xlsx,DOCTORWHO,787,Turn Left,TV Episode (NuWho),2008-06-21 00:00:00,Turn Left,tv,,tv,,,0.0,no_match
DOCTORWHO.xlsx,DOCTORWHO,788,The Stolen Earth,TV Episode (NuWho),2008-06-28 00:00:00,The Stolen Earth,tv,,tv,,,0.0,no_match
DOCTORWHO.xlsx,DOCTORWHO,789,Journey's End,TV Episode (NuWho),2008-07-05 00:00:00,Journey's End,tv,,tv,,,0.0,no_match
DOCTORWHO.xlsx,DOCTORWHO,790,The Last Sontaran: Part One,TV Episode (Spinoff),2008-09-29 00:00:00,The Last Sontaran: Part One,tv,,tv,,,0.0,no_match
DOCTORWHO.xlsx,DOCTORWHO,791,The Last Sontaran: Part Two,TV Episode (Spinoff),2008-09-29 00:00:00,The Last Sontaran: Part Two,tv,,tv,,,0.0,no_match
DOCTORWHO.xlsx,DOCTORWHO,792,The Day of the Clown: Part One,TV Episode (Spinoff),2008-10-06 00:00:00,The Day of the Clown: Part One,tv,,tv,,,0.0,no_match
DOCTORWHO.xlsx,DOCTORWHO,793,The Day of the Clown: Part Two,TV Episode (Spinoff),2008-10-13 00:00:00,The Day of the Clown: Part Two,tv,,tv,,,0.0,no_match
DOCTORWHO.xlsx,DOCTORWHO,794,Secrets of the Stars: Part One,TV Episode (Spinoff),2008-10-20 00:00:00,Secrets of the Stars: Part One,tv,,tv,,,0.0,no_match
DOCTORWHO.xlsx,DOCTORWHO,795,Secrets of the Stars: Part Two,TV Episode (Spinoff),2008-10-27 00:00:00,Secrets of the Stars: Part Two,tv,,tv,,,0.0,no_match
DOCTORWHO.xlsx,DOCTORWHO,796,The Mark of the Berserker: Part One,TV Episode (Spinoff),2008-11-03 00:00:00,The Mark of the Berserker: Part One,tv,,tv,,,0.0,no_match
DOCTORWHO.xlsx,DOCTORWHO,797,The Mark of the Berserker: Part Two,TV Episode (Spinoff),2008-11-10 00:00:00,The Mark of the Berserker: Part Two,tv,,tv,,,0.0,no_match
DOCTORWHO.xlsx,DOCTORWHO,798,The Temptation of Sarah Jane Smith: Part One,TV Episode (Spinoff),2008-11-17 00:00:00,The Temptation of Sarah Jane Smith: Part One,tv,,tv,,,0.0,no_match
DOCTORWHO.xlsx,DOCTORWHO,799,The Temptation of Sarah Jane Smith: Part Two,TV Episode (Spinoff),2008-11-24 00:00:00,The Temptation of Sarah Jane Smith: Part Two,tv,,tv,,,0.0,no_match
DOCTORWHO.xlsx,DOCTORWHO,800,Enemy of the Bane: Part One,TV Episode (Spinoff),2008-12-01 00:00:00,Enemy of the Bane: Part One,tv,,tv,,,0.0,no_match
DOCTORWHO.xlsx,DOCTORWHO,801,Enemy of the Bane: Part Two,TV Episode (Spinoff),2008-12-08 00:00:00,Enemy of the Bane: Part Two,tv,,tv,,,0.0,no_match
DOCTORWHO.xlsx,DOCTORWHO,802,Doctor Who: The Next Doctor,TV Special (NuWho),2008-12-25 00:00:00,Doctor Who: The Next Doctor,tv,,tv,,,0.0,no_match
DOCTORWHO.xlsx,DOCTORWHO,803,From Raxacoricofallapatorius with Love,TV Episode (Spinoff),2009-03-13 00:00:00,From Raxacoricofallapatorius with Love,tv,,tv,,,0.0,no_match
DOCTORWHO.xlsx,DOCTORWHO,804,Doctor Who: Planet of the Dead,TV Special (NuWho),2009-04-11 00:00:00,Doctor Who: Planet of the Dead,tv,,tv,,,0.0,no_match
DOCTORWHO.xlsx,DOCTORWHO,805,Children of Earth: Day One,TV Episode (Spinoff),2009-07-20 00:00:00,Children of Earth: Day One,tv,,tv,,,0.0,no_match
DOCTORWHO.xlsx,DOCTORWHO,806,Children of Earth: Day Two,TV Episode (Spinoff),2009-07-21 00:00:00,Children of Earth: Day Two,tv,,tv,,,0.0,no_match
DOCTORWHO.xlsx,DOCTORWHO,807,Children of Earth: Day Three,TV Episode (Spinoff),2009-07-22 00:00:00,Children of Earth: Day Three,tv,,tv,,,0.0,no_match
DOCTORWHO.xlsx,DOCTORWHO,808,Children of Earth: Day Four,TV Episode (Spinoff),2009-07-23 00:00:00,Children of Earth: Day Four,tv,,tv,,,0.0,no_match
DOCTORWHO.xlsx,DOCTORWHO,809,Children of Earth: Day Five,TV Episode (Spinoff),2009-07-24 00:00:00,Children of Earth: Day Five,tv,,tv,,,0.0,no_match
DOCTORWHO.xlsx,DOCTORWHO,810,Prisoner of the Judoon: Part One,TV Episode (Spinoff),2009-10-15 00:00:00,Prisoner of the Judoon: Part One,tv,,tv,,,0.0,no_match
DOCTORWHO.xlsx,DOCTORWHO,811,Prisoner of the Judoon: Part Two,TV Episode (Spinoff),2009-10-16 00:00:00,Prisoner of the Judoon: Part Two,tv,,tv,,,0.0,no_match
DOCTORWHO.xlsx,DOCTORWHO,812,The Mad Woman in the Attic: Part One,TV Episode (Spinoff),2009-10-22 00:00:00,The Mad Woman in the Attic: Part One,tv,,tv,,,0.0,no_match
DOCTORWHO.xlsx,DOCTORWHO,813,The Mad Woman in the Attic: Part Two,TV Episode (Spinoff),2009-10-23 00:00:00,The Mad Woman in the Attic: Part Two,tv,,tv,,,0.0,no_match
DOCTORWHO.xlsx,DOCTORWHO,814,The Wedding of Sarah Jane Smith: Part One,TV Episode (Spinoff),2009-10-29 00:00:00,The Wedding of Sarah Jane Smith: Part One,tv,,tv,,,0.0,no_match
DOCTORWHO.xlsx,DOCTORWHO,815,The Wedding of Sarah Jane Smith: Part Two,TV Episode (Spinoff),2009-10-30 00:00:00,The Wedding of Sarah Jane Smith: Part Two,tv,,tv,,,0.0,no_match
DOCTORWHO.xlsx,DOCTORWHO,816,The Eternity Trap: Part One,TV Episode (Spinoff),2009-11-05 00:00:00,The Eternity Trap: Part One,tv,,tv,,,0.0,no_match
DOCTORWHO.xlsx,DOCTORWHO,817,The Eternity Trap: Part Two,TV Episode (Spinoff),2009-11-06 00:00:00,The Eternity Trap: Part Two,tv,,tv,,,0.0,no_match
DOCTORWHO.xlsx,DOCTORWHO,818,Mona Lisa's Revenge: Part One,TV Episode (Spinoff),2009-11-12 00:00:00,Mona Lisa's Revenge: Part One,tv,,tv,,,0.0,no_match
DOCTORWHO.xlsx,DOCTORWHO,819,Mona Lisa's Revenge: Part Two,TV Episode (Spinoff),2009-11-13 00:00:00,Mona Lisa's Revenge: Part Two,tv,,tv,,,0.0,no_match
DOCTORWHO.xlsx,DOCTORWHO,820,Doctor Who: The Waters of Mars,TV Special (NuWho),2009-11-15 00:00:00,Doctor Who: The Waters of Mars,tv,,tv,,,0.0,no_match
DOCTORWHO.xlsx,DOCTORWHO,821,The Gift: Part One,TV Episode (Spinoff),2009-11-19 00:00:00,The Gift: Part One,tv,,tv,,,0.0,no_match
DOCTORWHO.xlsx,DOCTORWHO,822,The Gift: Part Two,TV Episode (Spinoff),2009-11-20 00:00:00,The Gift: Part Two,tv,,tv,,,0.0,no_match
DOCTORWHO.xlsx,DOCTORWHO,823,"Doctor Who: The End of Time, Part One",TV Special (NuWho),2009-12-25 00:00:00,"Doctor Who: The End of Time, Part One",tv,,tv,,,0.0,no_match
DOCTORWHO.xlsx,DOCTORWHO,824,"Doctor Who: The End of Time, Part Two",TV Special (NuWho),2010-01-01 00:00:00,"Doctor Who: The End of Time, Part Two",tv,,tv,,,0.0,no_match
DOCTORWHO.xlsx,DOCTORWHO,825,The Eleventh Hour,TV Episode (NuWho),2010-04-03 00:00:00,The Eleventh Hour,tv,,tv,,,0.0,no_match
DOCTORWHO.xlsx,DOCTORWHO,826,The Beast Below,TV Episode (NuWho),2010-04-10 00:00:00,The Beast Below,tv,,tv,,,0.0,no_match
DOCTORWHO.xlsx,DOCTORWHO,827,Victory of the Daleks,TV Episode (NuWho),2010-04-17 00:00:00,Victory of the Daleks,tv,,tv,,,0.0,no_match
DOCTORWHO.xlsx,DOCTORWHO,828,The Time of Angels,TV Episode (NuWho),2010-04-24 00:00:00,The Time of Angels,tv,,tv,,,0.0,no_match
DOCTORWHO.xlsx,DOCTORWHO,829,Flesh and Stone,TV Episode (NuWho),2010-05-01 00:00:00,Flesh and Stone,tv,,tv,,,0.0,no_match
DOCTORWHO.xlsx,DOCTORWHO,830,The Vampires of Venice,TV Episode (NuWho),2010-05-08 00:00:00,The Vampires of Venice,tv,,tv,,,0.0,no_match
DOCTORWHO.xlsx,DOCTORWHO,831,Amy's Choice,TV Episode (NuWho),2010-05-15 00:00:00,Amy's Choice,tv,,tv,,,0.0,no_match
DOCTORWHO.xlsx,DOCTORWHO,832,The Hungry Earth,TV Episode (NuWho),2010-05-22 00:00:00,The Hungry Earth,tv,,tv,,,0.0,no_match
DOCTORWHO.xlsx,DOCTORWHO,833,Cold Blood,TV Episode (NuWho),2010-05-29 00:00:00,Cold Blood,tv,,tv,,,0.0,no_match
DOCTORWHO.xlsx,DOCTORWHO,834,Vincent and the Doctor,TV Episode (NuWho),2010-06-05 00:00:00,Vincent and the Doctor,tv,,tv,,,0.0,no_match
DOCTORWHO.xlsx,DOCTORWHO,835,The Lodger,TV Episode (NuWho),2010-06-12 00:00:00,The Lodger,tv,,tv,,,0.0,no_match
DOCTORWHO.xlsx,DOCTORWHO,836,The Pandorica Opens,TV Episode (NuWho),2010-06-19 00:00:00,The Pandorica Opens,tv,,tv,,,0.0,no_match
DOCTORWHO.xlsx,DOCTORWHO,837,The Big Bang,TV Episode (NuWho),2010-06-26 00:00:00,The Big Bang,tv,,tv,,,0.0,no_match
DOCTORWHO.xlsx,DOCTORWHO,838,The Nightmare Man: Part One,TV Episode (Spinoff),2010-10-11 00:00:00,The Nightmare Man: Part One,tv,,tv,,,0.0,no_match
DOCTORWHO.xlsx,DOCTORWHO,839,The Nightmare Man: Part Two,TV Episode (Spinoff),2010-10-12 00:00:00,The Nightmare Man: Part Two,tv,,tv,,,0.0,no_match
DOCTORWHO.xlsx,DOCTORWHO,840,The Vault of Secrets: Part One,TV Episode (Spinoff),2010-10-18 00:00:00,The Vault of Secrets: Part One,tv,,tv,,,0.0,no_match
DOCTORWHO.xlsx,DOCTORWHO,841,The Vault of Secrets: Part Two,TV Episode (Spinoff),2010-10-19 00:00:00,The Vault of Secrets: Part Two,tv,,tv,,,0.0,no_match
DOCTORWHO.xlsx,DOCTORWHO,842,Death of the Doctor: Part One,TV Episode (Spinoff),2010-10-25 00:00:00,Death of the Doctor: Part One,tv,,tv,,,0.0,no_match
DOCTORWHO.xlsx,DOCTORWHO,843,Death of the Doctor: Part Two,TV Episode (Spinoff),2010-10-26 00:00:00,Death of the Doctor: Part Two,tv,,tv,,,0.0,no_match
DOCTORWHO.xlsx,DOCTORWHO,844,The Empty Planet: Part One,TV Episode (Spinoff),2010-11-01 00:00:00,The Empty Planet: Part One,tv,,tv,,,0.0,no_match
DOCTORWHO.xlsx,DOCTORWHO,845,The Empty Planet: Part Two,TV Episode (Spinoff),2010-11-02 00:00:00,The Empty Planet: Part Two,tv,,tv,,,0.0,no_match
DOCTORWHO.xlsx,DOCTORWHO,846,Lost in Time: Part One,TV Episode (Spinoff),2010-11-08 00:00:00,Lost in Time: Part One,tv,,tv,,,0.0,no_match
DOCTORWHO.xlsx,DOCTORWHO,847,Lost in Time: Part Two,TV Episode (Spinoff),2010-11-09 00:00:00,Lost in Time: Part Two,tv,,tv,,,0.0,no_match
DOCTORWHO.xlsx,DOCTORWHO,848,"Goodbye, Sarah Jane Smith: Part One",TV Episode (Spinoff),2010-11-15 00:00:00,"Goodbye, Sarah Jane Smith: Part One",tv,,tv,,,0.0,no_match
DOCTORWHO.xlsx,DOCTORWHO,849,"Goodbye, Sarah Jane Smith: Part Two",TV Episode (Spinoff),2010-11-16 00:00:00,"Goodbye, Sarah Jane Smith: Part Two",tv,,tv,,,0.0,no_match
DOCTORWHO.xlsx,DOCTORWHO,850,Doctor Who: A Christmas Carol,TV Special (NuWho),2010-12-25 00:00:00,Doctor Who: A Christmas Carol,tv,,tv,,,0.0,no_match
DOCTORWHO.xlsx,DOCTORWHO,851,The Impossible Astronaut,TV Episode (NuWho),2011-04-23 00:00:00,The Impossible Astronaut,tv,,tv,,,0.0,no_match
DOCTORWHO.xlsx,DOCTORWHO,852,Day of the Moon,TV Episode (NuWho),2011-04-30 00:00:00,Day of the Moon,tv,,tv,,,0.0,no_match
DOCTORWHO.xlsx,DOCTORWHO,853,The Curse of the Black Spot,TV Episode (NuWho),2011-05-07 00:00:00,The Curse of the Black Spot,tv,,tv,,,0.0,no_match
DOCTORWHO.xlsx,DOCTORWHO,854,The Doctor's Wife,TV Episode (NuWho),2011-05-14 00:00:00,The Doctor's Wife,tv,,tv,,,0.0,no_match
DOCTORWHO.xlsx,DOCTORWHO,855,The Rebel Flesh,TV Episode (NuWho),2011-05-21 00:00:00,The Rebel Flesh,tv,,tv,,,0.0,no_match
DOCTORWHO.xlsx,DOCTORWHO,856,The Almost People,TV Episode (NuWho),2011-05-28 00:00:00,The Almost People,tv,,tv,,,0.0,no_match
DOCTORWHO.xlsx,DOCTORWHO,857,A Good Man Goes to War,TV Episode (NuWho),2011-06-04 00:00:00,A Good Man Goes to War,tv,,tv,,,0.0,no_match
DOCTORWHO.xlsx,DOCTORWHO,858,Miracle Day: The New World,TV Episode (Spinoff),2011-07-08 00:00:00,Miracle Day: The New World,tv,,tv,,,0.0,no_match
DOCTORWHO.xlsx,DOCTORWHO,859,Miracle Day: Rendition,TV Episode (Spinoff),2011-07-15 00:00:00,Miracle Day: Rendition,tv,,tv,,,0.0,no_match
DOCTORWHO.xlsx,DOCTORWHO,860,Miracle Day: Dead of Night,TV Episode (Spinoff),2011-07-22 00:00:00,Miracle Day: Dead of Night,tv,,tv,,,0.0,no_match
DOCTORWHO.xlsx,DOCTORWHO,861,Miracle Day: Escape to LA,TV Episode (Spinoff),2011-07-29 00:00:00,Miracle Day: Escape to LA,tv,,tv,,,0.0,no_match
DOCTORWHO.xlsx,DOCTORWHO,862,Miracle Day: The Categories of Life,TV Episode (Spinoff),2011-08-05 00:00:00,Miracle Day: The Categories of Life,tv,,tv,,,0.0,no_match
DOCTORWHO.xlsx,DOCTORWHO,863,Miracle Day: The Middle Men,TV Episode (Spinoff),2011-08-12 00:00:00,Miracle Day: The Middle Men,tv,,tv,,,0.0,no_match
DOCTORWHO.xlsx,DOCTORWHO,864,Miracle Day: Immortal Sins,TV Episode (Spinoff),2011-08-19 00:00:00,Miracle Day: Immortal Sins,tv,,tv,,,0.0,no_match
DOCTORWHO.xlsx,DOCTORWHO,865,Miracle Day: End of the Road,TV Episode (Spinoff),2011-08-26 00:00:00,Miracle Day: End of the Road,tv,,tv,,,0.0,no_match
DOCTORWHO.xlsx,DOCTORWHO,866,Let's Kill Hitler,TV Episode (NuWho),2011-08-27 00:00:00,Let's Kill Hitler,tv,,tv,,,0.0,no_match
DOCTORWHO.xlsx,DOCTORWHO,867,Miracle Day: The Gathering,TV Episode (Spinoff),2011-09-02 00:00:00,Miracle Day: The Gathering,tv,,tv,,,0.0,no_match
DOCTORWHO.xlsx,DOCTORWHO,868,Night Terrors,TV Episode (NuWho),2011-09-03 00:00:00,Night Terrors,tv,,tv,,,0.0,no_match
DOCTORWHO.xlsx,DOCTORWHO,869,Miracle Day: The Blood Line,TV Episode (Spinoff),2011-09-09 00:00:00,Miracle Day: The Blood Line,tv,,tv,,,0.0,no_match
DOCTORWHO.xlsx,DOCTORWHO,870,The Girl Who Waited,TV Episode (NuWho),2011-09-10 00:00:00,The Girl Who Waited,tv,,tv,,,0.0,no_match
DOCTORWHO.xlsx,DOCTORWHO,871,The God Complex,TV Episode (NuWho),2011-09-17 00:00:00,The God Complex,tv,,tv,,,0.0,no_match
DOCTORWHO.xlsx,DOCTORWHO,872,Closing Time,TV Episode (NuWho),2011-09-24 00:00:00,Closing Time,tv,,tv,,,0.0,no_match
DOCTORWHO.xlsx,DOCTORWHO,873,The Wedding of River Song,TV Episode (NuWho),2011-10-01 00:00:00,The Wedding of River Song,tv,,tv,,,0.0,no_match
DOCTORWHO.xlsx,DOCTORWHO,874,Sky: Part One,TV Episode (Spinoff),2011-10-03 00:00:00,Sky: Part One,tv,,tv,,,0.0,no_match
DOCTORWHO.xlsx,DOCTORWHO,875,Sky: Part Two,TV Episode (Spinoff),2011-10-04 00:00:00,Sky: Part Two,tv,,tv,,,0.0,no_match
DOCTORWHO.xlsx,DOCTORWHO,876,The Curse of Clyde Langer: Part One,TV Episode (Spinoff),2011-10-10 00:00:00,The Curse of Clyde Langer: Part One,tv,,tv,,,0.0,no_match
DOCTORWHO.xlsx,DOCTORWHO,877,The Curse of Clyde Langer: Part Two,TV Episode (Spinoff),2011-10-11 00:00:00,The Curse of Clyde Langer: Part Two,tv,,tv,,,0.0,no_match
DOCTORWHO.xlsx,DOCTORWHO,878,The Man Who Never Was: Part One,TV Episode (Spinoff),2011-10-17 00:00:00,The Man Who Never Was: Part One,tv,,tv,,,0.0,no_match
DOCTORWHO.xlsx,DOCTORWHO,879,The Man Who Never Was: Part Two,TV Episode (Spinoff),2011-10-18 00:00:00,The Man Who Never Was: Part Two,tv,,tv,,,0.0,no_match
DOCTORWHO.xlsx,DOCTORWHO,880,"Doctor Who: The Doctor, the Widow and the Wardrobe",TV Special (NuWho),2011-12-25 00:00:00,"Doctor Who: The Doctor, the Widow and the Wardrobe",tv,,tv,,,0.0,no_match
DOCTORWHO.xlsx,DOCTORWHO,881,Asylum of the Daleks,TV Episode (NuWho),2012-09-01 00:00:00,Asylum of the Daleks,tv,,tv,,,0.0,no_match
DOCTORWHO.xlsx,DOCTORWHO,882,Dinosaurs on a Spaceship,TV Episode (NuWho),2012-09-08 00:00:00,Dinosaurs on a Spaceship,tv,,tv,,,0.0,no_match
DOCTORWHO.xlsx,DOCTORWHO,883,A Town Called Mercy,TV Episode (NuWho),2012-09-15 00:00:00,A Town Called Mercy,tv,,tv,,,0.0,no_match
DOCTORWHO.xlsx,DOCTORWHO,884,The Power of Three,TV Episode (NuWho),2012-09-22 00:00:00,The Power of Three,tv,,tv,,,0.0,no_match
DOCTORWHO.xlsx,DOCTORWHO,885,The Angels Take Manhattan,TV Episode (NuWho),2012-09-29 00:00:00,The Angels Take Manhattan,tv,,tv,,,0.0,no_match
DOCTORWHO.xlsx,DOCTORWHO,886,Doctor Who: The Snowmen,TV Special (NuWho),2012-12-25 00:00:00,Doctor Who: The Snowmen,tv,,tv,,,0.0,no_match
DOCTORWHO.xlsx,DOCTORWHO,887,The Bells of Saint John,TV Episode (NuWho),2013-03-30 00:00:00,The Bells of Saint John,tv,,tv,,,0.0,no_match
DOCTORWHO.xlsx,DOCTORWHO,888,The Rings of Akhaten,TV Episode (NuWho),2013-04-06 00:00:00,The Rings of Akhaten,tv,,tv,,,0.0,no_match
DOCTORWHO.xlsx,DOCTORWHO,889,Cold War,TV Episode (NuWho),2013-04-13 00:00:00,Cold War,tv,102802,tv,"Cold War, Hot Jets",2013-11-08,0.6732,matched
DOCTORWHO.xlsx,DOCTORWHO,890,Hide,TV Episode (NuWho),2013-04-20 00:00:00,Hide,tv,203311,tv,hide -DIVE into roots- 20th Anniversary Special,2013-10-04,0.343,review
DOCTORWHO.xlsx,DOCTORWHO,891,Journey to the Centre of the TARDIS,TV Episode (NuWho),2013-04-27 00:00:00,Journey to the Centre of the TARDIS,tv,,tv,,,0.0,no_match
DOCTORWHO.xlsx,DOCTORWHO,892,The Crimson Horror,TV Episode (NuWho),2013-05-04 00:00:00,The Crimson Horror,tv,,tv,,,0.0,no_match
DOCTORWHO.xlsx,DOCTORWHO,893,Nightmare in Silver,TV Episode (NuWho),2013-05-11 00:00:00,Nightmare in Silver,tv,,tv,,,0.0,no_match
DOCTORWHO.xlsx,DOCTORWHO,894,The Name of the Doctor,TV Episode (NuWho),2013-05-18 00:00:00,The Name of the Doctor,tv,,tv,,,0.0,no_match
DOCTORWHO.xlsx,DOCTORWHO,895,Doctor Who: The Day of the Doctor,TV Special (NuWho),2013-11-23 00:00:00,Doctor Who: The Day of the Doctor,tv,,tv,,,0.0,no_match
DOCTORWHO.xlsx,DOCTORWHO,896,Doctor Who: The Time of the Doctor,TV Special (NuWho),2013-12-25 00:00:00,Doctor Who: The Time of the Doctor,tv,,tv,,,0.0,no_match
DOCTORWHO.xlsx,DOCTORWHO,897,Deep Breath,TV Episode (NuWho),2014-08-23 00:00:00,Deep Breath,tv,,tv,,,0.0,no_match
DOCTORWHO.xlsx,DOCTORWHO,898,Into the Dalek,TV Episode (NuWho),2014-08-30 00:00:00,Into the Dalek,tv,,tv,,,0.0,no_match
DOCTORWHO.xlsx,DOCTORWHO,899,Robot of Sherwood,TV Episode (NuWho),2014-09-06 00:00:00,Robot of Sherwood,tv,,tv,,,0.0,no_match
DOCTORWHO.xlsx,DOCTORWHO,900,Listen,TV Episode (NuWho),2014-09-13 00:00:00,Listen,tv,86871,tv,The Good Listener,2014-10-20,0.6061,review
DOCTORWHO.xlsx,DOCTORWHO,901,Time Heist,TV Episode (NuWho),2014-09-20 00:00:00,Time Heist,tv,,tv,,,0.0,no_match
DOCTORWHO.xlsx,DOCTORWHO,902,The Caretaker,TV Episode (NuWho),2014-09-27 00:00:00,The Caretaker,tv,,tv,,,0.0,no_match
DOCTORWHO.xlsx,DOCTORWHO,903,Kill the Moon,TV Episode (NuWho),2014-10-04 00:00:00,Kill the Moon,tv,,tv,,,0.0,no_match
DOCTORWHO.xlsx,DOCTORWHO,904,Mummy on the Orient Express,TV Episode (NuWho),2014-10-11 00:00:00,Mummy on the Orient Express,tv,,tv,,,0.0,no_match
DOCTORWHO.xlsx,DOCTORWHO,905,Flatline,TV Episode (NuWho),2014-10-18 00:00:00,Flatline,tv,,tv,,,0.0,no_match
DOCTORWHO.xlsx,DOCTORWHO,906,In the Forest of the Night,TV Episode (NuWho),2014-10-25 00:00:00,In the Forest of the Night,tv,,tv,,,0.0,no_match
DOCTORWHO.xlsx,DOCTORWHO,907,Dark Water,TV Episode (NuWho),2014-11-01 00:00:00,Dark Water,tv,,tv,,,0.0,no_match
DOCTORWHO.xlsx,DOCTORWHO,908,Death in Heaven,TV Episode (NuWho),2014-11-08 00:00:00,Death in Heaven,tv,,tv,,,0.0,no_match
DOCTORWHO.xlsx,DOCTORWHO,909,Doctor Who: Last Christmas,TV Special (NuWho),2014-12-25 00:00:00,Doctor Who: Last Christmas,tv,,tv,,,0.0,no_match
DOCTORWHO.xlsx,DOCTORWHO,910,The Magician's Apprentice,TV Episode (NuWho),2015-09-19 00:00:00,The Magician's Apprentice,tv,,tv,,,0.0,no_match
DOCTORWHO.xlsx,DOCTORWHO,911,The Witch's Familiar,TV Episode (NuWho),2015-09-26 00:00:00,The Witch's Familiar,tv,,tv,,,0.0,no_match
DOCTORWHO.xlsx,DOCTORWHO,912,Under the Lake,TV Episode (NuWho),2015-10-03 00:00:00,Under the Lake,tv,,tv,,,0.0,no_match
DOCTORWHO.xlsx,DOCTORWHO,913,Before the Flood,TV Episode (NuWho),2015-10-10 00:00:00,Before the Flood,tv,,tv,,,0.0,no_match
DOCTORWHO.xlsx,DOCTORWHO,914,The Girl Who Died,TV Episode (NuWho),2015-10-17 00:00:00,The Girl Who Died,tv,,tv,,,0.0,no_match
DOCTORWHO.xlsx,DOCTORWHO,915,The Woman Who Lived,TV Episode (NuWho),2015-10-24 00:00:00,The Woman Who Lived,tv,,tv,,,0.0,no_match
DOCTORWHO.xlsx,DOCTORWHO,916,The Zygon Invasion,TV Episode (NuWho),2015-10-31 00:00:00,The Zygon Invasion,tv,,tv,,,0.0,no_match
DOCTORWHO.xlsx,DOCTORWHO,917,The Zygon Inversion,TV Episode (NuWho),2015-11-07 00:00:00,The Zygon Inversion,tv,,tv,,,0.0,no_match
DOCTORWHO.xlsx,DOCTORWHO,918,Sleep No More,TV Episode (NuWho),2015-11-14 00:00:00,Sleep No More,tv,,tv,,,0.0,no_match
DOCTORWHO.xlsx,DOCTORWHO,919,Face the Raven,TV Episode (NuWho),2015-11-21 00:00:00,Face the Raven,tv,,tv,,,0.0,no_match
DOCTORWHO.xlsx,DOCTORWHO,920,Heaven Sent,TV Episode (NuWho),2015-11-28 00:00:00,Heaven Sent,tv,,tv,,,0.0,no_match
DOCTORWHO.xlsx,DOCTORWHO,921,Hell Bent,TV Episode (NuWho),2015-12-05 00:00:00,Hell Bent,tv,,tv,,,0.0,no_match
DOCTORWHO.xlsx,DOCTORWHO,922,Doctor Who: The Husbands of River Song,TV Special (NuWho),2015-12-25 00:00:00,Doctor Who: The Husbands of River Song,tv,,tv,,,0.0,no_match
DOCTORWHO.xlsx,DOCTORWHO,923,Doctor Who: The Return of Doctor Mysterio,TV Special (NuWho),2016-12-25 00:00:00,Doctor Who: The Return of Doctor Mysterio,tv,,tv,,,0.0,no_match
DOCTORWHO.xlsx,DOCTORWHO,924,The Pilot,TV Episode (NuWho),2017-04-15 00:00:00,The Pilot,tv,,tv,,,0.0,no_match
DOCTORWHO.xlsx,DOCTORWHO,925,Smile,TV Episode (NuWho),2017-04-22 00:00:00,Smile,tv,109662,tv,May Fortune Smile On You,2017-01-09,0.4789,review
DOCTORWHO.xlsx,DOCTORWHO,926,Thin Ice,TV Episode (NuWho),2017-04-29 00:00:00,Thin Ice,tv,,tv,,,0.0,no_match
DOCTORWHO.xlsx,DOCTORWHO,927,Knock Knock,TV Episode (NuWho),2017-05-06 00:00:00,Knock Knock,tv,,tv,,,0.0,no_match
DOCTORWHO.xlsx,DOCTORWHO,928,Oxygen,TV Episode (NuWho),2017-05-13 00:00:00,Oxygen,tv,,tv,,,0.0,no_match
DOCTORWHO.xlsx,DOCTORWHO,929,Extremis,TV Episode (NuWho),2017-05-20 00:00:00,Extremis,tv,,tv,,,0.0,no_match
DOCTORWHO.xlsx,DOCTORWHO,930,The Pyramid at the End of the World,TV Episode (NuWho),2017-05-27 00:00:00,The Pyramid at the End of the World,tv,,tv,,,0.0,no_match
DOCTORWHO.xlsx,DOCTORWHO,931,The Lie of the Land,TV Episode (NuWho),2017-06-03 00:00:00,The Lie of the Land,tv,,tv,,,0.0,no_match
DOCTORWHO.xlsx,DOCTORWHO,932,Empress of Mars,TV Episode (NuWho),2017-06-10 00:00:00,Empress of Mars,tv,,tv,,,0.0,no_match
DOCTORWHO.xlsx,DOCTORWHO,933,The Eaters of Light,TV Episode (NuWho),2017-06-17 00:00:00,The Eaters of Light,tv,,tv,,,0.0,no_match
DOCTORWHO.xlsx,DOCTORWHO,934,World Enough and Time,TV Episode (NuWho),2017-06-24 00:00:00,World Enough and Time,tv,,tv,,,0.0,no_match
DOCTORWHO.xlsx,DOCTORWHO,935,The Doctor Falls,TV Episode (NuWho),2017-07-01 00:00:00,The Doctor Falls,tv,,tv,,,0.0,no_match
DOCTORWHO.xlsx,DOCTORWHO,936,Doctor Who: Twice Upon a Time,TV Special (NuWho),2017-12-25 00:00:00,Doctor Who: Twice Upon a Time,tv,,tv,,,0.0,no_match
DOCTORWHO.xlsx,DOCTORWHO,937,Shada,TV Episode (ClassicWho),2018-07-19 00:00:00,Shada,tv,,tv,,,0.0,no_match
DOCTORWHO.xlsx,DOCTORWHO,938,The Woman Who Fell to Earth,TV Episode (NuWho),2018-10-07 00:00:00,The Woman Who Fell to Earth,tv,,tv,,,0.0,no_match
DOCTORWHO.xlsx,DOCTORWHO,939,The Ghost Monument,TV Episode (NuWho),2018-10-14 00:00:00,The Ghost Monument,tv,,tv,,,0.0,no_match
DOCTORWHO.xlsx,DOCTORWHO,940,Rosa,TV Episode (NuWho),2018-10-21 00:00:00,Rosa,tv,77379,tv,Pinkalicious & Peterrific,2018-02-19,0.2805,review
DOCTORWHO.xlsx,DOCTORWHO,941,Arachnids in the UK,TV Episode (NuWho),2018-10-28 00:00:00,Arachnids in the UK,tv,,tv,,,0.0,no_match
DOCTORWHO.xlsx,DOCTORWHO,942,The Tsuranga Conundrum,TV Episode (NuWho),2018-11-04 00:00:00,The Tsuranga Conundrum,tv,,tv,,,0.0,no_match
DOCTORWHO.xlsx,DOCTORWHO,943,Demons of the Punjab,TV Episode (NuWho),2018-11-11 00:00:00,Demons of the Punjab,tv,,tv,,,0.0,no_match
DOCTORWHO.xlsx,DOCTORWHO,944,Kerblam!,TV Episode (NuWho),2018-11-18 00:00:00,Kerblam!,tv,,tv,,,0.0,no_match
DOCTORWHO.xlsx,DOCTORWHO,945,The Witchfinders,TV Episode (NuWho),2018-11-25 00:00:00,The Witchfinders,tv,,tv,,,0.0,no_match
DOCTORWHO.xlsx,DOCTORWHO,946,It Takes You Away,TV Episode (NuWho),2018-12-02 00:00:00,It Takes You Away,tv,,tv,,,0.0,no_match
DOCTORWHO.xlsx,DOCTORWHO,947,The Battle of Ranskoor Av Kolos,TV Episode (NuWho),2018-12-09 00:00:00,The Battle of Ranskoor Av Kolos,tv,,tv,,,0.0,no_match
DOCTORWHO.xlsx,DOCTORWHO,948,Doctor Who: Resolution,TV Special (NuWho),2019-01-01 00:00:00,Doctor Who: Resolution,tv,,tv,,,0.0,no_match
DOCTORWHO.xlsx,DOCTORWHO,949,"Spyfall, Part 1",TV Episode (NuWho),2020-01-01 00:00:00,"Spyfall, Part 1",tv,,tv,,,0.0,no_match
DOCTORWHO.xlsx,DOCTORWHO,950,"Spyfall, Part 2",TV Episode (NuWho),2020-01-05 00:00:00,"Spyfall, Part 2",tv,,tv,,,0.0,no_match
DOCTORWHO.xlsx,DOCTORWHO,951,Orphan 55,TV Episode (NuWho),2020-01-12 00:00:00,Orphan 55,tv,,tv,,,0.0,no_match
DOCTORWHO.xlsx,DOCTORWHO,952,Nikola Tesla's Night of Terror,TV Episode (NuWho),2020-01-19 00:00:00,Nikola Tesla's Night of Terror,tv,,tv,,,0.0,no_match
DOCTORWHO.xlsx,DOCTORWHO,953,Fugitive of the Judoon,TV Episode (NuWho),2020-01-26 00:00:00,Fugitive of the Judoon,tv,,tv,,,0.0,no_match
DOCTORWHO.xlsx,DOCTORWHO,954,Praxeus,TV Episode (NuWho),2020-02-02 00:00:00,Praxeus,tv,,tv,,,0.0,no_match
DOCTORWHO.xlsx,DOCTORWHO,955,Can You Hear Me?,TV Episode (NuWho),2020-02-09 00:00:00,Can You Hear Me?,tv,,tv,,,0.0,no_match
DOCTORWHO.xlsx,DOCTORWHO,956,The Haunting of Villa Diodati,TV Episode (NuWho),2020-02-16 00:00:00,The Haunting of Villa Diodati,tv,,tv,,,0.0,no_match
DOCTORWHO.xlsx,DOCTORWHO,957,Ascension of the Cybermen,TV Episode (NuWho),2020-02-23 00:00:00,Ascension of the Cybermen,tv,,tv,,,0.0,no_match
DOCTORWHO.xlsx,DOCTORWHO,958,The Timeless Children,TV Episode (NuWho),2020-03-01 00:00:00,The Timeless Children,tv,,tv,,,0.0,no_match
DOCTORWHO.xlsx,DOCTORWHO,959,Doctor Who: Revolution of the Daleks,TV Special (NuWho),2021-01-01 00:00:00,Doctor Who: Revolution of the Daleks,tv,,tv,,,0.0,no_match
DOCTORWHO.xlsx,DOCTORWHO,960,The Halloween Apocalypse,TV Episode (NuWho),2021-10-31 00:00:00,The Halloween Apocalypse,tv,,tv,,,0.0,no_match
DOCTORWHO.xlsx,DOCTORWHO,961,War of the Sontarans,TV Episode (NuWho),2021-11-07 00:00:00,War of the Sontarans,tv,,tv,,,0.0,no_match
DOCTORWHO.xlsx,DOCTORWHO,962,"Once, Upon Time",TV Episode (NuWho),2021-11-14 00:00:00,"Once, Upon Time",tv,129540,tv,Once Upon a Time in Iran,2021-08-09,0.748,matched
DOCTORWHO.xlsx,DOCTORWHO,963,Village of the Angels,TV Episode (NuWho),2021-11-21 00:00:00,Village of the Angels,tv,,tv,,,0.0,no_match
DOCTORWHO.xlsx,DOCTORWHO,964,Survivors of the Flux,TV Episode (NuWho),2021-11-28 00:00:00,Survivors of the Flux,tv,,tv,,,0.0,no_match
DOCTORWHO.xlsx,DOCTORWHO,965,The Vanquishers,TV Episode (NuWho),2021-12-05 00:00:00,The Vanquishers,tv,,tv,,,0.0,no_match
DOCTORWHO.xlsx,DOCTORWHO,966,Doctor Who: Eve of the Daleks,TV Special (NuWho),2022-01-01 00:00:00,Doctor Who: Eve of the Daleks,tv,,tv,,,0.0,no_match
DOCTORWHO.xlsx,DOCTORWHO,967,Doctor Who: Legend of the Sea Devils,TV Special (NuWho),2022-04-17 00:00:00,Doctor Who: Legend of the Sea Devils,tv,,tv,,,0.0,no_match
DOCTORWHO.xlsx,DOCTORWHO,968,Doctor Who: The Power of the Doctor,TV Special (NuWho),2022-10-23 00:00:00,Doctor Who: The Power of the Doctor,tv,,tv,,,0.0,no_match
DOCTORWHO.xlsx,DOCTORWHO,969,Doctor Who: The Star Beast,TV Special (NuWho),2023-11-25 00:00:00,Doctor Who: The Star Beast,tv,,tv,,,0.0,no_match
DOCTORWHO.xlsx,DOCTORWHO,970,Doctor Who: Wild Blue Yonder,TV Special (NuWho),2023-12-02 00:00:00,Doctor Who: Wild Blue Yonder,tv,,tv,,,0.0,no_match
DOCTORWHO.xlsx,DOCTORWHO,971,Doctor Who: The Giggle,TV Special (NuWho),2023-12-09 00:00:00,Doctor Who: The Giggle,tv,,tv,,,0.0,no_match
DOCTORWHO.xlsx,DOCTORWHO,972,Doctor Who: The Church on Ruby Road,TV Special (NuWho),2023-12-25 00:00:00,Doctor Who: The Church on Ruby Road,tv,,tv,,,0.0,no_match
DOCTORWHO.xlsx,DOCTORWHO,973,Space Babies,TV Episode (NuWho),2024-05-11 00:00:00,Space Babies,tv,,tv,,,0.0,no_match
DOCTORWHO.xlsx,DOCTORWHO,974,The Devil's Chord,TV Episode (NuWho),2024-05-11 00:00:00,The Devil's Chord,tv,,tv,,,0.0,no_match
DOCTORWHO.xlsx,DOCTORWHO,975,Boom,TV Episode (NuWho),2024-05-18 00:00:00,Boom,tv,246400,tv,Boomers,2024-02-08,0.754,matched
DOCTORWHO.xlsx,DOCTORWHO,976,73 Yards,TV Episode (NuWho),2024-05-25 00:00:00,73 Yards,tv,,tv,,,0.0,no_match
DOCTORWHO.xlsx,DOCTORWHO,977,Dot and Bubble,TV Episode (NuWho),2024-06-01 00:00:00,Dot and Bubble,tv,,tv,,,0.0,no_match
DOCTORWHO.xlsx,DOCTORWHO,978,Rogue,TV Episode (NuWho),2024-06-08 00:00:00,Rogue,tv,271660,tv,Jim Shockey's Rogue River Men,2024-09-15,0.4418,review
DOCTORWHO.xlsx,DOCTORWHO,979,The Legend of Ruby Sunday,TV Episode (NuWho),2024-06-15 00:00:00,The Legend of Ruby Sunday,tv,,tv,,,0.0,no_match
DOCTORWHO.xlsx,DOCTORWHO,980,Empire of Death,TV Episode (NuWho),2024-06-22 00:00:00,Empire of Death,tv,,tv,,,0.0,no_match
DOCTORWHO.xlsx,DOCTORWHO,981,Doctor Who: Joy to the World,TV Special (NuWho),2024-12-25 00:00:00,Doctor Who: Joy to the World,tv,239770,tv,Doctor Who,2024-05-11,0.6143,review
DOCTORWHO.xlsx,DOCTORWHO,982,The Robot Revolution,TV Episode (NuWho),2025-04-12 00:00:00,The Robot Revolution,tv,,tv,,,0.0,no_match
DOCTORWHO.xlsx,DOCTORWHO,983,Lux,TV Episode (NuWho),2025-04-19 00:00:00,Lux,tv,245648,tv,Billionaires' Bunker,2025-09-19,0.3582,review
DOCTORWHO.xlsx,DOCTORWHO,984,The Well,TV Episode (NuWho),2025-04-26 00:00:00,The Well,tv,273970,tv,The Well,2025-01-10,0.9507,matched
DOCTORWHO.xlsx,DOCTORWHO,985,Lucky Day,TV Episode (NuWho),2025-05-03 00:00:00,Lucky Day,tv,232557,tv,Walking on Thin Ice,2025-09-20,0.334,review
DOCTORWHO.xlsx,DOCTORWHO,986,The Story & the Engine,TV Episode (NuWho),2025-05-10 00:00:00,The Story & the Engine,tv,,tv,,,0.0,no_match
DOCTORWHO.xlsx,DOCTORWHO,987,The Interstellar Song Contest,TV Episode (NuWho),2025-05-17 00:00:00,The Interstellar Song Contest,tv,,tv,,,0.0,no_match
DOCTORWHO.xlsx,DOCTORWHO,988,Wish World,TV Episode (NuWho),2025-05-24 00:00:00,Wish World,tv,,tv,,,0.0,no_match
DOCTORWHO.xlsx,DOCTORWHO,989,The Reality War,TV Episode (NuWho),2025-05-31 00:00:00,The Reality War,tv,,tv,,,0.0,no_match
ANDYWEIR.xlsx,ANDYWEIR,2,The Martian,Novel,2014-02-11 00:00:00,The Martian,movie,,movie,,,0.0,no_match
ANDYWEIR.xlsx,ANDYWEIR,3,The Martian,Movie,2015-09-30 00:00:00,The Martian,movie,286217,movie,The Martian,2015-09-30,0.9611,matched
ANDYWEIR.xlsx,ANDYWEIR,4,Artemis,Novel,2017-11-14 00:00:00,Artemis,movie,1504072,movie,Artémis,2017-06-28,0.8473,matched
ANDYWEIR.xlsx,ANDYWEIR,5,Project Hail Mary,Novel,2021-05-04 00:00:00,Project Hail Mary,movie,,movie,,,0.0,no_match
ANDYWEIR.xlsx,ANDYWEIR,6,Project Hail Mary,Movie,2026-03-20 00:00:00,Project Hail Mary,movie,687163,movie,Project Hail Mary,2026-03-15,0.9878,matched
MIDDLEEARTH.xlsx,MIDDLEEARTH,2,The Silmarillion,Novel,1977-09-15 00:00:00,The Silmarillion,movie,,movie,,,0.0,no_match
MIDDLEEARTH.xlsx,MIDDLEEARTH,3,The Children of Húrin,Novel,2007-04-17 00:00:00,The Children of Húrin,movie,,movie,,,0.0,no_match
MIDDLEEARTH.xlsx,MIDDLEEARTH,4,Beren and Lúthien,Novel,2017-06-01 00:00:00,Beren and Lúthien,movie,,movie,,,0.0,no_match
MIDDLEEARTH.xlsx,MIDDLEEARTH,5,The Fall of Gondolin,Novel,2018-08-30 00:00:00,The Fall of Gondolin,movie,,movie,,,0.0,no_match
MIDDLEEARTH.xlsx,MIDDLEEARTH,6,Unfinished Tales of Númenor and Middle-earth,Novel,1980-10-02 00:00:00,Unfinished Tales of Númenor and Middle-earth,movie,,movie,,,0.0,no_match
MIDDLEEARTH.xlsx,MIDDLEEARTH,7,A Shadow of the Past,Series,2022-08-31 00:00:00,A Shadow of the Past,tv,,tv,,,0.0,no_match
MIDDLEEARTH.xlsx,MIDDLEEARTH,8,Adrift,Series,2022-08-31 00:00:00,Adrift,tv,,tv,,,0.0,no_match
MIDDLEEARTH.xlsx,MIDDLEEARTH,9,Adar,Series,2022-09-08 00:00:00,Adar,tv,,tv,,,0.0,no_match
MIDDLEEARTH.xlsx,MIDDLEEARTH,10,The Great Wave,Series,2022-09-15 00:00:00,The Great Wave,tv,,tv,,,0.0,no_match
MIDDLEEARTH.xlsx,MIDDLEEARTH,11,Partings,Series,2022-09-22 00:00:00,Partings,tv,,tv,,,0.0,no_match
MIDDLEEARTH.xlsx,MIDDLEEARTH,12,Udûn,Series,2022-09-29 00:00:00,Udûn,tv,,tv,,,0.0,no_match
MIDDLEEARTH.xlsx,MIDDLEEARTH,13,The Eye,Series,2022-10-06 00:00:00,The Eye,tv,228829,tv,The 3rd Eye,2022-11-26,0.7901,matched
MIDDLEEARTH.xlsx,MIDDLEEARTH,14,Alloyed,Series,2022-10-13 00:00:00,Alloyed,tv,,tv,,,0.0,no_match
MIDDLEEARTH.xlsx,MIDDLEEARTH,15,Elven Kings Under the Sky,Series,2024-08-28 00:00:00,Elven Kings Under the Sky,tv,,tv,,,0.0,no_match
MIDDLEEARTH.xlsx,MIDDLEEARTH,16,Where the Stars are Strange,Series,2024-08-28 00:00:00,Where the Stars are Strange,tv,,tv,,,0.0,no_match
MIDDLEEARTH.xlsx,MIDDLEEARTH,17,The Eagle and the Sceptre,Series,2024-08-28 00:00:00,The Eagle and the Sceptre,tv,,tv,,,0.0,no_match
MIDDLEEARTH.xlsx,MIDDLEEARTH,18,Eldest,Series,2024-09-04 00:00:00,Eldest,tv,,tv,,,0.0,no_match
MIDDLEEARTH.xlsx,MIDDLEEARTH,19,Halls of Stone,Series,2024-09-11 00:00:00,Halls of Stone,tv,,tv,,,0.0,no_match
MIDDLEEARTH.xlsx,MIDDLEEARTH,20,Where Is He?,Series,2024-09-18 00:00:00,Where Is He?,tv,,tv,,,0.0,no_match
MIDDLEEARTH.xlsx,MIDDLEEARTH,21,Doomed to Die,Series,2024-09-25 00:00:00,Doomed to Die,tv,,tv,,,0.0,no_match
MIDDLEEARTH.xlsx,MIDDLEEARTH,22,Shadow and Flame,Series,2024-10-02 00:00:00,Shadow and Flame,tv,,tv,,,0.0,no_match
MIDDLEEARTH.xlsx,MIDDLEEARTH,23,The Lord of the Rings: The Rings of Power,Series,2026-11-11 00:00:00,The Lord of the Rings: The Rings of Power,tv,,tv,,,0.0,no_match
MIDDLEEARTH.xlsx,MIDDLEEARTH,24,The Lord of the Rings: The Rings of Power,Series,2026-11-11 00:00:00,The Lord of the Rings: The Rings of Power,tv,,tv,,,0.0,no_match
MIDDLEEARTH.xlsx,MIDDLEEARTH,25,The Lord of the Rings: The Rings of Power,Series,2026-11-11 00:00:00,The Lord of the Rings: The Rings of Power,tv,,tv,,,0.0,no_match
MIDDLEEARTH.xlsx,MIDDLEEARTH,26,The Lord of the Rings: The Rings of Power,Series,2026-11-11 00:00:00,The Lord of the Rings: The Rings of Power,tv,,tv,,,0.0,no_match
MIDDLEEARTH.xlsx,MIDDLEEARTH,27,The Lord of the Rings: The Rings of Power,Series,2026-11-18 00:00:00,The Lord of the Rings: The Rings of Power,tv,,tv,,,0.0,no_match
MIDDLEEARTH.xlsx,MIDDLEEARTH,28,The Lord of the Rings: The Rings of Power,Series,2026-11-18 00:00:00,The Lord of the Rings: The Rings of Power,tv,,tv,,,0.0,no_match
MIDDLEEARTH.xlsx,MIDDLEEARTH,29,The Lord of the Rings: The Rings of Power,Series,2026-11-25 00:00:00,The Lord of the Rings: The Rings of Power,tv,,tv,,,0.0,no_match
MIDDLEEARTH.xlsx,MIDDLEEARTH,30,The Lord of the Rings: The Rings of Power,Series,2026-11-25 00:00:00,The Lord of the Rings: The Rings of Power,tv,,tv,,,0.0,no_match
MIDDLEEARTH.xlsx,MIDDLEEARTH,31,The Lord of the Rings: The War of the Rohirrim,Film,2024-12-13 00:00:00,The Lord of the Rings: The War of the Rohirrim,movie,839033,movie,The Lord of the Rings: The War of the Rohirrim,2024-12-05,0.9524,matched
MIDDLEEARTH.xlsx,MIDDLEEARTH,32,"The Hobbit, or, There and Back Again",Novel,1937-09-21 00:00:00,"The Hobbit, or, There and Back Again",movie,,movie,,,0.0,no_match
MIDDLEEARTH.xlsx,MIDDLEEARTH,33,The Hobbit,TV Movie,1977-11-27 00:00:00,The Hobbit,tv,,tv,,,0.0,no_match
MIDDLEEARTH.xlsx,MIDDLEEARTH,34,The Hobbit: An Unexpected Journey,Film,2012-12-14 00:00:00,The Hobbit: An Unexpected Journey,movie,49051,movie,The Hobbit: An Unexpected Journey,2012-12-12,0.9554,matched
MIDDLEEARTH.xlsx,MIDDLEEARTH,35,The Hobbit: The Desolation of Smaug,Film,2013-12-13 00:00:00,The Hobbit: The Desolation of Smaug,movie,57158,movie,The Hobbit: The Desolation of Smaug,2013-12-11,0.9548,matched
MIDDLEEARTH.xlsx,MIDDLEEARTH,36,The Hobbit: The Battle of the Five Armies,Film,2014-12-17 00:00:00,The Hobbit: The Battle of the Five Armies,movie,122917,movie,The Hobbit: The Battle of the Five Armies,2014-12-10,0.9587,matched
MIDDLEEARTH.xlsx,MIDDLEEARTH,37,Tales of the Shire,Video Game,2025-07-29 00:00:00,Tales of the Shire,movie,,movie,,,0.0,no_match
MIDDLEEARTH.xlsx,MIDDLEEARTH,38,Middle-Earth: Shadow of Mordor,Video Game,2014-09-30 00:00:00,Middle-Earth: Shadow of Mordor,movie,,movie,,,0.0,no_match
MIDDLEEARTH.xlsx,MIDDLEEARTH,39,Middle-Earth: Shadow of War,Video Game,2017-10-10 00:00:00,Middle-Earth: Shadow of War,movie,840808,movie,Middle Earth: Shadow of War 'Friend or Foe',2017-09-18,0.765,matched
MIDDLEEARTH.xlsx,MIDDLEEARTH,40,The Lord of the Rings: Gollum,Video Game,2023-05-25 00:00:00,The Lord of the Rings: Gollum,movie,,movie,,,0.0,no_match
MIDDLEEARTH.xlsx,MIDDLEEARTH,41,The Lord of the Rings: The Hunt for Gollum,Film,2027-12-17 00:00:00,The Lord of the Rings: The Hunt for Gollum,movie,1090869,movie,The Lord of the Rings: The Hunt for Gollum,2027-12-15,0.9509,matched
MIDDLEEARTH.xlsx,MIDDLEEARTH,42,The Fellowship of the Ring,Novel,1954-07-29 00:00:00,The Fellowship of the Ring,movie,,movie,,,0.0,no_match
MIDDLEEARTH.xlsx,MIDDLEEARTH,43,The Lord of the Rings: The Fellowship of the Ring,Film,2001-12-19 00:00:00,The Lord of the Rings: The Fellowship of the Ring,movie,120,movie,The Lord of the Rings: The Fellowship of the Ring,2001-12-18,0.9617,matched
MIDDLEEARTH.xlsx,MIDDLEEARTH,44,The Two Towers,Novel,1954-11-11 00:00:00,The Two Towers,movie,,movie,,,0.0,no_match
MIDDLEEARTH.xlsx,MIDDLEEARTH,45,The Lord of the Rings,TV Movie,1978-11-15 00:00:00,The Lord of the Rings,tv,,tv,,,0.0,no_match
MIDDLEEARTH.xlsx,MIDDLEEARTH,46,The Lord of the Rings: The Two Towers,Film,2002-12-18 00:00:00,The Lord of the Rings: The Two Towers,movie,121,movie,The Lord of the Rings: The Two Towers,2002-12-18,0.9605,matched
MIDDLEEARTH.xlsx,MIDDLEEARTH,47,The Return of the King,Novel,1955-10-20 00:00:00,The Return of the King,movie,36918,movie,The Emperor and the Golem,1951-12-28,0.4754,review
MIDDLEEARTH.xlsx,MIDDLEEARTH,48,The Return of the King,TV Movie,1980-05-11 00:00:00,The Return of the King,tv,,tv,,,0.0,no_match
MIDDLEEARTH.xlsx,MIDDLEEARTH,49,The Lord of the Rings: The Return of the King,Film,2003-12-17 00:00:00,The Lord of the Rings: The Return of the King,movie,122,movie,The Lord of the Rings: The Return of the King,2003-12-17,0.9635,matched
MIDDLEEARTH.xlsx,MIDDLEEARTH,50,The Lord of the Rings: The Battle for Middle-Earth,Video Game,2004-12-06 00:00:00,The Lord of the Rings: The Battle for Middle-Earth,movie,,movie,,,0.0,no_match
MIDDLEEARTH.xlsx,MIDDLEEARTH,51,The Lord of the Rings: The Battle for Middle-Earth II,Video Game,2006-02-28 00:00:00,The Lord of the Rings: The Battle for Middle-Earth II,movie,,movie,,,0.0,no_match
MIDDLEEARTH.xlsx,MIDDLEEARTH,52,The Lord of the Rings: War in the North,Video Game,2011-11-01 00:00:00,The Lord of the Rings: War in the North,movie,,movie,,,0.0,no_match
MIDDLEEARTH.xlsx,MIDDLEEARTH,53,The Lord of the Rings: Return to Moria,Video Game,2023-10-24 00:00:00,The Lord of the Rings: Return to Moria,movie,,movie,,,0.0,no_match
RIORDANVERSE.xlsx,RIORDANVERSE,2,Percy Jackson and the Olympians: The Lightning Thief,Novel,2005-06-28 00:00:00,Percy Jackson and the Olympians: The Lightning Thief,movie,,movie,,,0.0,no_match
RIORDANVERSE.xlsx,RIORDANVERSE,3,I Accidentally Vaporize My Pre-Algebra Teacher,TV,2023-12-19 00:00:00,I Accidentally Vaporize My Pre-Algebra Teacher,tv,,tv,,,0.0,no_match
RIORDANVERSE.xlsx,RIORDANVERSE,4,I Become Supreme Lord of the Bathroom,TV,2023-12-19 00:00:00,I Become Supreme Lord of the Bathroom,tv,,tv,,,0.0,no_match
RIORDANVERSE.xlsx,RIORDANVERSE,5,We Visit the Garden Gnome Emporium,TV,2023-12-26 00:00:00,We Visit the Garden Gnome Emporium,tv,,tv,,,0.0,no_match
RIORDANVERSE.xlsx,RIORDANVERSE,6,I Plunge to My Death,TV,2024-01-02 00:00:00,I Plunge to My Death,tv,,tv,,,0.0,no_match
RIORDANVERSE.xlsx,RIORDANVERSE,7,A God Buys Us Cheeseburgers,TV,2024-01-09 00:00:00,A God Buys Us Cheeseburgers,tv,,tv,,,0.0,no_match
RIORDANVERSE.xlsx,RIORDANVERSE,8,We Take a Zebra to Vegas,TV,2024-01-16 00:00:00,We Take a Zebra to Vegas,tv,,tv,,,0.0,no_match
RIORDANVERSE.xlsx,RIORDANVERSE,9,"We Find Out the Truth, Sort Of",TV,2024-01-23 00:00:00,"We Find Out the Truth, Sort Of",tv,,tv,,,0.0,no_match
RIORDANVERSE.xlsx,RIORDANVERSE,10,The Prophecy Comes True,TV,2024-01-30 00:00:00,The Prophecy Comes True,tv,,tv,,,0.0,no_match
RIORDANVERSE.xlsx,RIORDANVERSE,11,Camp Half-Blood: The Wild Zone,Novel,2026-09-29 00:00:00,Camp Half-Blood: The Wild Zone,movie,,movie,,,0.0,no_match
RIORDANVERSE.xlsx,RIORDANVERSE,12,Percy Jackson and the Olympians: The Sea of Monsters,Novel,2006-05-03 00:00:00,Percy Jackson and the Olympians: The Sea of Monsters,movie,,movie,,,0.0,no_match
RIORDANVERSE.xlsx,RIORDANVERSE,13,I Play Dodgeball with Cannibals,TV,2025-12-10 00:00:00,I Play Dodgeball with Cannibals,tv,,tv,,,0.0,no_match
RIORDANVERSE.xlsx,RIORDANVERSE,14,Demon Pigeons Attack,TV,2025-12-10 00:00:00,Demon Pigeons Attack,tv,,tv,,,0.0,no_match
RIORDANVERSE.xlsx,RIORDANVERSE,15,We Board the Pricess Andromeda,TV,2025-12-17 00:00:00,We Board the Pricess Andromeda,tv,,tv,,,0.0,no_match
RIORDANVERSE.xlsx,RIORDANVERSE,16,Clarisse Blows Up Everything,TV,2025-12-24 00:00:00,Clarisse Blows Up Everything,tv,,tv,,,0.0,no_match
RIORDANVERSE.xlsx,RIORDANVERSE,17,We Check In to C.C.'s Spa & Resort,TV,2025-12-31 00:00:00,We Check In to C.C.'s Spa & Resort,tv,,tv,,,0.0,no_match
RIORDANVERSE.xlsx,RIORDANVERSE,18,Nobody Gets the Fleece,TV,2026-01-07 00:00:00,Nobody Gets the Fleece,tv,,tv,,,0.0,no_match
RIORDANVERSE.xlsx,RIORDANVERSE,19,I Go Down with the Ship,TV,2026-01-14 00:00:00,I Go Down with the Ship,tv,,tv,,,0.0,no_match
RIORDANVERSE.xlsx,RIORDANVERSE,20,The Fleece Works Its Magic Too Well,TV,2026-01-21 00:00:00,The Fleece Works Its Magic Too Well,tv,,tv,,,0.0,no_match
RIORDANVERSE.xlsx,RIORDANVERSE,21,Percy Jackson and the Olympians: The Titan's Curse,Novel,2007-05-01 00:00:00,Percy Jackson and the Olympians: The Titan's Curse,movie,,movie,,,0.0,no_match
RIORDANVERSE.xlsx,RIORDANVERSE,22,My Rescue Operation Goes Very Wrong,TV,2026-11-20 00:00:00,My Rescue Operation Goes Very Wrong,tv,,tv,,,0.0,no_match
RIORDANVERSE.xlsx,RIORDANVERSE,23,An Old Dead Friend Comes to Visit,TV,2026-11-20 00:00:00,An Old Dead Friend Comes to Visit,tv,,tv,,,0.0,no_match
RIORDANVERSE.xlsx,RIORDANVERSE,24,I Learn How to Grow Zombies,TV,,I Learn How to Grow Zombies,tv,,tv,,,0.0,no_match
RIORDANVERSE.xlsx,RIORDANVERSE,25,We Visit the Junkyard of the Gods,TV,,We Visit the Junkyard of the Gods,tv,,tv,,,0.0,no_match
RIORDANVERSE.xlsx,RIORDANVERSE,26,I Have a Dam Problem,TV,,I Have a Dam Problem,tv,,tv,,,0.0,no_match
RIORDANVERSE.xlsx,RIORDANVERSE,27,I Wrestle Santa's Evil Twin,TV,,I Wrestle Santa's Evil Twin,tv,,tv,,,0.0,no_match
RIORDANVERSE.xlsx,RIORDANVERSE,28,I Put on a Few Million Extra Pounds,TV,,I Put on a Few Million Extra Pounds,tv,,tv,,,0.0,no_match
RIORDANVERSE.xlsx,RIORDANVERSE,29,The Gods Vote How to Kill Us,TV,,The Gods Vote How to Kill Us,tv,,tv,,,0.0,no_match
RIORDANVERSE.xlsx,RIORDANVERSE,30,Percy Jackson and the Olympians: The Battle of the Labyrinth,Novel,2008-05-06 00:00:00,Percy Jackson and the Olympians: The Battle of the Labyrinth,movie,,movie,,,0.0,no_match
RIORDANVERSE.xlsx,RIORDANVERSE,31,Percy Jackson and the Olympians: The Last Olympian,Novel,2009-05-05 00:00:00,Percy Jackson and the Olympians: The Last Olympian,movie,,movie,,,0.0,no_match
RIORDANVERSE.xlsx,RIORDANVERSE,32,The Heroes of Olympus: The Lost Hero,Novel,2010-10-12 00:00:00,The Heroes of Olympus: The Lost Hero,movie,,movie,,,0.0,no_match
RIORDANVERSE.xlsx,RIORDANVERSE,33,The Kane Chronicles: The Red Pyramid,Novel,2010-05-04 00:00:00,The Kane Chronicles: The Red Pyramid,movie,,movie,,,0.0,no_match
RIORDANVERSE.xlsx,RIORDANVERSE,34,The Kane Chronicles: The Throne of Fire,Novel,2011-05-03 00:00:00,The Kane Chronicles: The Throne of Fire,movie,,movie,,,0.0,no_match
RIORDANVERSE.xlsx,RIORDANVERSE,35,The Heroes of Olympus: The Son of Neptune,Novel,2011-10-04 00:00:00,The Heroes of Olympus: The Son of Neptune,movie,,movie,,,0.0,no_match
RIORDANVERSE.xlsx,RIORDANVERSE,36,The Heroes of Olympus: The Mark of Athena,Novel,2012-10-02 00:00:00,The Heroes of Olympus: The Mark of Athena,movie,,movie,,,0.0,no_match
RIORDANVERSE.xlsx,RIORDANVERSE,37,The Heroes of Olympus: The House of Hades,Novel,2013-10-08 00:00:00,The Heroes of Olympus: The House of Hades,movie,,movie,,,0.0,no_match
RIORDANVERSE.xlsx,RIORDANVERSE,38,The Heroes of Olympus: The Blood of Olympus,Novel,2014-10-07 00:00:00,The Heroes of Olympus: The Blood of Olympus,movie,,movie,,,0.0,no_match
RIORDANVERSE.xlsx,RIORDANVERSE,39,The Kane Chronicles: The Serpent's Shadow,Novel,2012-05-01 00:00:00,The Kane Chronicles: The Serpent's Shadow,movie,,movie,,,0.0,no_match
RIORDANVERSE.xlsx,RIORDANVERSE,40,Percy Jackson and the Olympians: The Chalice of the Gods,Novel,2023-09-26 00:00:00,Percy Jackson and the Olympians: The Chalice of the Gods,movie,,movie,,,0.0,no_match
RIORDANVERSE.xlsx,RIORDANVERSE,41,Percy Jackson and the Olympians: Wrath of the Triple-Goddess,Novel,2024-09-24 00:00:00,Percy Jackson and the Olympians: Wrath of the Triple-Goddess,movie,,movie,,,0.0,no_match
RIORDANVERSE.xlsx,RIORDANVERSE,42,Magnus Chase and the Gods of Asgard: The Sword of Summer,Novel,2015-10-06 00:00:00,Magnus Chase and the Gods of Asgard: The Sword of Summer,movie,,movie,,,0.0,no_match
RIORDANVERSE.xlsx,RIORDANVERSE,43,The Trials of Apollo: The Hidden Oracle,Novel,2016-05-03 00:00:00,The Trials of Apollo: The Hidden Oracle,movie,,movie,,,0.0,no_match
RIORDANVERSE.xlsx,RIORDANVERSE,44,Magnus Chase and the Gods of Asgard: The Hammer of Thor,Novel,2016-10-04 00:00:00,Magnus Chase and the Gods of Asgard: The Hammer of Thor,movie,,movie,,,0.0,no_match
RIORDANVERSE.xlsx,RIORDANVERSE,45,The Trials of Apollo: The Dark Prophecy,Novel,2017-05-02 00:00:00,The Trials of Apollo: The Dark Prophecy,movie,,movie,,,0.0,no_match
RIORDANVERSE.xlsx,RIORDANVERSE,46,The Trials of Apollo: The Burning Maze,Novel,2018-05-01 00:00:00,The Trials of Apollo: The Burning Maze,movie,,movie,,,0.0,no_match
RIORDANVERSE.xlsx,RIORDANVERSE,47,The Trials of Apollo: The Tyrant's Tomb,Novel,2019-09-24 00:00:00,The Trials of Apollo: The Tyrant's Tomb,movie,,movie,,,0.0,no_match
RIORDANVERSE.xlsx,RIORDANVERSE,48,Magnus Chase and the Gods of Asgard: The Ship of the Dead,Novel,2017-10-03 00:00:00,Magnus Chase and the Gods of Asgard: The Ship of the Dead,movie,,movie,,,0.0,no_match
RIORDANVERSE.xlsx,RIORDANVERSE,49,The Trials of Apollo: The Tower of Nero,Novel,2020-10-06 00:00:00,The Trials of Apollo: The Tower of Nero,movie,,movie,,,0.0,no_match
RIORDANVERSE.xlsx,RIORDANVERSE,50,The Sun and the Star: A Nico di Angelo Adventure,Novel,2023-05-02 00:00:00,The Sun and the Star: A Nico di Angelo Adventure,movie,,movie,,,0.0,no_match
RIORDANVERSE.xlsx,RIORDANVERSE,51,The Court of the Dead: A Nico di Angelo Adventure,Novel,2025-09-23 00:00:00,The Court of the Dead: A Nico di Angelo Adventure,movie,,movie,,,0.0,no_match
DCU.xlsx,MCUDATASHEET,2,Wonder Woman,Film,2017-06-02 00:00:00,Wonder Woman,movie,297762,movie,Wonder Woman,2017-05-30,0.9548,matched
DCU.xlsx,MCUDATASHEET,3,Etta's Mission,Short,2017-09-19 00:00:00,Etta's Mission,movie,1255345,movie,Etta's Mission,2017-08-29,0.9502,matched
DCU.xlsx,MCUDATASHEET,4,Superman,Film,1978-12-13 00:00:00,Superman,movie,1924,movie,Superman,1978-12-14,0.9541,matched
DCU.xlsx,MCUDATASHEET,5,Superman II,Film,1981-04-09 00:00:00,Superman II,movie,8536,movie,Superman II,1980-12-04,0.9147,matched
DCU.xlsx,MCUDATASHEET,6,Joker,Film,2019-10-04 00:00:00,Joker,movie,475557,movie,Joker,2019-10-01,0.9581,matched
DCU.xlsx,MCUDATASHEET,7,Swamp Thing,Film,1982-02-19 00:00:00,Swamp Thing,movie,17918,movie,Swamp Thing,1982-02-19,0.9509,matched
DCU.xlsx,MCUDATASHEET,8,Superman III,Film,1983-06-17 00:00:00,Superman III,movie,9531,movie,Superman III,1983-06-17,0.9517,matched
DCU.xlsx,MCUDATASHEET,9,Wonder Woman 1984,Film,2020-12-16 00:00:00,Wonder Woman 1984,movie,464052,movie,Wonder Woman 1984,2020-12-16,0.9534,matched
DCU.xlsx,MCUDATASHEET,10,Joker: Folie A Deux,Film,2024-10-04 00:00:00,Joker: Folie A Deux,movie,889737,movie,Joker: Folie à Deux,2024-10-01,0.9154,matched
DCU.xlsx,MCUDATASHEET,11,Superman IV: The Quest for Peace,Film,1987-07-24 00:00:00,Superman IV: The Quest for Peace,movie,11411,movie,Superman IV: The Quest for Peace,1987-07-24,0.9516,matched
DCU.xlsx,MCUDATASHEET,12,The Return of Swamp Thing,Film,1989-05-12 00:00:00,The Return of Swamp Thing,movie,19142,movie,The Return of Swamp Thing,1989-05-11,0.9506,matched
DCU.xlsx,MCUDATASHEET,13,Batman,Film,1989-06-23 00:00:00,Batman,movie,268,movie,Batman,1989-06-21,0.9536,matched
DCU.xlsx,MCUDATASHEET,14,Batman Returns,Film,1992-06-19 00:00:00,Batman Returns,movie,364,movie,Batman Returns,1992-06-19,0.9537,matched
DCU.xlsx,MCUDATASHEET,15,Batman Begins,Film,2005-06-15 00:00:00,Batman Begins,movie,272,movie,Batman Begins,2005-06-10,0.9573,matched
DCU.xlsx,MCUDATASHEET,16,The Dark Knight,Film,2008-07-18 00:00:00,The Dark Knight,movie,155,movie,The Dark Knight,2008-07-16,0.9654,matched
DCU.xlsx,MCUDATASHEET,17,The Dark Knight Rises,Film,2012-07-20 00:00:00,The Dark Knight Rises,movie,49026,movie,The Dark Knight Rises,2012-07-17,0.9582,matched
DCU.xlsx,MCUDATASHEET,18,Man of Steel,Film,2013-06-14 00:00:00,Man of Steel,movie,49521,movie,Man of Steel,2013-06-12,0.9563,matched
DCU.xlsx,MCUDATASHEET,19,Batman V. Superman: Dawn of Justice,Film,2016-03-25 00:00:00,Batman V. Superman: Dawn of Justice,movie,209112,movie,Batman v Superman: Dawn of Justice,2016-03-23,0.945,matched
DCU.xlsx,MCUDATASHEET,20,Suicide Squad,Film,2016-08-05 00:00:00,Suicide Squad,movie,297761,movie,Suicide Squad,2016-08-03,0.9542,matched
DCU.xlsx,MCUDATASHEET,21,Justice League,Film,2017-11-17 00:00:00,Justice League,movie,141052,movie,Justice League,2017-11-15,0.955,matched
DCU.xlsx,MCUDATASHEET,22,Aquaman,Film,2018-12-21 00:00:00,Aquaman,movie,297802,movie,Aquaman,2018-12-07,0.9544,matched
DCU.xlsx,MCUDATASHEET,23,Shazam!,Film,2019-04-05 00:00:00,Shazam!,movie,287947,movie,Shazam!,2019-03-29,0.9534,matched
DCU.xlsx,MCUDATASHEET,24,Birds of Prey (and the Fantabulous Emancipation of One Harley Quinn),Film,2020-02-07 00:00:00,Birds of Prey (and the Fantabulous Emancipation of One Harley Quinn),movie,495764,movie,Birds of Prey (and the Fantabulous Emancipation of One Harley Quinn),2020-02-05,0.9531,matched
DCU.xlsx,MCUDATASHEET,25,The Suicide Squad,Film,2021-07-30 00:00:00,The Suicide Squad,movie,436969,movie,The Suicide Squad,2021-07-28,0.9564,matched
DCU.xlsx,MCUDATASHEET,26,A Whole New Whirled,Series,2022-01-13 00:00:00,A Whole New Whirled,tv,,tv,,,0.0,no_match
DCU.xlsx,MCUDATASHEET,27,"Best Friends, For Never",Series,2022-01-13 00:00:00,"Best Friends, For Never",tv,,tv,,,0.0,no_match
DCU.xlsx,MCUDATASHEET,28,Better Goff Dead,Series,2022-01-13 00:00:00,Better Goff Dead,tv,,tv,,,0.0,no_match
DCU.xlsx,MCUDATASHEET,29,The Choad Less Traveled,Series,2022-01-20 00:00:00,The Choad Less Traveled,tv,,tv,,,0.0,no_match
DCU.xlsx,MCUDATASHEET,30,Monkey Dory,Series,2022-01-27 00:00:00,Monkey Dory,tv,,tv,,,0.0,no_match
DCU.xlsx,MCUDATASHEET,31,Murn After Reading,Series,2022-02-03 00:00:00,Murn After Reading,tv,,tv,,,0.0,no_match
DCU.xlsx,MCUDATASHEET,32,Stop Dragon My Heart Around,Series,2022-02-10 00:00:00,Stop Dragon My Heart Around,tv,,tv,,,0.0,no_match
DCU.xlsx,MCUDATASHEET,33,It's Cow or Never,Series,2022-02-17 00:00:00,It's Cow or Never,tv,,tv,,,0.0,no_match
DCU.xlsx,MCUDATASHEET,34,Black Adam,Film,2022-10-21 00:00:00,Black Adam,movie,436270,movie,Black Adam,2022-10-19,0.9568,matched
DCU.xlsx,MCUDATASHEET,35,Shazam! Fury of the Gods,Film,2023-03-17 00:00:00,Shazam! Fury of the Gods,movie,594767,movie,Shazam! Fury of the Gods,2023-03-15,0.9526,matched
DCU.xlsx,MCUDATASHEET,36,The Flash,Film,2023-06-16 00:00:00,The Flash,movie,298618,movie,The Flash,2023-06-13,0.9566,matched
DCU.xlsx,MCUDATASHEET,37,The Batman,Film,2022-03-04 00:00:00,The Batman,movie,414906,movie,The Batman,2022-03-01,0.9601,matched
DCU.xlsx,MCUDATASHEET,38,After Hours,Series,2024-09-20 00:00:00,After Hours,tv,326873,tv,Dad v Girls After Hours,2024-02-06,0.696,matched
DCU.xlsx,MCUDATASHEET,39,Inside Man,Series,2024-09-30 00:00:00,Inside Man,tv,256162,tv,Icons Unearthed: Spider Man,2024-07-10,0.6196,review
DCU.xlsx,MCUDATASHEET,40,Bliss,Series,2024-10-07 00:00:00,Bliss,tv,316236,tv,Bliss Up - Exploring Energy The Ultimate Healer,2024-01-04,0.3686,review
DCU.xlsx,MCUDATASHEET,41,Cent'Anni,Series,2024-10-14 00:00:00,Cent'Anni,tv,207333,tv,One Hundred Years of Solitude,2024-12-11,0.362,review
DCU.xlsx,MCUDATASHEET,42,Homecoming,Series,2024-10-21 00:00:00,Homecoming,tv,280025,tv,Jonathan Ross: Haunted Homecoming,2024-12-20,0.565,review
DCU.xlsx,MCUDATASHEET,43,Gold Summit,Series,2024-10-28 00:00:00,Gold Summit,tv,,tv,,,0.0,no_match
DCU.xlsx,MCUDATASHEET,44,Top Hat,Series,2024-11-04 00:00:00,Top Hat,tv,,tv,,,0.0,no_match
DCU.xlsx,MCUDATASHEET,45,A Great or Little Thing,Series,2024-11-11 00:00:00,A Great or Little Thing,tv,,tv,,,0.0,no_match
DCU.xlsx,MCUDATASHEET,46,Aquaman and the Lost Kingdom,Film,2023-12-22 00:00:00,Aquaman and the Lost Kingdom,movie,572802,movie,Aquaman and the Lost Kingdom,2023-12-20,0.9582,matched
DCU.xlsx,MCUDATASHEET,47,Blue Beetle,Film,2023-08-18 00:00:00,Blue Beetle,movie,565770,movie,Blue Beetle,2023-08-16,0.9536,matched
DCU.xlsx,MCUDATASHEET,48,The Collywobbles,Series,2024-12-05 00:00:00,The Collywobbles,tv,,tv,,,0.0,no_match
DCU.xlsx,MCUDATASHEET,49,The Tourmaline Necklace,Series,2024-12-05 00:00:00,The Tourmaline Necklace,tv,,tv,,,0.0,no_match
DCU.xlsx,MCUDATASHEET,50,Cheers to the Tin Man,Series,2024-12-12 00:00:00,Cheers to the Tin Man,tv,,tv,,,0.0,no_match
DCU.xlsx,MCUDATASHEET,51,Chasing Squirrels,Series,2024-12-19 00:00:00,Chasing Squirrels,tv,,tv,,,0.0,no_match
DCU.xlsx,MCUDATASHEET,52,The Iron Pot,Series,2024-12-26 00:00:00,The Iron Pot,tv,,tv,,,0.0,no_match
DCU.xlsx,MCUDATASHEET,53,Priyatel Skelet,Series,2025-01-02 00:00:00,Priyatel Skelet,tv,,tv,,,0.0,no_match
DCU.xlsx,MCUDATASHEET,54,A Very Funny Monster,Series,2025-01-09 00:00:00,A Very Funny Monster,tv,,tv,,,0.0,no_match
DCU.xlsx,MCUDATASHEET,55,Superman,Film,2025-07-11 00:00:00,Superman,movie,1061474,movie,Superman,2025-07-09,0.9616,matched
DCU.xlsx,MCUDATASHEET,56,The Ties That Grind,Series,2025-08-21 00:00:00,The Ties That Grind,tv,,tv,,,0.0,no_match
DCU.xlsx,MCUDATASHEET,57,A Man is Only as Good as His Bird,Series,2025-08-28 00:00:00,A Man is Only as Good as His Bird,tv,,tv,,,0.0,no_match
DCU.xlsx,MCUDATASHEET,58,Another Rick Up My Sleeve,Series,2025-09-04 00:00:00,Another Rick Up My Sleeve,tv,,tv,,,0.0,no_match
DCU.xlsx,MCUDATASHEET,59,Need I Say Door,Series,2025-09-11 00:00:00,Need I Say Door,tv,,tv,,,0.0,no_match
DCU.xlsx,MCUDATASHEET,60,Back to the Suture,Series,2025-09-18 00:00:00,Back to the Suture,tv,,tv,,,0.0,no_match
DCU.xlsx,MCUDATASHEET,61,Ignorance is Chris,Series,2025-09-25 00:00:00,Ignorance is Chris,tv,,tv,,,0.0,no_match
DCU.xlsx,MCUDATASHEET,62,Like a Keith in the Night,Series,2025-10-02 00:00:00,Like a Keith in the Night,tv,,tv,,,0.0,no_match
DCU.xlsx,MCUDATASHEET,63,Full Nelson,Series,2025-10-09 00:00:00,Full Nelson,tv,,tv,,,0.0,no_match
DCU.xlsx,MCUDATASHEET,64,Supergirl,Film,2026-06-26 00:00:00,Supergirl,movie,1081003,movie,Supergirl,2026-06-24,1.0,matched
DCU.xlsx,MCUDATASHEET,65,Lanterns,Series,2026-08-16 00:00:00,Lanterns,tv,95350,tv,Lanterns,2026-08-16,0.9528,matched
DCU.xlsx,MCUDATASHEET,66,Lanterns,Series,2026-08-23 00:00:00,Lanterns,tv,95350,tv,Lanterns,2026-08-16,0.9528,matched
DCU.xlsx,MCUDATASHEET,67,Lanterns,Series,2026-08-30 00:00:00,Lanterns,tv,95350,tv,Lanterns,2026-08-16,0.9528,matched
DCU.xlsx,MCUDATASHEET,68,Lanterns,Series,2026-09-06 00:00:00,Lanterns,tv,95350,tv,Lanterns,2026-08-16,0.9528,matched
DCU.xlsx,MCUDATASHEET,69,Lanterns,Series,2026-09-13 00:00:00,Lanterns,tv,95350,tv,Lanterns,2026-08-16,0.9528,matched
DCU.xlsx,MCUDATASHEET,70,Lanterns,Series,2026-09-20 00:00:00,Lanterns,tv,95350,tv,Lanterns,2026-08-16,0.9528,matched
DCU.xlsx,MCUDATASHEET,71,Lanterns,Series,2026-09-27 00:00:00,Lanterns,tv,95350,tv,Lanterns,2026-08-16,0.9528,matched
DCU.xlsx,MCUDATASHEET,72,Lanterns,Series,2026-10-04 00:00:00,Lanterns,tv,95350,tv,Lanterns,2026-08-16,0.9528,matched
DCU.xlsx,MCUDATASHEET,73,Clayface,Film,2026-10-23 00:00:00,Clayface,movie,1400940,movie,Clayface,2026-10-21,0.9521,matched
DCU.xlsx,MCUDATASHEET,74,Man of Tomorrow,Film,2027-07-09 00:00:00,Man of Tomorrow,movie,1523140,movie,Man of Tomorrow,2027-07-07,0.951,matched
DCU.xlsx,MCUDATASHEET,75,The Batman: Part II,Film,2028-02-18 00:00:00,The Batman: Part II,movie,806704,movie,The Batman: Part II,2028-02-17,0.9513,matched
BIGBANGTHEORY.xlsx,BigBangTheory,2,Pilot,Series,2007-09-24 00:00:00,Pilot,tv,41194,tv,Piloti,2007-01-08,0.8849,matched
BIGBANGTHEORY.xlsx,BigBangTheory,3,The Big Bran Hypothesis,Series,2007-10-01 00:00:00,The Big Bran Hypothesis,tv,,tv,,,0.0,no_match
BIGBANGTHEORY.xlsx,BigBangTheory,4,The Fuzzy Boots Corollary,Series,2007-10-08 00:00:00,The Fuzzy Boots Corollary,tv,,tv,,,0.0,no_match
BIGBANGTHEORY.xlsx,BigBangTheory,5,The Luminous Fish Effect,Series,2007-10-15 00:00:00,The Luminous Fish Effect,tv,,tv,,,0.0,no_match
BIGBANGTHEORY.xlsx,BigBangTheory,6,The Hamburger Postulate,Series,2007-10-22 00:00:00,The Hamburger Postulate,tv,,tv,,,0.0,no_match
BIGBANGTHEORY.xlsx,BigBangTheory,7,The Middle-earth Paradigm,Series,2007-10-29 00:00:00,The Middle-earth Paradigm,tv,,tv,,,0.0,no_match
BIGBANGTHEORY.xlsx,BigBangTheory,8,The Dumpling Paradox,Series,2007-11-05 00:00:00,The Dumpling Paradox,tv,,tv,,,0.0,no_match
BIGBANGTHEORY.xlsx,BigBangTheory,9,The Grasshopper Experiment,Series,2007-11-12 00:00:00,The Grasshopper Experiment,tv,,tv,,,0.0,no_match
BIGBANGTHEORY.xlsx,BigBangTheory,10,The Cooper-Hofstadter Polarization,Series,2008-03-17 00:00:00,The Cooper-Hofstadter Polarization,tv,,tv,,,0.0,no_match
BIGBANGTHEORY.xlsx,BigBangTheory,11,The Loobenfeld Decay,Series,2008-03-24 00:00:00,The Loobenfeld Decay,tv,,tv,,,0.0,no_match
BIGBANGTHEORY.xlsx,BigBangTheory,12,The Pancake Batter Anomaly,Series,2008-03-31 00:00:00,The Pancake Batter Anomaly,tv,,tv,,,0.0,no_match
BIGBANGTHEORY.xlsx,BigBangTheory,13,The Jerusalem Duality,Series,2008-04-14 00:00:00,The Jerusalem Duality,tv,,tv,,,0.0,no_match
BIGBANGTHEORY.xlsx,BigBangTheory,14,The Bat Jar Conjecture,Series,2008-04-21 00:00:00,The Bat Jar Conjecture,tv,,tv,,,0.0,no_match
BIGBANGTHEORY.xlsx,BigBangTheory,15,The Nerdvana Annihilation,Series,2008-04-28 00:00:00,The Nerdvana Annihilation,tv,,tv,,,0.0,no_match
BIGBANGTHEORY.xlsx,BigBangTheory,16,The Pork Chop Indeterminacy,Series,2008-05-05 00:00:00,The Pork Chop Indeterminacy,tv,,tv,,,0.0,no_match
BIGBANGTHEORY.xlsx,BigBangTheory,17,The Peanut Reaction,Series,2008-05-12 00:00:00,The Peanut Reaction,tv,,tv,,,0.0,no_match
BIGBANGTHEORY.xlsx,BigBangTheory,18,The Tangerine Factor,Series,2008-05-19 00:00:00,The Tangerine Factor,tv,,tv,,,0.0,no_match
BIGBANGTHEORY.xlsx,BigBangTheory,19,The Bad Fish Paradigm,Series,2008-09-22 00:00:00,The Bad Fish Paradigm,tv,,tv,,,0.0,no_match
BIGBANGTHEORY.xlsx,BigBangTheory,20,The Codpiece Topology,Series,2008-09-29 00:00:00,The Codpiece Topology,tv,,tv,,,0.0,no_match
BIGBANGTHEORY.xlsx,BigBangTheory,21,The Barbarian Sublimation,Series,2008-10-06 00:00:00,The Barbarian Sublimation,tv,,tv,,,0.0,no_match
BIGBANGTHEORY.xlsx,BigBangTheory,22,The Griffin Equivalency,Series,2008-10-13 00:00:00,The Griffin Equivalency,tv,,tv,,,0.0,no_match
BIGBANGTHEORY.xlsx,BigBangTheory,23,The Euclid Alternative,Series,2008-10-20 00:00:00,The Euclid Alternative,tv,,tv,,,0.0,no_match
BIGBANGTHEORY.xlsx,BigBangTheory,24,The Cooper–Nowitzki Theorem,Series,2008-11-03 00:00:00,The Cooper–Nowitzki Theorem,tv,,tv,,,0.0,no_match
BIGBANGTHEORY.xlsx,BigBangTheory,25,The Panty Piñata Polarization,Series,2008-11-10 00:00:00,The Panty Piñata Polarization,tv,,tv,,,0.0,no_match
BIGBANGTHEORY.xlsx,BigBangTheory,26,The Lizard–Spock Expansion,Series,2008-11-17 00:00:00,The Lizard–Spock Expansion,tv,,tv,,,0.0,no_match
BIGBANGTHEORY.xlsx,BigBangTheory,27,The White Asparagus Triangulation,Series,2008-11-24 00:00:00,The White Asparagus Triangulation,tv,,tv,,,0.0,no_match
BIGBANGTHEORY.xlsx,BigBangTheory,28,The Vartabedian Conundrum,Series,2008-12-08 00:00:00,The Vartabedian Conundrum,tv,,tv,,,0.0,no_match
BIGBANGTHEORY.xlsx,BigBangTheory,29,The Bath Item Gift Hypothesis,Series,2008-12-15 00:00:00,The Bath Item Gift Hypothesis,tv,,tv,,,0.0,no_match
BIGBANGTHEORY.xlsx,BigBangTheory,30,The Killer Robot Instability,Series,2009-01-12 00:00:00,The Killer Robot Instability,tv,,tv,,,0.0,no_match
BIGBANGTHEORY.xlsx,BigBangTheory,31,The Friendship Algorithm,Series,2009-01-19 00:00:00,The Friendship Algorithm,tv,,tv,,,0.0,no_match
BIGBANGTHEORY.xlsx,BigBangTheory,32,The Financial Permeability,Series,2009-02-02 00:00:00,The Financial Permeability,tv,,tv,,,0.0,no_match
BIGBANGTHEORY.xlsx,BigBangTheory,33,The Maternal Capacitance,Series,2009-02-09 00:00:00,The Maternal Capacitance,tv,,tv,,,0.0,no_match
BIGBANGTHEORY.xlsx,BigBangTheory,34,The Cushion Saturation,Series,2009-03-02 00:00:00,The Cushion Saturation,tv,,tv,,,0.0,no_match
BIGBANGTHEORY.xlsx,BigBangTheory,35,The Terminator Decoupling,Series,2009-03-09 00:00:00,The Terminator Decoupling,tv,,tv,,,0.0,no_match
BIGBANGTHEORY.xlsx,BigBangTheory,36,The Work Song Nanocluster,Series,2009-03-16 00:00:00,The Work Song Nanocluster,tv,,tv,,,0.0,no_match
BIGBANGTHEORY.xlsx,BigBangTheory,37,The Dead Hooker Juxtaposition,Series,2009-03-30 00:00:00,The Dead Hooker Juxtaposition,tv,,tv,,,0.0,no_match
BIGBANGTHEORY.xlsx,BigBangTheory,38,The Hofstadter Isotope,Series,2009-04-13 00:00:00,The Hofstadter Isotope,tv,,tv,,,0.0,no_match
BIGBANGTHEORY.xlsx,BigBangTheory,39,The Vegas Renormalization,Series,2009-04-27 00:00:00,The Vegas Renormalization,tv,,tv,,,0.0,no_match
BIGBANGTHEORY.xlsx,BigBangTheory,40,The Classified Materials Turbulence,Series,2009-05-04 00:00:00,The Classified Materials Turbulence,tv,,tv,,,0.0,no_match
BIGBANGTHEORY.xlsx,BigBangTheory,41,The Monopolar Expedition,Series,2009-05-11 00:00:00,The Monopolar Expedition,tv,,tv,,,0.0,no_match
BIGBANGTHEORY.xlsx,BigBangTheory,42,The Electric Can Opener Fluctuation,Series,2009-09-21 00:00:00,The Electric Can Opener Fluctuation,tv,,tv,,,0.0,no_match
BIGBANGTHEORY.xlsx,BigBangTheory,43,The Jiminy Conjecture,Series,2009-09-28 00:00:00,The Jiminy Conjecture,tv,,tv,,,0.0,no_match
BIGBANGTHEORY.xlsx,BigBangTheory,44,The Gothowitz Deviation,Series,2009-10-05 00:00:00,The Gothowitz Deviation,tv,,tv,,,0.0,no_match
BIGBANGTHEORY.xlsx,BigBangTheory,45,The Pirate Solution,Series,2009-10-12 00:00:00,The Pirate Solution,tv,,tv,,,0.0,no_match
BIGBANGTHEORY.xlsx,BigBangTheory,46,The Creepy Candy Coating Corollary,Series,2009-10-19 00:00:00,The Creepy Candy Coating Corollary,tv,,tv,,,0.0,no_match
BIGBANGTHEORY.xlsx,BigBangTheory,47,The Cornhusker Vortex,Series,2009-11-02 00:00:00,The Cornhusker Vortex,tv,,tv,,,0.0,no_match
BIGBANGTHEORY.xlsx,BigBangTheory,48,The Guitarist Amplification,Series,2009-11-09 00:00:00,The Guitarist Amplification,tv,,tv,,,0.0,no_match
BIGBANGTHEORY.xlsx,BigBangTheory,49,The Adhesive Duck Deficiency,Series,2009-11-16 00:00:00,The Adhesive Duck Deficiency,tv,,tv,,,0.0,no_match
BIGBANGTHEORY.xlsx,BigBangTheory,50,The Vengeance Formulation,Series,2009-11-23 00:00:00,The Vengeance Formulation,tv,,tv,,,0.0,no_match
BIGBANGTHEORY.xlsx,BigBangTheory,51,The Gorilla Experiment,Series,2009-12-07 00:00:00,The Gorilla Experiment,tv,,tv,,,0.0,no_match
BIGBANGTHEORY.xlsx,BigBangTheory,52,The Maternal Congruence,Series,2009-12-14 00:00:00,The Maternal Congruence,tv,,tv,,,0.0,no_match
BIGBANGTHEORY.xlsx,BigBangTheory,53,The Psychic Vortex,Series,2010-01-11 00:00:00,The Psychic Vortex,tv,,tv,,,0.0,no_match
BIGBANGTHEORY.xlsx,BigBangTheory,54,The Bozeman Reaction,Series,2010-01-18 00:00:00,The Bozeman Reaction,tv,,tv,,,0.0,no_match
BIGBANGTHEORY.xlsx,BigBangTheory,55,The Einstein Approximation,Series,2010-02-01 00:00:00,The Einstein Approximation,tv,,tv,,,0.0,no_match
BIGBANGTHEORY.xlsx,BigBangTheory,56,The Large Hadron Collision,Series,2010-02-08 00:00:00,The Large Hadron Collision,tv,,tv,,,0.0,no_match
BIGBANGTHEORY.xlsx,BigBangTheory,57,The Excelsior Acquisition,Series,2010-03-01 00:00:00,The Excelsior Acquisition,tv,,tv,,,0.0,no_match
BIGBANGTHEORY.xlsx,BigBangTheory,58,The Precious Fragmentation,Series,2010-03-08 00:00:00,The Precious Fragmentation,tv,,tv,,,0.0,no_match
BIGBANGTHEORY.xlsx,BigBangTheory,59,The Pants Alternative,Series,2010-03-22 00:00:00,The Pants Alternative,tv,,tv,,,0.0,no_match
BIGBANGTHEORY.xlsx,BigBangTheory,60,The Wheaton Recurrence,Series,2010-04-12 00:00:00,The Wheaton Recurrence,tv,,tv,,,0.0,no_match
BIGBANGTHEORY.xlsx,BigBangTheory,61,The Spaghetti Catalyst,Series,2010-05-03 00:00:00,The Spaghetti Catalyst,tv,,tv,,,0.0,no_match
BIGBANGTHEORY.xlsx,BigBangTheory,62,The Plimpton Stimulation,Series,2010-05-10 00:00:00,The Plimpton Stimulation,tv,,tv,,,0.0,no_match
BIGBANGTHEORY.xlsx,BigBangTheory,63,The Staircase Implementation,Series,2010-05-17 00:00:00,The Staircase Implementation,tv,,tv,,,0.0,no_match
BIGBANGTHEORY.xlsx,BigBangTheory,64,The Lunar Excitation,Series,2010-05-24 00:00:00,The Lunar Excitation,tv,,tv,,,0.0,no_match
BIGBANGTHEORY.xlsx,BigBangTheory,65,The Robotic Manipulation,Series,2010-09-23 00:00:00,The Robotic Manipulation,tv,,tv,,,0.0,no_match
BIGBANGTHEORY.xlsx,BigBangTheory,66,The Cruciferous Vegetable Amplification,Series,2010-09-30 00:00:00,The Cruciferous Vegetable Amplification,tv,,tv,,,0.0,no_match
BIGBANGTHEORY.xlsx,BigBangTheory,67,The Zazzy Substitution,Series,2010-10-07 00:00:00,The Zazzy Substitution,tv,,tv,,,0.0,no_match
BIGBANGTHEORY.xlsx,BigBangTheory,68,The Hot Troll Deviation,Series,2010-10-14 00:00:00,The Hot Troll Deviation,tv,,tv,,,0.0,no_match
BIGBANGTHEORY.xlsx,BigBangTheory,69,The Desperation Emanation,Series,2010-10-21 00:00:00,The Desperation Emanation,tv,,tv,,,0.0,no_match
BIGBANGTHEORY.xlsx,BigBangTheory,70,The Irish Pub Formulation,Series,2010-10-28 00:00:00,The Irish Pub Formulation,tv,,tv,,,0.0,no_match
BIGBANGTHEORY.xlsx,BigBangTheory,71,The Apology Insufficiency,Series,2010-11-04 00:00:00,The Apology Insufficiency,tv,,tv,,,0.0,no_match
BIGBANGTHEORY.xlsx,BigBangTheory,72,The 21-Second Excitation,Series,2010-11-11 00:00:00,The 21-Second Excitation,tv,,tv,,,0.0,no_match
BIGBANGTHEORY.xlsx,BigBangTheory,73,The Boyfriend Complexity,Series,2010-11-18 00:00:00,The Boyfriend Complexity,tv,,tv,,,0.0,no_match
BIGBANGTHEORY.xlsx,BigBangTheory,74,The Alien Parasite Hypothesis,Series,2010-12-09 00:00:00,The Alien Parasite Hypothesis,tv,,tv,,,0.0,no_match
BIGBANGTHEORY.xlsx,BigBangTheory,75,The Justice League Recombination,Series,2010-12-16 00:00:00,The Justice League Recombination,tv,,tv,,,0.0,no_match
BIGBANGTHEORY.xlsx,BigBangTheory,76,The Bus Pants Utilization,Series,2011-01-06 00:00:00,The Bus Pants Utilization,tv,,tv,,,0.0,no_match
BIGBANGTHEORY.xlsx,BigBangTheory,77,The Love Car Displacement,Series,2011-01-20 00:00:00,The Love Car Displacement,tv,,tv,,,0.0,no_match
BIGBANGTHEORY.xlsx,BigBangTheory,78,The Thespian Catalyst,Series,2011-02-03 00:00:00,The Thespian Catalyst,tv,,tv,,,0.0,no_match
BIGBANGTHEORY.xlsx,BigBangTheory,79,The Benefactor Factor,Series,2011-02-10 00:00:00,The Benefactor Factor,tv,,tv,,,0.0,no_match
BIGBANGTHEORY.xlsx,BigBangTheory,80,The Cohabitation Formulation,Series,2011-02-17 00:00:00,The Cohabitation Formulation,tv,,tv,,,0.0,no_match
BIGBANGTHEORY.xlsx,BigBangTheory,81,The Toast Derivation,Series,2011-02-24 00:00:00,The Toast Derivation,tv,,tv,,,0.0,no_match
BIGBANGTHEORY.xlsx,BigBangTheory,82,The Prestidigitation Approximation,Series,2011-03-10 00:00:00,The Prestidigitation Approximation,tv,,tv,,,0.0,no_match
BIGBANGTHEORY.xlsx,BigBangTheory,83,The Zarnecki Incursion,Series,2011-03-31 00:00:00,The Zarnecki Incursion,tv,,tv,,,0.0,no_match
BIGBANGTHEORY.xlsx,BigBangTheory,84,The Herb Garden Germination,Series,2011-04-07 00:00:00,The Herb Garden Germination,tv,,tv,,,0.0,no_match
BIGBANGTHEORY.xlsx,BigBangTheory,85,The Agreement Dissection,Series,2011-04-28 00:00:00,The Agreement Dissection,tv,,tv,,,0.0,no_match
BIGBANGTHEORY.xlsx,BigBangTheory,86,The Wildebeest Implementation,Series,2011-05-05 00:00:00,The Wildebeest Implementation,tv,,tv,,,0.0,no_match
BIGBANGTHEORY.xlsx,BigBangTheory,87,The Engagement Reaction,Series,2011-05-12 00:00:00,The Engagement Reaction,tv,,tv,,,0.0,no_match
BIGBANGTHEORY.xlsx,BigBangTheory,88,The Roommate Transmogrification,Series,2011-05-19 00:00:00,The Roommate Transmogrification,tv,,tv,,,0.0,no_match
BIGBANGTHEORY.xlsx,BigBangTheory,89,The Skank Reflex Analysis,Series,2011-09-22 00:00:00,The Skank Reflex Analysis,tv,,tv,,,0.0,no_match
BIGBANGTHEORY.xlsx,BigBangTheory,90,The Infestation Hypothesis,Series,2011-09-22 00:00:00,The Infestation Hypothesis,tv,,tv,,,0.0,no_match
BIGBANGTHEORY.xlsx,BigBangTheory,91,The Pulled Groin Extrapolation,Series,2011-09-29 00:00:00,The Pulled Groin Extrapolation,tv,,tv,,,0.0,no_match
BIGBANGTHEORY.xlsx,BigBangTheory,92,The Wiggly Finger Catalyst,Series,2011-10-06 00:00:00,The Wiggly Finger Catalyst,tv,,tv,,,0.0,no_match
BIGBANGTHEORY.xlsx,BigBangTheory,93,The Russian Rocket Reaction,Series,2011-10-13 00:00:00,The Russian Rocket Reaction,tv,,tv,,,0.0,no_match
BIGBANGTHEORY.xlsx,BigBangTheory,94,The Rhinitis Revelation,Series,2011-10-20 00:00:00,The Rhinitis Revelation,tv,,tv,,,0.0,no_match
BIGBANGTHEORY.xlsx,BigBangTheory,95,The Good Guy Fluctuation,Series,2011-10-27 00:00:00,The Good Guy Fluctuation,tv,,tv,,,0.0,no_match
BIGBANGTHEORY.xlsx,BigBangTheory,96,The Isolation Permutation,Series,2011-11-03 00:00:00,The Isolation Permutation,tv,,tv,,,0.0,no_match
BIGBANGTHEORY.xlsx,BigBangTheory,97,The Ornithophobia Diffusion,Series,2011-11-10 00:00:00,The Ornithophobia Diffusion,tv,,tv,,,0.0,no_match
BIGBANGTHEORY.xlsx,BigBangTheory,98,The Flaming Spittoon Acquisition,Series,2011-11-17 00:00:00,The Flaming Spittoon Acquisition,tv,,tv,,,0.0,no_match
BIGBANGTHEORY.xlsx,BigBangTheory,99,The Speckerman Recurrence,Series,2011-12-08 00:00:00,The Speckerman Recurrence,tv,,tv,,,0.0,no_match
BIGBANGTHEORY.xlsx,BigBangTheory,100,The Shiny Trinket Maneuver,Series,2012-01-12 00:00:00,The Shiny Trinket Maneuver,tv,,tv,,,0.0,no_match
BIGBANGTHEORY.xlsx,BigBangTheory,101,The Recombination Hypothesis,Series,2012-01-19 00:00:00,The Recombination Hypothesis,tv,,tv,,,0.0,no_match
BIGBANGTHEORY.xlsx,BigBangTheory,102,The Beta Test Initiation,Series,2012-01-26 00:00:00,The Beta Test Initiation,tv,,tv,,,0.0,no_match
BIGBANGTHEORY.xlsx,BigBangTheory,103,The Friendship Contraction,Series,2012-02-02 00:00:00,The Friendship Contraction,tv,,tv,,,0.0,no_match
BIGBANGTHEORY.xlsx,BigBangTheory,104,The Vacation Solution,Series,2012-02-09 00:00:00,The Vacation Solution,tv,,tv,,,0.0,no_match
BIGBANGTHEORY.xlsx,BigBangTheory,105,The Rothman Disintegration,Series,2012-02-16 00:00:00,The Rothman Disintegration,tv,,tv,,,0.0,no_match
BIGBANGTHEORY.xlsx,BigBangTheory,106,The Werewolf Transformation,Series,2012-02-23 00:00:00,The Werewolf Transformation,tv,,tv,,,0.0,no_match
BIGBANGTHEORY.xlsx,BigBangTheory,107,The Weekend Vortex,Series,2012-03-08 00:00:00,The Weekend Vortex,tv,,tv,,,0.0,no_match
BIGBANGTHEORY.xlsx,BigBangTheory,108,The Transporter Malfunction,Series,2012-03-29 00:00:00,The Transporter Malfunction,tv,,tv,,,0.0,no_match
BIGBANGTHEORY.xlsx,BigBangTheory,109,The Hawking Excitation,Series,2012-04-05 00:00:00,The Hawking Excitation,tv,,tv,,,0.0,no_match
BIGBANGTHEORY.xlsx,BigBangTheory,110,The Stag Convergence,Series,2012-04-26 00:00:00,The Stag Convergence,tv,,tv,,,0.0,no_match
BIGBANGTHEORY.xlsx,BigBangTheory,111,The Launch Acceleration,Series,2012-05-03 00:00:00,The Launch Acceleration,tv,,tv,,,0.0,no_match
BIGBANGTHEORY.xlsx,BigBangTheory,112,The Countdown Reflection,Series,2012-05-10 00:00:00,The Countdown Reflection,tv,,tv,,,0.0,no_match
BIGBANGTHEORY.xlsx,BigBangTheory,113,The Date Night Variable,Series,2012-09-27 00:00:00,The Date Night Variable,tv,,tv,,,0.0,no_match
BIGBANGTHEORY.xlsx,BigBangTheory,114,The Decoupling Fluctuation,Series,2012-10-04 00:00:00,The Decoupling Fluctuation,tv,,tv,,,0.0,no_match
BIGBANGTHEORY.xlsx,BigBangTheory,115,The Higgs Boson Observation,Series,2012-10-11 00:00:00,The Higgs Boson Observation,tv,,tv,,,0.0,no_match
BIGBANGTHEORY.xlsx,BigBangTheory,116,The Re-Entry Minimization,Series,2012-10-18 00:00:00,The Re-Entry Minimization,tv,,tv,,,0.0,no_match
BIGBANGTHEORY.xlsx,BigBangTheory,117,The Holographic Excitation,Series,2012-10-25 00:00:00,The Holographic Excitation,tv,,tv,,,0.0,no_match
BIGBANGTHEORY.xlsx,BigBangTheory,118,The Extract Obliteration,Series,2012-11-01 00:00:00,The Extract Obliteration,tv,,tv,,,0.0,no_match
BIGBANGTHEORY.xlsx,BigBangTheory,119,The Habitation Configuration,Series,2012-11-08 00:00:00,The Habitation Configuration,tv,,tv,,,0.0,no_match
BIGBANGTHEORY.xlsx,BigBangTheory,120,The 43 Peculiarity,Series,2012-11-15 00:00:00,The 43 Peculiarity,tv,,tv,,,0.0,no_match
BIGBANGTHEORY.xlsx,BigBangTheory,121,The Parking Spot Escalation,Series,2012-11-29 00:00:00,The Parking Spot Escalation,tv,,tv,,,0.0,no_match
BIGBANGTHEORY.xlsx,BigBangTheory,122,The Fish Guts Displacement,Series,2012-12-06 00:00:00,The Fish Guts Displacement,tv,,tv,,,0.0,no_match
BIGBANGTHEORY.xlsx,BigBangTheory,123,The Santa Simulation,Series,2012-12-13 00:00:00,The Santa Simulation,tv,,tv,,,0.0,no_match
BIGBANGTHEORY.xlsx,BigBangTheory,124,The Egg Salad Equivalency,Series,2013-01-03 00:00:00,The Egg Salad Equivalency,tv,,tv,,,0.0,no_match
BIGBANGTHEORY.xlsx,BigBangTheory,125,The Bakersfield Expedition,Series,2013-01-10 00:00:00,The Bakersfield Expedition,tv,,tv,,,0.0,no_match
BIGBANGTHEORY.xlsx,BigBangTheory,126,The Cooper/Kripke Inversion,Series,2013-01-31 00:00:00,The Cooper/Kripke Inversion,tv,,tv,,,0.0,no_match
BIGBANGTHEORY.xlsx,BigBangTheory,127,The Spoiler Alert Segmentation,Series,2013-02-07 00:00:00,The Spoiler Alert Segmentation,tv,,tv,,,0.0,no_match
BIGBANGTHEORY.xlsx,BigBangTheory,128,The Tangible Affection Proof,Series,2013-02-14 00:00:00,The Tangible Affection Proof,tv,,tv,,,0.0,no_match
BIGBANGTHEORY.xlsx,BigBangTheory,129,The Monster Isolation,Series,2013-02-21 00:00:00,The Monster Isolation,tv,,tv,,,0.0,no_match
BIGBANGTHEORY.xlsx,BigBangTheory,130,The Contractual Obligation Implementation,Series,2013-03-07 00:00:00,The Contractual Obligation Implementation,tv,,tv,,,0.0,no_match
BIGBANGTHEORY.xlsx,BigBangTheory,131,The Closet Reconfiguration,Series,2013-03-14 00:00:00,The Closet Reconfiguration,tv,,tv,,,0.0,no_match
BIGBANGTHEORY.xlsx,BigBangTheory,132,The Tenure Turbulence,Series,2013-04-04 00:00:00,The Tenure Turbulence,tv,,tv,,,0.0,no_match
BIGBANGTHEORY.xlsx,BigBangTheory,133,The Closure Alternative,Series,2013-04-25 00:00:00,The Closure Alternative,tv,,tv,,,0.0,no_match
BIGBANGTHEORY.xlsx,BigBangTheory,134,The Proton Resurgence,Series,2013-05-02 00:00:00,The Proton Resurgence,tv,,tv,,,0.0,no_match
BIGBANGTHEORY.xlsx,BigBangTheory,135,The Love Spell Potential,Series,2013-05-09 00:00:00,The Love Spell Potential,tv,,tv,,,0.0,no_match
BIGBANGTHEORY.xlsx,BigBangTheory,136,The Bon Voyage Reaction,Series,2013-05-16 00:00:00,The Bon Voyage Reaction,tv,,tv,,,0.0,no_match
BIGBANGTHEORY.xlsx,BigBangTheory,137,The Hofstadter Insufficiency,Series,2013-09-26 00:00:00,The Hofstadter Insufficiency,tv,,tv,,,0.0,no_match
BIGBANGTHEORY.xlsx,BigBangTheory,138,The Deception Verification,Series,2013-09-26 00:00:00,The Deception Verification,tv,,tv,,,0.0,no_match
BIGBANGTHEORY.xlsx,BigBangTheory,139,The Scavenger Vortex,Series,2013-10-03 00:00:00,The Scavenger Vortex,tv,,tv,,,0.0,no_match
BIGBANGTHEORY.xlsx,BigBangTheory,140,The Raiders Minimization,Series,2013-10-10 00:00:00,The Raiders Minimization,tv,,tv,,,0.0,no_match
BIGBANGTHEORY.xlsx,BigBangTheory,141,The Workplace Proximity,Series,2013-10-17 00:00:00,The Workplace Proximity,tv,,tv,,,0.0,no_match
BIGBANGTHEORY.xlsx,BigBangTheory,142,The Romance Resonance,Series,2013-10-24 00:00:00,The Romance Resonance,tv,,tv,,,0.0,no_match
BIGBANGTHEORY.xlsx,BigBangTheory,143,The Proton Displacement,Series,2013-11-07 00:00:00,The Proton Displacement,tv,,tv,,,0.0,no_match
BIGBANGTHEORY.xlsx,BigBangTheory,144,The Itchy Brain Simulation,Series,2013-11-14 00:00:00,The Itchy Brain Simulation,tv,,tv,,,0.0,no_match
BIGBANGTHEORY.xlsx,BigBangTheory,145,The Thanksgiving Decoupling,Series,2013-11-21 00:00:00,The Thanksgiving Decoupling,tv,,tv,,,0.0,no_match
BIGBANGTHEORY.xlsx,BigBangTheory,146,The Discovery Dissipation,Series,2013-12-05 00:00:00,The Discovery Dissipation,tv,,tv,,,0.0,no_match
BIGBANGTHEORY.xlsx,BigBangTheory,147,The Cooper Extraction,Series,2013-12-12 00:00:00,The Cooper Extraction,tv,,tv,,,0.0,no_match
BIGBANGTHEORY.xlsx,BigBangTheory,148,The Hesitation Ramification,Series,2014-01-02 00:00:00,The Hesitation Ramification,tv,,tv,,,0.0,no_match
BIGBANGTHEORY.xlsx,BigBangTheory,149,The Occupation Recalibration,Series,2014-01-09 00:00:00,The Occupation Recalibration,tv,,tv,,,0.0,no_match
BIGBANGTHEORY.xlsx,BigBangTheory,150,The Convention Conundrum,Series,2014-01-30 00:00:00,The Convention Conundrum,tv,,tv,,,0.0,no_match
BIGBANGTHEORY.xlsx,BigBangTheory,151,The Locomotive Manipulation,Series,2014-02-06 00:00:00,The Locomotive Manipulation,tv,,tv,,,0.0,no_match
BIGBANGTHEORY.xlsx,BigBangTheory,152,The Table Polarization,Series,2014-02-27 00:00:00,The Table Polarization,tv,,tv,,,0.0,no_match
BIGBANGTHEORY.xlsx,BigBangTheory,153,The Friendship Turbulence,Series,2014-03-06 00:00:00,The Friendship Turbulence,tv,,tv,,,0.0,no_match
BIGBANGTHEORY.xlsx,BigBangTheory,154,The Mommy Observation,Series,2014-03-13 00:00:00,The Mommy Observation,tv,,tv,,,0.0,no_match
BIGBANGTHEORY.xlsx,BigBangTheory,155,The Indecision Amalgamation,Series,2014-04-03 00:00:00,The Indecision Amalgamation,tv,,tv,,,0.0,no_match
BIGBANGTHEORY.xlsx,BigBangTheory,156,The Relationship Diremption,Series,2014-04-10 00:00:00,The Relationship Diremption,tv,,tv,,,0.0,no_match
BIGBANGTHEORY.xlsx,BigBangTheory,157,The Anything Can Happen Recurrence,Series,2014-04-24 00:00:00,The Anything Can Happen Recurrence,tv,,tv,,,0.0,no_match
BIGBANGTHEORY.xlsx,BigBangTheory,158,The Proton Transmogrification,Series,2014-05-01 00:00:00,The Proton Transmogrification,tv,,tv,,,0.0,no_match
BIGBANGTHEORY.xlsx,BigBangTheory,159,The Gorilla Dissolution,Series,2014-05-08 00:00:00,The Gorilla Dissolution,tv,,tv,,,0.0,no_match
BIGBANGTHEORY.xlsx,BigBangTheory,160,The Status Quo Combustion,Series,2014-05-15 00:00:00,The Status Quo Combustion,tv,,tv,,,0.0,no_match
BIGBANGTHEORY.xlsx,BigBangTheory,161,The Locomotion Interruption,Series,2014-09-22 00:00:00,The Locomotion Interruption,tv,,tv,,,0.0,no_match
BIGBANGTHEORY.xlsx,BigBangTheory,162,The Junior Professor Solution,Series,2014-09-22 00:00:00,The Junior Professor Solution,tv,,tv,,,0.0,no_match
BIGBANGTHEORY.xlsx,BigBangTheory,163,The First Pitch Insufficiency,Series,2014-09-29 00:00:00,The First Pitch Insufficiency,tv,,tv,,,0.0,no_match
BIGBANGTHEORY.xlsx,BigBangTheory,164,The Hook-Up Reverberation,Series,2014-10-06 00:00:00,The Hook-Up Reverberation,tv,,tv,,,0.0,no_match
BIGBANGTHEORY.xlsx,BigBangTheory,165,The Focus Attenuation,Series,2014-10-13 00:00:00,The Focus Attenuation,tv,,tv,,,0.0,no_match
BIGBANGTHEORY.xlsx,BigBangTheory,166,The Expedition Approximation,Series,2014-10-20 00:00:00,The Expedition Approximation,tv,,tv,,,0.0,no_match
BIGBANGTHEORY.xlsx,BigBangTheory,167,The Misinterpretation Agitation,Series,2014-10-30 00:00:00,The Misinterpretation Agitation,tv,,tv,,,0.0,no_match
BIGBANGTHEORY.xlsx,BigBangTheory,168,The Prom Equivalency,Series,2014-11-06 00:00:00,The Prom Equivalency,tv,,tv,,,0.0,no_match
BIGBANGTHEORY.xlsx,BigBangTheory,169,The Septum Deviation,Series,2014-11-13 00:00:00,The Septum Deviation,tv,,tv,,,0.0,no_match
BIGBANGTHEORY.xlsx,BigBangTheory,170,The Champagne Reflection,Series,2014-11-20 00:00:00,The Champagne Reflection,tv,,tv,,,0.0,no_match
BIGBANGTHEORY.xlsx,BigBangTheory,171,The Clean Room Infiltration,Series,2014-12-11 00:00:00,The Clean Room Infiltration,tv,,tv,,,0.0,no_match
BIGBANGTHEORY.xlsx,BigBangTheory,172,The Space Probe Disintegration,Series,2015-01-08 00:00:00,The Space Probe Disintegration,tv,,tv,,,0.0,no_match
BIGBANGTHEORY.xlsx,BigBangTheory,173,The Anxiety Optimization,Series,2015-01-29 00:00:00,The Anxiety Optimization,tv,,tv,,,0.0,no_match
BIGBANGTHEORY.xlsx,BigBangTheory,174,The Troll Manifestation,Series,2015-02-05 00:00:00,The Troll Manifestation,tv,,tv,,,0.0,no_match
BIGBANGTHEORY.xlsx,BigBangTheory,175,The Comic Book Store Regeneration,Series,2015-02-19 00:00:00,The Comic Book Store Regeneration,tv,,tv,,,0.0,no_match
BIGBANGTHEORY.xlsx,BigBangTheory,176,The Intimacy Acceleration,Series,2015-02-26 00:00:00,The Intimacy Acceleration,tv,,tv,,,0.0,no_match
BIGBANGTHEORY.xlsx,BigBangTheory,177,The Colonization Application,Series,2015-03-05 00:00:00,The Colonization Application,tv,,tv,,,0.0,no_match
BIGBANGTHEORY.xlsx,BigBangTheory,178,The Leftover Thermalization,Series,2015-03-12 00:00:00,The Leftover Thermalization,tv,,tv,,,0.0,no_match
BIGBANGTHEORY.xlsx,BigBangTheory,179,The Skywalker Incursion,Series,2015-04-02 00:00:00,The Skywalker Incursion,tv,,tv,,,0.0,no_match
BIGBANGTHEORY.xlsx,BigBangTheory,180,The Fortification Implementation,Series,2015-04-09 00:00:00,The Fortification Implementation,tv,,tv,,,0.0,no_match
BIGBANGTHEORY.xlsx,BigBangTheory,181,The Communication Deterioration,Series,2015-04-16 00:00:00,The Communication Deterioration,tv,,tv,,,0.0,no_match
BIGBANGTHEORY.xlsx,BigBangTheory,182,The Graduation Transmission,Series,2015-04-23 00:00:00,The Graduation Transmission,tv,,tv,,,0.0,no_match
BIGBANGTHEORY.xlsx,BigBangTheory,183,The Maternal Combustion,Series,2015-04-30 00:00:00,The Maternal Combustion,tv,,tv,,,0.0,no_match
BIGBANGTHEORY.xlsx,BigBangTheory,184,The Commitment Determination,Series,2015-05-07 00:00:00,The Commitment Determination,tv,,tv,,,0.0,no_match
BIGBANGTHEORY.xlsx,BigBangTheory,185,The Matrimonial Momentum,Series,2015-09-21 00:00:00,The Matrimonial Momentum,tv,,tv,,,0.0,no_match
BIGBANGTHEORY.xlsx,BigBangTheory,186,The Separation Oscillation,Series,2015-09-28 00:00:00,The Separation Oscillation,tv,,tv,,,0.0,no_match
BIGBANGTHEORY.xlsx,BigBangTheory,187,The Bachelor Party Corrosion,Series,2015-10-05 00:00:00,The Bachelor Party Corrosion,tv,,tv,,,0.0,no_match
BIGBANGTHEORY.xlsx,BigBangTheory,188,The 2003 Approximation,Series,2015-10-12 00:00:00,The 2003 Approximation,tv,,tv,,,0.0,no_match
BIGBANGTHEORY.xlsx,BigBangTheory,189,The Perspiration Implementation,Series,2015-10-19 00:00:00,The Perspiration Implementation,tv,,tv,,,0.0,no_match
BIGBANGTHEORY.xlsx,BigBangTheory,190,The Helium Insufficiency,Series,2015-10-26 00:00:00,The Helium Insufficiency,tv,,tv,,,0.0,no_match
BIGBANGTHEORY.xlsx,BigBangTheory,191,The Spock Resonance,Series,2015-11-05 00:00:00,The Spock Resonance,tv,,tv,,,0.0,no_match
BIGBANGTHEORY.xlsx,BigBangTheory,192,The Mystery Date Observation,Series,2015-11-12 00:00:00,The Mystery Date Observation,tv,,tv,,,0.0,no_match
BIGBANGTHEORY.xlsx,BigBangTheory,193,The Platonic Permutation,Series,2015-11-19 00:00:00,The Platonic Permutation,tv,,tv,,,0.0,no_match
BIGBANGTHEORY.xlsx,BigBangTheory,194,The Earworm Reverberation,Series,2015-12-10 00:00:00,The Earworm Reverberation,tv,,tv,,,0.0,no_match
BIGBANGTHEORY.xlsx,BigBangTheory,195,The Opening Night Excitation,Series,2015-12-17 00:00:00,The Opening Night Excitation,tv,,tv,,,0.0,no_match
BIGBANGTHEORY.xlsx,BigBangTheory,196,The Sales Call Sublimation,Series,2016-01-07 00:00:00,The Sales Call Sublimation,tv,,tv,,,0.0,no_match
BIGBANGTHEORY.xlsx,BigBangTheory,197,The Empathy Optimization,Series,2016-01-14 00:00:00,The Empathy Optimization,tv,,tv,,,0.0,no_match
BIGBANGTHEORY.xlsx,BigBangTheory,198,The Meemaw Materialization,Series,2016-02-04 00:00:00,The Meemaw Materialization,tv,,tv,,,0.0,no_match
BIGBANGTHEORY.xlsx,BigBangTheory,199,The Valentino Submergence,Series,2016-02-11 00:00:00,The Valentino Submergence,tv,,tv,,,0.0,no_match
BIGBANGTHEORY.xlsx,BigBangTheory,200,The Positive Negative Reaction,Series,2016-02-18 00:00:00,The Positive Negative Reaction,tv,,tv,,,0.0,no_match
BIGBANGTHEORY.xlsx,BigBangTheory,201,The Celebration Experimentation,Series,2016-02-25 00:00:00,The Celebration Experimentation,tv,,tv,,,0.0,no_match
BIGBANGTHEORY.xlsx,BigBangTheory,202,The Application Deterioration,Series,2016-03-10 00:00:00,The Application Deterioration,tv,,tv,,,0.0,no_match
BIGBANGTHEORY.xlsx,BigBangTheory,203,The Solder Excursion Diversion,Series,2016-03-31 00:00:00,The Solder Excursion Diversion,tv,,tv,,,0.0,no_match
BIGBANGTHEORY.xlsx,BigBangTheory,204,The Big Bear Precipitation,Series,2016-04-07 00:00:00,The Big Bear Precipitation,tv,,tv,,,0.0,no_match
BIGBANGTHEORY.xlsx,BigBangTheory,205,The Viewing Party Combustion,Series,2016-04-21 00:00:00,The Viewing Party Combustion,tv,,tv,,,0.0,no_match
BIGBANGTHEORY.xlsx,BigBangTheory,206,The Fermentation Bifurcation,Series,2016-04-28 00:00:00,The Fermentation Bifurcation,tv,,tv,,,0.0,no_match
BIGBANGTHEORY.xlsx,BigBangTheory,207,The Line Substitution Solution,Series,2016-05-05 00:00:00,The Line Substitution Solution,tv,,tv,,,0.0,no_match
BIGBANGTHEORY.xlsx,BigBangTheory,208,The Convergence Convergence,Series,2016-05-12 00:00:00,The Convergence Convergence,tv,,tv,,,0.0,no_match
BIGBANGTHEORY.xlsx,BigBangTheory,209,The Conjugal Conjecture,Series,2016-09-19 00:00:00,The Conjugal Conjecture,tv,,tv,,,0.0,no_match
BIGBANGTHEORY.xlsx,BigBangTheory,210,The Military Miniaturization,Series,2016-09-26 00:00:00,The Military Miniaturization,tv,,tv,,,0.0,no_match
BIGBANGTHEORY.xlsx,BigBangTheory,211,The Dependence Transcendence,Series,2016-10-03 00:00:00,The Dependence Transcendence,tv,,tv,,,0.0,no_match
BIGBANGTHEORY.xlsx,BigBangTheory,212,The Cohabitation Experimentation,Series,2016-10-10 00:00:00,The Cohabitation Experimentation,tv,,tv,,,0.0,no_match
BIGBANGTHEORY.xlsx,BigBangTheory,213,The Hot Tub Contamination,Series,2016-10-17 00:00:00,The Hot Tub Contamination,tv,,tv,,,0.0,no_match
BIGBANGTHEORY.xlsx,BigBangTheory,214,The Fetal Kick Catalyst,Series,2016-10-27 00:00:00,The Fetal Kick Catalyst,tv,,tv,,,0.0,no_match
BIGBANGTHEORY.xlsx,BigBangTheory,215,The Veracity Elasticity,Series,2016-11-03 00:00:00,The Veracity Elasticity,tv,,tv,,,0.0,no_match
BIGBANGTHEORY.xlsx,BigBangTheory,216,The Brain Bowl Incubation,Series,2016-11-10 00:00:00,The Brain Bowl Incubation,tv,,tv,,,0.0,no_match
BIGBANGTHEORY.xlsx,BigBangTheory,217,The Geology Elevation,Series,2016-11-17 00:00:00,The Geology Elevation,tv,,tv,,,0.0,no_match
BIGBANGTHEORY.xlsx,BigBangTheory,218,The Property Division Collision,Series,2016-12-01 00:00:00,The Property Division Collision,tv,,tv,,,0.0,no_match
BIGBANGTHEORY.xlsx,BigBangTheory,219,The Birthday Synchronicity,Series,2016-12-15 00:00:00,The Birthday Synchronicity,tv,,tv,,,0.0,no_match
BIGBANGTHEORY.xlsx,BigBangTheory,220,The Holiday Summation,Series,2017-01-05 00:00:00,The Holiday Summation,tv,,tv,,,0.0,no_match
BIGBANGTHEORY.xlsx,BigBangTheory,221,The Romance Recalibration,Series,2017-01-19 00:00:00,The Romance Recalibration,tv,,tv,,,0.0,no_match
BIGBANGTHEORY.xlsx,BigBangTheory,222,The Emotion Detection Automation,Series,2017-02-02 00:00:00,The Emotion Detection Automation,tv,,tv,,,0.0,no_match
BIGBANGTHEORY.xlsx,BigBangTheory,223,The Locomotion Reverberation,Series,2017-02-09 00:00:00,The Locomotion Reverberation,tv,,tv,,,0.0,no_match
BIGBANGTHEORY.xlsx,BigBangTheory,224,The Allowance Evaporation,Series,2017-02-16 00:00:00,The Allowance Evaporation,tv,,tv,,,0.0,no_match
BIGBANGTHEORY.xlsx,BigBangTheory,225,The Comic-Con Conundrum,Series,2017-02-23 00:00:00,The Comic-Con Conundrum,tv,,tv,,,0.0,no_match
BIGBANGTHEORY.xlsx,BigBangTheory,226,The Escape Hatch Identification,Series,2017-03-09 00:00:00,The Escape Hatch Identification,tv,,tv,,,0.0,no_match
BIGBANGTHEORY.xlsx,BigBangTheory,227,The Collaboration Fluctuation,Series,2017-03-30 00:00:00,The Collaboration Fluctuation,tv,,tv,,,0.0,no_match
BIGBANGTHEORY.xlsx,BigBangTheory,228,The Recollection Dissipation,Series,2017-04-06 00:00:00,The Recollection Dissipation,tv,,tv,,,0.0,no_match
BIGBANGTHEORY.xlsx,BigBangTheory,229,The Separation Agitation,Series,2017-04-13 00:00:00,The Separation Agitation,tv,,tv,,,0.0,no_match
BIGBANGTHEORY.xlsx,BigBangTheory,230,The Cognition Regeneration,Series,2017-04-27 00:00:00,The Cognition Regeneration,tv,,tv,,,0.0,no_match
BIGBANGTHEORY.xlsx,BigBangTheory,231,The Gyroscopic Collapse,Series,2017-05-04 00:00:00,The Gyroscopic Collapse,tv,,tv,,,0.0,no_match
BIGBANGTHEORY.xlsx,BigBangTheory,232,The Long Distance Dissonance,Series,2017-05-11 00:00:00,The Long Distance Dissonance,tv,,tv,,,0.0,no_match
BIGBANGTHEORY.xlsx,BigBangTheory,233,The Proposal Proposal,Series,2017-09-25 00:00:00,The Proposal Proposal,tv,,tv,,,0.0,no_match
BIGBANGTHEORY.xlsx,BigBangTheory,234,Pilot,Series,2017-09-25 00:00:00,Pilot,tv,72306,tv,La piloto,2017-03-07,0.7457,matched
BIGBANGTHEORY.xlsx,BigBangTheory,235,The Retraction Reaction,Series,2017-10-02 00:00:00,The Retraction Reaction,tv,,tv,,,0.0,no_match
BIGBANGTHEORY.xlsx,BigBangTheory,236,The Relaxation Integration,Series,2017-10-09 00:00:00,The Relaxation Integration,tv,,tv,,,0.0,no_match
BIGBANGTHEORY.xlsx,BigBangTheory,237,The Explosion Implosion,Series,2017-10-16 00:00:00,The Explosion Implosion,tv,,tv,,,0.0,no_match
BIGBANGTHEORY.xlsx,BigBangTheory,238,The Collaboration Contamination,Series,2017-10-23 00:00:00,The Collaboration Contamination,tv,,tv,,,0.0,no_match
BIGBANGTHEORY.xlsx,BigBangTheory,239,The Proton Regeneration,Series,2017-11-02 00:00:00,The Proton Regeneration,tv,,tv,,,0.0,no_match
BIGBANGTHEORY.xlsx,BigBangTheory,240,"Rockets, Communists, and the Dewey Decimal System",Series,2017-11-02 00:00:00,"Rockets, Communists, and the Dewey Decimal System",tv,,tv,,,0.0,no_match
BIGBANGTHEORY.xlsx,BigBangTheory,241,The Geology Methodology,Series,2017-11-09 00:00:00,The Geology Methodology,tv,,tv,,,0.0,no_match
BIGBANGTHEORY.xlsx,BigBangTheory,242,"Poker, Faith, and Eggs",Series,2017-11-09 00:00:00,"Poker, Faith, and Eggs",tv,,tv,,,0.0,no_match
BIGBANGTHEORY.xlsx,BigBangTheory,243,The Tesla Recoil,Series,2017-11-16 00:00:00,The Tesla Recoil,tv,,tv,,,0.0,no_match
BIGBANGTHEORY.xlsx,BigBangTheory,244,"A Therapist, a Comic Book, and a Breakfast Sausage",Series,2017-11-16 00:00:00,"A Therapist, a Comic Book, and a Breakfast Sausage",tv,,tv,,,0.0,no_match
BIGBANGTHEORY.xlsx,BigBangTheory,245,"A Solar Calculator, a Game Ball, and a Cheerleader's Bosom",Series,2017-11-23 00:00:00,"A Solar Calculator, a Game Ball, and a Cheerleader's Bosom",tv,,tv,,,0.0,no_match
BIGBANGTHEORY.xlsx,BigBangTheory,246,The Bitcoin Entanglement,Series,2017-11-30 00:00:00,The Bitcoin Entanglement,tv,,tv,,,0.0,no_match
BIGBANGTHEORY.xlsx,BigBangTheory,247,"A Patch, a Modem, and a Zantac",Series,2017-11-30 00:00:00,"A Patch, a Modem, and a Zantac",tv,,tv,,,0.0,no_match
BIGBANGTHEORY.xlsx,BigBangTheory,248,The Confidence Erosion,Series,2017-12-07 00:00:00,The Confidence Erosion,tv,,tv,,,0.0,no_match
BIGBANGTHEORY.xlsx,BigBangTheory,249,"A Brisket, Voodoo and Cannonball Run",Series,2017-12-07 00:00:00,"A Brisket, Voodoo and Cannonball Run",tv,,tv,,,0.0,no_match
BIGBANGTHEORY.xlsx,BigBangTheory,250,The Celebration Reverberation,Series,2017-12-14 00:00:00,The Celebration Reverberation,tv,,tv,,,0.0,no_match
BIGBANGTHEORY.xlsx,BigBangTheory,251,"Cape Canaveral, Schrödinger's Cat, and Cyndi Lauper's Hair",Series,2017-12-14 00:00:00,"Cape Canaveral, Schrödinger's Cat, and Cyndi Lauper's Hair",tv,,tv,,,0.0,no_match
BIGBANGTHEORY.xlsx,BigBangTheory,252,"Spock, Kirk, and Testicular Hernia",Series,2017-12-21 00:00:00,"Spock, Kirk, and Testicular Hernia",tv,,tv,,,0.0,no_match
BIGBANGTHEORY.xlsx,BigBangTheory,253,The Matrimonial Metric,Series,2018-01-04 00:00:00,The Matrimonial Metric,tv,,tv,,,0.0,no_match
BIGBANGTHEORY.xlsx,BigBangTheory,254,"An Eagle Feather, a String Bean, and an Eskimo",Series,2018-01-04 00:00:00,"An Eagle Feather, a String Bean, and an Eskimo",tv,,tv,,,0.0,no_match
BIGBANGTHEORY.xlsx,BigBangTheory,255,The Solo Oscillation,Series,2018-01-11 00:00:00,The Solo Oscillation,tv,,tv,,,0.0,no_match
BIGBANGTHEORY.xlsx,BigBangTheory,256,"Demons, Sunday School, and Prime Numbers",Series,2018-01-11 00:00:00,"Demons, Sunday School, and Prime Numbers",tv,,tv,,,0.0,no_match
BIGBANGTHEORY.xlsx,BigBangTheory,257,The Separation Triangulation,Series,2018-01-18 00:00:00,The Separation Triangulation,tv,,tv,,,0.0,no_match
BIGBANGTHEORY.xlsx,BigBangTheory,258,"A Computer, a Plastic Pony, and a Case of Beer",Series,2018-01-18 00:00:00,"A Computer, a Plastic Pony, and a Case of Beer",tv,,tv,,,0.0,no_match
BIGBANGTHEORY.xlsx,BigBangTheory,259,The Novelization Correlation,Series,2018-02-01 00:00:00,The Novelization Correlation,tv,,tv,,,0.0,no_match
BIGBANGTHEORY.xlsx,BigBangTheory,260,"A Sneeze, Detention, and Sissy Spacek",Series,2018-02-01 00:00:00,"A Sneeze, Detention, and Sissy Spacek",tv,,tv,,,0.0,no_match
BIGBANGTHEORY.xlsx,BigBangTheory,261,The Neonatal Nomenclature,Series,2018-03-01 00:00:00,The Neonatal Nomenclature,tv,,tv,,,0.0,no_match
BIGBANGTHEORY.xlsx,BigBangTheory,262,"Potato Salad, a Broomstick, and Dad's Whiskey",Series,2018-03-01 00:00:00,"Potato Salad, a Broomstick, and Dad's Whiskey",tv,,tv,,,0.0,no_match
BIGBANGTHEORY.xlsx,BigBangTheory,263,The Athenaeum Allocation,Series,2018-03-08 00:00:00,The Athenaeum Allocation,tv,,tv,,,0.0,no_match
BIGBANGTHEORY.xlsx,BigBangTheory,264,"Dolomite, Apple Slices, and a Mystery Woman",Series,2018-03-08 00:00:00,"Dolomite, Apple Slices, and a Mystery Woman",tv,,tv,,,0.0,no_match
BIGBANGTHEORY.xlsx,BigBangTheory,265,The Gates Excitation,Series,2018-03-29 00:00:00,The Gates Excitation,tv,,tv,,,0.0,no_match
BIGBANGTHEORY.xlsx,BigBangTheory,266,"Killer Asteroids, Oklahoma, and a Frizzy Hair Machine",Series,2018-03-29 00:00:00,"Killer Asteroids, Oklahoma, and a Frizzy Hair Machine",tv,,tv,,,0.0,no_match
BIGBANGTHEORY.xlsx,BigBangTheory,267,The Tenant Disassociation,Series,2018-04-05 00:00:00,The Tenant Disassociation,tv,,tv,,,0.0,no_match
BIGBANGTHEORY.xlsx,BigBangTheory,268,"Jiu-Jitsu, Bubble Wrap, and Yoo-Hoo",Series,2018-04-05 00:00:00,"Jiu-Jitsu, Bubble Wrap, and Yoo-Hoo",tv,,tv,,,0.0,no_match
BIGBANGTHEORY.xlsx,BigBangTheory,269,The Reclusive Potential,Series,2018-04-12 00:00:00,The Reclusive Potential,tv,,tv,,,0.0,no_match
BIGBANGTHEORY.xlsx,BigBangTheory,270,"A Mother, A Child, and a Blue Man's Backside",Series,2018-04-12 00:00:00,"A Mother, A Child, and a Blue Man's Backside",tv,,tv,,,0.0,no_match
BIGBANGTHEORY.xlsx,BigBangTheory,271,The Comet Polarization,Series,2018-04-19 00:00:00,The Comet Polarization,tv,,tv,,,0.0,no_match
BIGBANGTHEORY.xlsx,BigBangTheory,272,"Gluons, Guacamole, and the Color Purple",Series,2018-04-19 00:00:00,"Gluons, Guacamole, and the Color Purple",tv,,tv,,,0.0,no_match
BIGBANGTHEORY.xlsx,BigBangTheory,273,The Monetary Insufficiency,Series,2018-04-26 00:00:00,The Monetary Insufficiency,tv,,tv,,,0.0,no_match
BIGBANGTHEORY.xlsx,BigBangTheory,274,"A Dog, A Squirrel, and a Fish Named Fish",Series,2018-04-26 00:00:00,"A Dog, A Squirrel, and a Fish Named Fish",tv,,tv,,,0.0,no_match
BIGBANGTHEORY.xlsx,BigBangTheory,275,The Sibling Realignment,Series,2018-05-03 00:00:00,The Sibling Realignment,tv,,tv,,,0.0,no_match
BIGBANGTHEORY.xlsx,BigBangTheory,276,"Summer Sausage, a Pocket Poncho, and Tony Danza",Series,2018-05-03 00:00:00,"Summer Sausage, a Pocket Poncho, and Tony Danza",tv,,tv,,,0.0,no_match
BIGBANGTHEORY.xlsx,BigBangTheory,277,The Bow Tie Asymmetry,Series,2018-05-10 00:00:00,The Bow Tie Asymmetry,tv,,tv,,,0.0,no_match
BIGBANGTHEORY.xlsx,BigBangTheory,278,"Vanilla Ice Cream, Gentleman Callers, and a Dinette Set",Series,2018-05-10 00:00:00,"Vanilla Ice Cream, Gentleman Callers, and a Dinette Set",tv,,tv,,,0.0,no_match
BIGBANGTHEORY.xlsx,BigBangTheory,279,The Conjugal Configuration,Series,2018-09-24 00:00:00,The Conjugal Configuration,tv,,tv,,,0.0,no_match
BIGBANGTHEORY.xlsx,BigBangTheory,280,A High-Pitched Buzz and Training Wheels,Series,2018-09-24 00:00:00,A High-Pitched Buzz and Training Wheels,tv,,tv,,,0.0,no_match
BIGBANGTHEORY.xlsx,BigBangTheory,281,The Wedding Gift Wormhole,Series,2018-09-27 00:00:00,The Wedding Gift Wormhole,tv,,tv,,,0.0,no_match
BIGBANGTHEORY.xlsx,BigBangTheory,282,A Rival Prodigy and Sir Isaac Neutron,Series,2018-09-27 00:00:00,A Rival Prodigy and Sir Isaac Neutron,tv,,tv,,,0.0,no_match
BIGBANGTHEORY.xlsx,BigBangTheory,283,The Procreation Calculation,Series,2018-10-04 00:00:00,The Procreation Calculation,tv,,tv,,,0.0,no_match
BIGBANGTHEORY.xlsx,BigBangTheory,284,A Crisis of Faith and Octopus Aliens,Series,2018-10-04 00:00:00,A Crisis of Faith and Octopus Aliens,tv,,tv,,,0.0,no_match
BIGBANGTHEORY.xlsx,BigBangTheory,285,The Tam Turbulence,Series,2018-10-11 00:00:00,The Tam Turbulence,tv,,tv,,,0.0,no_match
BIGBANGTHEORY.xlsx,BigBangTheory,286,A Financial Secret and Fish Sauce,Series,2018-10-11 00:00:00,A Financial Secret and Fish Sauce,tv,,tv,,,0.0,no_match
BIGBANGTHEORY.xlsx,BigBangTheory,287,The Planetarium Collision,Series,2018-10-18 00:00:00,The Planetarium Collision,tv,,tv,,,0.0,no_match
BIGBANGTHEORY.xlsx,BigBangTheory,288,A Research Study and Czechoslovakian Wedding Pastries,Series,2018-10-18 00:00:00,A Research Study and Czechoslovakian Wedding Pastries,tv,,tv,,,0.0,no_match
BIGBANGTHEORY.xlsx,BigBangTheory,289,The Imitation Perturbation,Series,2018-10-25 00:00:00,The Imitation Perturbation,tv,,tv,,,0.0,no_match
BIGBANGTHEORY.xlsx,BigBangTheory,290,Seven Deadly Sins and a Small Carl Sagan,Series,2018-10-25 00:00:00,Seven Deadly Sins and a Small Carl Sagan,tv,,tv,,,0.0,no_match
BIGBANGTHEORY.xlsx,BigBangTheory,291,The Grant Allocation Derivation,Series,2018-11-01 00:00:00,The Grant Allocation Derivation,tv,,tv,,,0.0,no_match
BIGBANGTHEORY.xlsx,BigBangTheory,292,Carbon Dating and a Stuffed Raccoon,Series,2018-11-01 00:00:00,Carbon Dating and a Stuffed Raccoon,tv,,tv,,,0.0,no_match
BIGBANGTHEORY.xlsx,BigBangTheory,293,The Consummation Deviation,Series,2018-11-08 00:00:00,The Consummation Deviation,tv,,tv,,,0.0,no_match
BIGBANGTHEORY.xlsx,BigBangTheory,294,An 8-Bit Princess and a Flat Tire Genius,Series,2018-11-08 00:00:00,An 8-Bit Princess and a Flat Tire Genius,tv,,tv,,,0.0,no_match
BIGBANGTHEORY.xlsx,BigBangTheory,295,The Citation Negation,Series,2018-11-15 00:00:00,The Citation Negation,tv,,tv,,,0.0,no_match
BIGBANGTHEORY.xlsx,BigBangTheory,296,Family Dynamics and a Red Fiero,Series,2018-11-15 00:00:00,Family Dynamics and a Red Fiero,tv,,tv,,,0.0,no_match
BIGBANGTHEORY.xlsx,BigBangTheory,297,The VCR Illumination,Series,2018-12-06 00:00:00,The VCR Illumination,tv,,tv,,,0.0,no_match
BIGBANGTHEORY.xlsx,BigBangTheory,298,A Stunted Childhood and a Can of Fancy Mixed Nuts,Series,2018-12-06 00:00:00,A Stunted Childhood and a Can of Fancy Mixed Nuts,tv,,tv,,,0.0,no_match
BIGBANGTHEORY.xlsx,BigBangTheory,299,The Paintball Scattering,Series,2019-01-03 00:00:00,The Paintball Scattering,tv,,tv,,,0.0,no_match
BIGBANGTHEORY.xlsx,BigBangTheory,300,A Race of Superhumans and a Letter to Alf,Series,2019-01-03 00:00:00,A Race of Superhumans and a Letter to Alf,tv,,tv,,,0.0,no_match
BIGBANGTHEORY.xlsx,BigBangTheory,301,The Propagation Proposition,Series,2019-01-10 00:00:00,The Propagation Proposition,tv,,tv,,,0.0,no_match
BIGBANGTHEORY.xlsx,BigBangTheory,302,A Tummy Ache and a Whale of a Metaphor,Series,2019-01-10 00:00:00,A Tummy Ache and a Whale of a Metaphor,tv,,tv,,,0.0,no_match
BIGBANGTHEORY.xlsx,BigBangTheory,303,The Confirmation Polarization,Series,2019-01-17 00:00:00,The Confirmation Polarization,tv,,tv,,,0.0,no_match
BIGBANGTHEORY.xlsx,BigBangTheory,304,A Nuclear Reactor and a Boy Called Lovey,Series,2019-01-17 00:00:00,A Nuclear Reactor and a Boy Called Lovey,tv,,tv,,,0.0,no_match
BIGBANGTHEORY.xlsx,BigBangTheory,305,The Meteorite Manifestation,Series,2019-01-31 00:00:00,The Meteorite Manifestation,tv,,tv,,,0.0,no_match
BIGBANGTHEORY.xlsx,BigBangTheory,306,"David, Goliath, and a Yoo-hoo from the Back",Series,2019-01-31 00:00:00,"David, Goliath, and a Yoo-hoo from the Back",tv,,tv,,,0.0,no_match
BIGBANGTHEORY.xlsx,BigBangTheory,307,The Donation Oscillation,Series,2019-02-07 00:00:00,The Donation Oscillation,tv,,tv,,,0.0,no_match
BIGBANGTHEORY.xlsx,BigBangTheory,308,A Math Emergency and Perky Palms,Series,2019-02-07 00:00:00,A Math Emergency and Perky Palms,tv,,tv,,,0.0,no_match
BIGBANGTHEORY.xlsx,BigBangTheory,309,The D&D Vortex,Series,2019-02-21 00:00:00,The D&D Vortex,tv,,tv,,,0.0,no_match
BIGBANGTHEORY.xlsx,BigBangTheory,310,A Loaf of Bread and a Grand Old Flag,Series,2019-02-21 00:00:00,A Loaf of Bread and a Grand Old Flag,tv,,tv,,,0.0,no_match
BIGBANGTHEORY.xlsx,BigBangTheory,311,The Conference Valuation,Series,2019-03-07 00:00:00,The Conference Valuation,tv,,tv,,,0.0,no_match
BIGBANGTHEORY.xlsx,BigBangTheory,312,Albert Einstein and the Story of Another Mary,Series,2019-03-07 00:00:00,Albert Einstein and the Story of Another Mary,tv,,tv,,,0.0,no_match
BIGBANGTHEORY.xlsx,BigBangTheory,313,The Laureate Accumulation,Series,2019-04-04 00:00:00,The Laureate Accumulation,tv,,tv,,,0.0,no_match
BIGBANGTHEORY.xlsx,BigBangTheory,314,A Perfect Score and a Bunsen Burner Marshmallow,Series,2019-04-04 00:00:00,A Perfect Score and a Bunsen Burner Marshmallow,tv,,tv,,,0.0,no_match
BIGBANGTHEORY.xlsx,BigBangTheory,315,The Inspiration Deprivation,Series,2019-04-18 00:00:00,The Inspiration Deprivation,tv,,tv,,,0.0,no_match
BIGBANGTHEORY.xlsx,BigBangTheory,316,The Decision Reverberation,Series,2019-04-25 00:00:00,The Decision Reverberation,tv,,tv,,,0.0,no_match
BIGBANGTHEORY.xlsx,BigBangTheory,317,A Political Campaign and a Candy Land Cheater,Series,2019-04-25 00:00:00,A Political Campaign and a Candy Land Cheater,tv,,tv,,,0.0,no_match
BIGBANGTHEORY.xlsx,BigBangTheory,318,The Plagiarism Schism,Series,2019-05-02 00:00:00,The Plagiarism Schism,tv,,tv,,,0.0,no_match
BIGBANGTHEORY.xlsx,BigBangTheory,319,A Proposal and a Popsicle Stick Cross,Series,2019-05-02 00:00:00,A Proposal and a Popsicle Stick Cross,tv,,tv,,,0.0,no_match
BIGBANGTHEORY.xlsx,BigBangTheory,320,The Maternal Conclusion,Series,2019-05-09 00:00:00,The Maternal Conclusion,tv,,tv,,,0.0,no_match
BIGBANGTHEORY.xlsx,BigBangTheory,321,A Broken Heart and a Crock Monster,Series,2019-05-09 00:00:00,A Broken Heart and a Crock Monster,tv,,tv,,,0.0,no_match
BIGBANGTHEORY.xlsx,BigBangTheory,322,The Change Constant,Series,2019-05-16 00:00:00,The Change Constant,tv,,tv,,,0.0,no_match
BIGBANGTHEORY.xlsx,BigBangTheory,323,The Stockholm Syndrome,Series,2019-05-16 00:00:00,The Stockholm Syndrome,tv,,tv,,,0.0,no_match
BIGBANGTHEORY.xlsx,BigBangTheory,324,A Swedish Science Thing and the Equation for Toast,Series,2019-05-16 00:00:00,A Swedish Science Thing and the Equation for Toast,tv,,tv,,,0.0,no_match
BIGBANGTHEORY.xlsx,BigBangTheory,325,Quirky Eggheads and Texas Snow Globes,Series,2019-09-26 00:00:00,Quirky Eggheads and Texas Snow Globes,tv,,tv,,,0.0,no_match
BIGBANGTHEORY.xlsx,BigBangTheory,326,A Broom Closet and Satan's Monopoly Board,Series,2019-10-03 00:00:00,A Broom Closet and Satan's Monopoly Board,tv,,tv,,,0.0,no_match
BIGBANGTHEORY.xlsx,BigBangTheory,327,An Entrepreneurialist and a Swat on the Bottom,Series,2019-10-10 00:00:00,An Entrepreneurialist and a Swat on the Bottom,tv,,tv,,,0.0,no_match
BIGBANGTHEORY.xlsx,BigBangTheory,328,"Hobbitses, Physicses and a Ball with Zip",Series,2019-10-17 00:00:00,"Hobbitses, Physicses and a Ball with Zip",tv,,tv,,,0.0,no_match
BIGBANGTHEORY.xlsx,BigBangTheory,329,A Pineapple and the Bosom of Male Friendship,Series,2019-10-24 00:00:00,A Pineapple and the Bosom of Male Friendship,tv,,tv,,,0.0,no_match
BIGBANGTHEORY.xlsx,BigBangTheory,330,A Parasol and a Hell of an Arm,Series,2019-11-07 00:00:00,A Parasol and a Hell of an Arm,tv,,tv,,,0.0,no_match
BIGBANGTHEORY.xlsx,BigBangTheory,331,Pongo Pygmaeus and a Culture that Encourages Spitting,Series,2019-11-14 00:00:00,Pongo Pygmaeus and a Culture that Encourages Spitting,tv,,tv,,,0.0,no_match
BIGBANGTHEORY.xlsx,BigBangTheory,332,The Sin of Greed and a Chimichanga from Chi-Chi's,Series,2019-11-21 00:00:00,The Sin of Greed and a Chimichanga from Chi-Chi's,tv,,tv,,,0.0,no_match
BIGBANGTHEORY.xlsx,BigBangTheory,333,"A Party Invitation, Football Grapes and an Earth Chicken",Series,2019-12-05 00:00:00,"A Party Invitation, Football Grapes and an Earth Chicken",tv,,tv,,,0.0,no_match
BIGBANGTHEORY.xlsx,BigBangTheory,334,Teenager Soup and a Little Ball of Fib,Series,2019-12-12 00:00:00,Teenager Soup and a Little Ball of Fib,tv,,tv,,,0.0,no_match
BIGBANGTHEORY.xlsx,BigBangTheory,335,"A Live Chicken, a Fried Chicken and Holy Matrimony",Series,2020-01-09 00:00:00,"A Live Chicken, a Fried Chicken and Holy Matrimony",tv,,tv,,,0.0,no_match
BIGBANGTHEORY.xlsx,BigBangTheory,336,Body Glitter and a Mall Safety Kit,Series,2020-01-16 00:00:00,Body Glitter and a Mall Safety Kit,tv,,tv,,,0.0,no_match
BIGBANGTHEORY.xlsx,BigBangTheory,337,"Contracts, Rules and a Little Bit of Pig Brains",Series,2020-01-30 00:00:00,"Contracts, Rules and a Little Bit of Pig Brains",tv,,tv,,,0.0,no_match
BIGBANGTHEORY.xlsx,BigBangTheory,338,"A Slump, a Cross and Roadside Gravel",Series,2020-02-06 00:00:00,"A Slump, a Cross and Roadside Gravel",tv,,tv,,,0.0,no_match
BIGBANGTHEORY.xlsx,BigBangTheory,339,A Boyfriend's Ex-Wife and a Good Luck Head Rub,Series,2020-02-13 00:00:00,A Boyfriend's Ex-Wife and a Good Luck Head Rub,tv,,tv,,,0.0,no_match
BIGBANGTHEORY.xlsx,BigBangTheory,340,Pasadena,Series,2020-02-20 00:00:00,Pasadena,tv,,tv,,,0.0,no_match
BIGBANGTHEORY.xlsx,BigBangTheory,341,An Academic Crime and a More Romantic Taco Bell,Series,2020-03-05 00:00:00,An Academic Crime and a More Romantic Taco Bell,tv,,tv,,,0.0,no_match
BIGBANGTHEORY.xlsx,BigBangTheory,342,A Couple Bruised Ribs and a Cereal Box Ghost Detector,Series,2020-03-12 00:00:00,A Couple Bruised Ribs and a Cereal Box Ghost Detector,tv,,tv,,,0.0,no_match
BIGBANGTHEORY.xlsx,BigBangTheory,343,A House for Sale and Serious Woman Stuff,Series,2020-04-02 00:00:00,A House for Sale and Serious Woman Stuff,tv,,tv,,,0.0,no_match
BIGBANGTHEORY.xlsx,BigBangTheory,344,A Baby Tooth and the Egyptian God of Knowledge,Series,2020-04-16 00:00:00,A Baby Tooth and the Egyptian God of Knowledge,tv,,tv,,,0.0,no_match
BIGBANGTHEORY.xlsx,BigBangTheory,345,A Secret Letter and a Lowly Disc of Processed Meat,Series,2020-04-30 00:00:00,A Secret Letter and a Lowly Disc of Processed Meat,tv,,tv,,,0.0,no_match
BIGBANGTHEORY.xlsx,BigBangTheory,346,Graduation,Series,2020-11-05 00:00:00,Graduation,tv,108985,tv,The Gifted: Graduation,2020-09-06,0.6809,matched
BIGBANGTHEORY.xlsx,BigBangTheory,347,"A Docent, A Little Lady and a Bouncer Named Dalton",Series,2020-11-12 00:00:00,"A Docent, A Little Lady and a Bouncer Named Dalton",tv,,tv,,,0.0,no_match
BIGBANGTHEORY.xlsx,BigBangTheory,348,Training Wheels and an Unleashed Chicken,Series,2020-11-19 00:00:00,Training Wheels and an Unleashed Chicken,tv,,tv,,,0.0,no_match
BIGBANGTHEORY.xlsx,BigBangTheory,349,Bible Camp and a Chariot of Love,Series,2020-12-03 00:00:00,Bible Camp and a Chariot of Love,tv,,tv,,,0.0,no_match
BIGBANGTHEORY.xlsx,BigBangTheory,350,A Musty Crypt and a Stick to Pee On,Series,2020-12-17 00:00:00,A Musty Crypt and a Stick to Pee On,tv,,tv,,,0.0,no_match
BIGBANGTHEORY.xlsx,BigBangTheory,351,Freshman Orientation and the Inventor of the Zipper,Series,2021-01-21 00:00:00,Freshman Orientation and the Inventor of the Zipper,tv,,tv,,,0.0,no_match
BIGBANGTHEORY.xlsx,BigBangTheory,352,A Philosophy Class and Worms That Can Chase You,Series,2021-02-11 00:00:00,A Philosophy Class and Worms That Can Chase You,tv,,tv,,,0.0,no_match
BIGBANGTHEORY.xlsx,BigBangTheory,353,An Existential Crisis and a Bear That Makes Bubbles,Series,2021-02-18 00:00:00,An Existential Crisis and a Bear That Makes Bubbles,tv,,tv,,,0.0,no_match
BIGBANGTHEORY.xlsx,BigBangTheory,354,Crappy Frozen Ice Cream and an Organ Grinder's Monkey,Series,2021-02-25 00:00:00,Crappy Frozen Ice Cream and an Organ Grinder's Monkey,tv,,tv,,,0.0,no_match
BIGBANGTHEORY.xlsx,BigBangTheory,355,Cowboy Aerobics and 473 Grease-Free Bolts,Series,2021-03-04 00:00:00,Cowboy Aerobics and 473 Grease-Free Bolts,tv,,tv,,,0.0,no_match
BIGBANGTHEORY.xlsx,BigBangTheory,356,"A Pager, a Club and a Cranky Bag of Wrinkles",Series,2021-03-11 00:00:00,"A Pager, a Club and a Cranky Bag of Wrinkles",tv,,tv,,,0.0,no_match
BIGBANGTHEORY.xlsx,BigBangTheory,357,A Box of Treasure and the Meemaw of Science,Series,2021-04-01 00:00:00,A Box of Treasure and the Meemaw of Science,tv,,tv,,,0.0,no_match
BIGBANGTHEORY.xlsx,BigBangTheory,358,The Geezer Bus and a New Model for Education,Series,2021-04-08 00:00:00,The Geezer Bus and a New Model for Education,tv,,tv,,,0.0,no_match
BIGBANGTHEORY.xlsx,BigBangTheory,359,Mitch's Son and the Unconditional Approval of a Government Agency,Series,2021-04-15 00:00:00,Mitch's Son and the Unconditional Approval of a Government Agency,tv,,tv,,,0.0,no_match
BIGBANGTHEORY.xlsx,BigBangTheory,360,"A Virus, Heartbreak and a World of Possibilities",Series,2021-04-22 00:00:00,"A Virus, Heartbreak and a World of Possibilities",tv,,tv,,,0.0,no_match
BIGBANGTHEORY.xlsx,BigBangTheory,361,A Second Prodigy and the Hottest Tips for Pouty Lips,Series,2021-04-29 00:00:00,A Second Prodigy and the Hottest Tips for Pouty Lips,tv,,tv,,,0.0,no_match
BIGBANGTHEORY.xlsx,BigBangTheory,362,A Black Hole,Series,2021-05-06 00:00:00,A Black Hole,tv,,tv,,,0.0,no_match
BIGBANGTHEORY.xlsx,BigBangTheory,363,The Wild and Woolly World of Nonlinear Dynamics,Series,2021-05-13 00:00:00,The Wild and Woolly World of Nonlinear Dynamics,tv,,tv,,,0.0,no_match
BIGBANGTHEORY.xlsx,BigBangTheory,364,One Bad Night and Chaos of Selfish Desires,Series,2021-10-07 00:00:00,One Bad Night and Chaos of Selfish Desires,tv,,tv,,,0.0,no_match
BIGBANGTHEORY.xlsx,BigBangTheory,365,Snoopin' Around and the Wonder Twins of Atheism,Series,2021-10-14 00:00:00,Snoopin' Around and the Wonder Twins of Atheism,tv,,tv,,,0.0,no_match
BIGBANGTHEORY.xlsx,BigBangTheory,366,Potential Energy and Hooch on a Park Bench,Series,2021-10-21 00:00:00,Potential Energy and Hooch on a Park Bench,tv,,tv,,,0.0,no_match
BIGBANGTHEORY.xlsx,BigBangTheory,367,Pish Posh and a Secret Back Room,Series,2021-10-28 00:00:00,Pish Posh and a Secret Back Room,tv,,tv,,,0.0,no_match
BIGBANGTHEORY.xlsx,BigBangTheory,368,Stuffed Animals and A Sweet Southern Syzygy,Series,2021-11-04 00:00:00,Stuffed Animals and A Sweet Southern Syzygy,tv,,tv,,,0.0,no_match
BIGBANGTHEORY.xlsx,BigBangTheory,369,Money Laundering and a Cascade of Hormones,Series,2021-11-11 00:00:00,Money Laundering and a Cascade of Hormones,tv,,tv,,,0.0,no_match
BIGBANGTHEORY.xlsx,BigBangTheory,370,An Introduction to Engineering and a Glob of Hair Gel,Series,2021-11-18 00:00:00,An Introduction to Engineering and a Glob of Hair Gel,tv,,tv,,,0.0,no_match
BIGBANGTHEORY.xlsx,BigBangTheory,371,The Grand Chancellor and a Den of Sin,Series,2021-12-02 00:00:00,The Grand Chancellor and a Den of Sin,tv,,tv,,,0.0,no_match
BIGBANGTHEORY.xlsx,BigBangTheory,372,The Yips and an Oddly Hypnotic Bohemian,Series,2021-12-09 00:00:00,The Yips and an Oddly Hypnotic Bohemian,tv,,tv,,,0.0,no_match
BIGBANGTHEORY.xlsx,BigBangTheory,373,An Expensive Glitch and a Goof-Off Room,Series,2022-01-06 00:00:00,An Expensive Glitch and a Goof-Off Room,tv,,tv,,,0.0,no_match
BIGBANGTHEORY.xlsx,BigBangTheory,374,"A Lock-In, a Weather Girl and a Disgusting Habit",Series,2022-01-13 00:00:00,"A Lock-In, a Weather Girl and a Disgusting Habit",tv,,tv,,,0.0,no_match
BIGBANGTHEORY.xlsx,BigBangTheory,375,A Pink Cadillac and a Glorious Tribal Dance,Series,2022-01-20 00:00:00,A Pink Cadillac and a Glorious Tribal Dance,tv,,tv,,,0.0,no_match
BIGBANGTHEORY.xlsx,BigBangTheory,376,A Lot of Band-Aids and the Cooper Surrender,Series,2022-01-27 00:00:00,A Lot of Band-Aids and the Cooper Surrender,tv,,tv,,,0.0,no_match
BIGBANGTHEORY.xlsx,BigBangTheory,377,A Free Scratcher and Feminine Wiles,Series,2022-02-24 00:00:00,A Free Scratcher and Feminine Wiles,tv,,tv,,,0.0,no_match
BIGBANGTHEORY.xlsx,BigBangTheory,378,"A Lobster, an Armadillo and a Way Bigger Number",Series,2022-03-03 00:00:00,"A Lobster, an Armadillo and a Way Bigger Number",tv,,tv,,,0.0,no_match
BIGBANGTHEORY.xlsx,BigBangTheory,379,A Suitcase Full of Cash and a Yellow Clown Car,Series,2022-03-10 00:00:00,A Suitcase Full of Cash and a Yellow Clown Car,tv,,tv,,,0.0,no_match
BIGBANGTHEORY.xlsx,BigBangTheory,380,"A Solo Peanut, a Social Butterfly and the Truth",Series,2022-03-31 00:00:00,"A Solo Peanut, a Social Butterfly and the Truth",tv,,tv,,,0.0,no_match
BIGBANGTHEORY.xlsx,BigBangTheory,381,"Babies, Lies and a Resplendent Cannoli",Series,2022-04-14 00:00:00,"Babies, Lies and a Resplendent Cannoli",tv,,tv,,,0.0,no_match
BIGBANGTHEORY.xlsx,BigBangTheory,382,A God-Fearin' Baptist and a Hot Trophy Husband,Series,2022-04-21 00:00:00,A God-Fearin' Baptist and a Hot Trophy Husband,tv,,tv,,,0.0,no_match
BIGBANGTHEORY.xlsx,BigBangTheory,383,Uncle Sheldon and a Hormonal Firecracker,Series,2022-04-28 00:00:00,Uncle Sheldon and a Hormonal Firecracker,tv,,tv,,,0.0,no_match
BIGBANGTHEORY.xlsx,BigBangTheory,384,"White Trash, Holy Rollers and Punching People",Series,2022-05-12 00:00:00,"White Trash, Holy Rollers and Punching People",tv,,tv,,,0.0,no_match
BIGBANGTHEORY.xlsx,BigBangTheory,385,"A Clogged Pore, a Little Spanish and the Future",Series,2022-05-19 00:00:00,"A Clogged Pore, a Little Spanish and the Future",tv,,tv,,,0.0,no_match
BIGBANGTHEORY.xlsx,BigBangTheory,386,Four Hundred Cartons of Undeclared Cigarettes and a Niblingo,Series,2022-09-29 00:00:00,Four Hundred Cartons of Undeclared Cigarettes and a Niblingo,tv,,tv,,,0.0,no_match
BIGBANGTHEORY.xlsx,BigBangTheory,387,Future Worf and the Margarita of the South Pacific,Series,2022-10-06 00:00:00,Future Worf and the Margarita of the South Pacific,tv,,tv,,,0.0,no_match
BIGBANGTHEORY.xlsx,BigBangTheory,388,Passion's Harvest and a Sheldocracy,Series,2022-10-13 00:00:00,Passion's Harvest and a Sheldocracy,tv,,tv,,,0.0,no_match
BIGBANGTHEORY.xlsx,BigBangTheory,389,Blonde Ambition and the Concept of Zero,Series,2022-10-20 00:00:00,Blonde Ambition and the Concept of Zero,tv,,tv,,,0.0,no_match
BIGBANGTHEORY.xlsx,BigBangTheory,390,A Resident Advisor and the Riviera of the South,Series,2022-10-27 00:00:00,A Resident Advisor and the Riviera of the South,tv,,tv,,,0.0,no_match
BIGBANGTHEORY.xlsx,BigBangTheory,391,"An Ugly Car, an Affair and Some Kickass Football",Series,2022-11-03 00:00:00,"An Ugly Car, an Affair and Some Kickass Football",tv,,tv,,,0.0,no_match
BIGBANGTHEORY.xlsx,BigBangTheory,392,A Tougher Nut and a Note on File,Series,2022-11-10 00:00:00,A Tougher Nut and a Note on File,tv,,tv,,,0.0,no_match
BIGBANGTHEORY.xlsx,BigBangTheory,393,Legalese and a Whole Hoo-Ha,Series,2022-12-08 00:00:00,Legalese and a Whole Hoo-Ha,tv,,tv,,,0.0,no_match
BIGBANGTHEORY.xlsx,BigBangTheory,394,College Dropouts and the Medford Miracle,Series,2023-01-05 00:00:00,College Dropouts and the Medford Miracle,tv,,tv,,,0.0,no_match
BIGBANGTHEORY.xlsx,BigBangTheory,395,Pancake Sunday and Textbook Flirting,Series,2023-01-12 00:00:00,Pancake Sunday and Textbook Flirting,tv,,tv,,,0.0,no_match
BIGBANGTHEORY.xlsx,BigBangTheory,396,"Ruthless, Toothless, and a Week of Bed Rest",Series,2023-02-02 00:00:00,"Ruthless, Toothless, and a Week of Bed Rest",tv,,tv,,,0.0,no_match
BIGBANGTHEORY.xlsx,BigBangTheory,397,A Baby Shower and a Testosterone-Rich Banter,Series,2023-02-09 00:00:00,A Baby Shower and a Testosterone-Rich Banter,tv,,tv,,,0.0,no_match
BIGBANGTHEORY.xlsx,BigBangTheory,398,"A Frat Party, a Sleepover and the Mother of All Blisters",Series,2023-02-16 00:00:00,"A Frat Party, a Sleepover and the Mother of All Blisters",tv,,tv,,,0.0,no_match
BIGBANGTHEORY.xlsx,BigBangTheory,399,A Launch Party and a Whole Human Being,Series,2023-03-02 00:00:00,A Launch Party and a Whole Human Being,tv,,tv,,,0.0,no_match
BIGBANGTHEORY.xlsx,BigBangTheory,400,Teen Angst and a Smart-Boy Walk of Shame,Series,2023-03-09 00:00:00,Teen Angst and a Smart-Boy Walk of Shame,tv,,tv,,,0.0,no_match
BIGBANGTHEORY.xlsx,BigBangTheory,401,A Stolen Truck and Going on the Lam,Series,2023-03-30 00:00:00,A Stolen Truck and Going on the Lam,tv,,tv,,,0.0,no_match
BIGBANGTHEORY.xlsx,BigBangTheory,402,A German Folk Song and an Actual Adult,Series,2023-04-13 00:00:00,A German Folk Song and an Actual Adult,tv,,tv,,,0.0,no_match
BIGBANGTHEORY.xlsx,BigBangTheory,403,Little Green Men and a Fella's Marriage Proposal,Series,2023-04-27 00:00:00,Little Green Men and a Fella's Marriage Proposal,tv,,tv,,,0.0,no_match
BIGBANGTHEORY.xlsx,BigBangTheory,404,A New Weather Girl and a Stay-at-Home Coddler,Series,2023-05-04 00:00:00,A New Weather Girl and a Stay-at-Home Coddler,tv,,tv,,,0.0,no_match
BIGBANGTHEORY.xlsx,BigBangTheory,405,German for Beginners and a Crazy Old Man with a Bat,Series,2023-05-11 00:00:00,German for Beginners and a Crazy Old Man with a Bat,tv,,tv,,,0.0,no_match
BIGBANGTHEORY.xlsx,BigBangTheory,406,A Romantic Getaway and a Germanic Meat-Based Diet,Series,2023-05-18 00:00:00,A Romantic Getaway and a Germanic Meat-Based Diet,tv,,tv,,,0.0,no_match
BIGBANGTHEORY.xlsx,BigBangTheory,407,"A Tornado, a 10-Hour Flight and a Darn Fine Ring",Series,2023-05-18 00:00:00,"A Tornado, a 10-Hour Flight and a Darn Fine Ring",tv,,tv,,,0.0,no_match
BIGBANGTHEORY.xlsx,BigBangTheory,408,A Wiener Schnitzel and Underwear in a Tree,Series,2024-02-15 00:00:00,A Wiener Schnitzel and Underwear in a Tree,tv,,tv,,,0.0,no_match
BIGBANGTHEORY.xlsx,BigBangTheory,409,A Roulette Wheel and a Piano Playing Dog,Series,2024-02-22 00:00:00,A Roulette Wheel and a Piano Playing Dog,tv,,tv,,,0.0,no_match
BIGBANGTHEORY.xlsx,BigBangTheory,410,A Strudel and a Hot American Boy Toy,Series,2024-02-29 00:00:00,A Strudel and a Hot American Boy Toy,tv,,tv,,,0.0,no_match
BIGBANGTHEORY.xlsx,BigBangTheory,411,Ants on a Log and a Cheating Winker,Series,2024-03-07 00:00:00,Ants on a Log and a Cheating Winker,tv,,tv,,,0.0,no_match
BIGBANGTHEORY.xlsx,BigBangTheory,412,A Frankenstein's Monster and a Crazy Church Guy,Series,2024-03-14 00:00:00,A Frankenstein's Monster and a Crazy Church Guy,tv,,tv,,,0.0,no_match
BIGBANGTHEORY.xlsx,BigBangTheory,413,"Baptists, Catholics and an Attempted Drowning",Series,2024-04-04 00:00:00,"Baptists, Catholics and an Attempted Drowning",tv,,tv,,,0.0,no_match
BIGBANGTHEORY.xlsx,BigBangTheory,414,A Proper Wedding and Skeletons in the Closet,Series,2024-04-11 00:00:00,A Proper Wedding and Skeletons in the Closet,tv,,tv,,,0.0,no_match
BIGBANGTHEORY.xlsx,BigBangTheory,415,An Ankle Monitor and a Big Plastic Crap House,Series,2024-04-18 00:00:00,An Ankle Monitor and a Big Plastic Crap House,tv,,tv,,,0.0,no_match
BIGBANGTHEORY.xlsx,BigBangTheory,416,A Fancy Article and a Scholarship for a Baby,Series,2024-04-25 00:00:00,A Fancy Article and a Scholarship for a Baby,tv,,tv,,,0.0,no_match
BIGBANGTHEORY.xlsx,BigBangTheory,417,Community Service and the Key to a Happy Marriage,Series,2024-05-02 00:00:00,Community Service and the Key to a Happy Marriage,tv,,tv,,,0.0,no_match
BIGBANGTHEORY.xlsx,BigBangTheory,418,A Little Snip and Teaching Old Dogs,Series,2024-05-09 00:00:00,A Little Snip and Teaching Old Dogs,tv,,tv,,,0.0,no_match
BIGBANGTHEORY.xlsx,BigBangTheory,419,A New Home and a Traditional Texas Torture,Series,2024-05-09 00:00:00,A New Home and a Traditional Texas Torture,tv,,tv,,,0.0,no_match
BIGBANGTHEORY.xlsx,BigBangTheory,420,Funeral,Series,2024-05-16 00:00:00,Funeral,tv,278469,tv,Mabaso Family Reunion: The Funeral,2024-11-22,0.4762,review
BIGBANGTHEORY.xlsx,BigBangTheory,421,Memoir,Series,2024-05-16 00:00:00,Memoir,tv,,tv,,,0.0,no_match
BIGBANGTHEORY.xlsx,BigBangTheory,422,The 6:10 to Lubbock,Series,2024-10-17 00:00:00,The 6:10 to Lubbock,tv,,tv,,,0.0,no_match
BIGBANGTHEORY.xlsx,BigBangTheory,423,Some New York Nonsense,Series,2024-10-24 00:00:00,Some New York Nonsense,tv,,tv,,,0.0,no_match
BIGBANGTHEORY.xlsx,BigBangTheory,424,"Secrets, Lies and a Chunk of Change",Series,2024-10-31 00:00:00,"Secrets, Lies and a Chunk of Change",tv,,tv,,,0.0,no_match
BIGBANGTHEORY.xlsx,BigBangTheory,425,Todd's Mom,Series,2024-11-07 00:00:00,Todd's Mom,tv,,tv,,,0.0,no_match
BIGBANGTHEORY.xlsx,BigBangTheory,426,Thanksgiving,Series,2024-11-14 00:00:00,Thanksgiving,tv,278430,tv,"Thanksgiving with Kai, Kev, and Druski",2024-11-27,0.5757,review
BIGBANGTHEORY.xlsx,BigBangTheory,427,A Regular Samaritan,Series,2024-12-05 00:00:00,A Regular Samaritan,tv,,tv,,,0.0,no_match
BIGBANGTHEORY.xlsx,BigBangTheory,428,An Old Mustang,Series,2024-12-12 00:00:00,An Old Mustang,tv,,tv,,,0.0,no_match
BIGBANGTHEORY.xlsx,BigBangTheory,429,Diet Crap,Series,2025-01-30 00:00:00,Diet Crap,tv,,tv,,,0.0,no_match
BIGBANGTHEORY.xlsx,BigBangTheory,430,A Tire Convention and the Moral High Ground,Series,2025-02-06 00:00:00,A Tire Convention and the Moral High Ground,tv,,tv,,,0.0,no_match
BIGBANGTHEORY.xlsx,BigBangTheory,431,A House Divided,Series,2025-02-13 00:00:00,A House Divided,tv,,tv,,,0.0,no_match
BIGBANGTHEORY.xlsx,BigBangTheory,432,Working for the Enemy,Series,2025-02-20 00:00:00,Working for the Enemy,tv,,tv,,,0.0,no_match
BIGBANGTHEORY.xlsx,BigBangTheory,433,Typhoid Georgie,Series,2025-02-27 00:00:00,Typhoid Georgie,tv,,tv,,,0.0,no_match
BIGBANGTHEORY.xlsx,BigBangTheory,434,McAllister Auto Loves the Ladies,Series,2025-03-06 00:00:00,McAllister Auto Loves the Ladies,tv,,tv,,,0.0,no_match
BIGBANGTHEORY.xlsx,BigBangTheory,435,A Sportsbook and a Breakup,Series,2025-03-13 00:00:00,A Sportsbook and a Breakup,tv,,tv,,,0.0,no_match
BIGBANGTHEORY.xlsx,BigBangTheory,436,Goddess of the Music Store,Series,2025-04-03 00:00:00,Goddess of the Music Store,tv,,tv,,,0.0,no_match
BIGBANGTHEORY.xlsx,BigBangTheory,437,Baby Fight,Series,2025-04-10 00:00:00,Baby Fight,tv,,tv,,,0.0,no_match
BIGBANGTHEORY.xlsx,BigBangTheory,438,Two Idiots on a Dirt Bike,Series,2025-04-17 00:00:00,Two Idiots on a Dirt Bike,tv,,tv,,,0.0,no_match
BIGBANGTHEORY.xlsx,BigBangTheory,439,TV Money,Series,2025-04-24 00:00:00,TV Money,tv,,tv,,,0.0,no_match
BIGBANGTHEORY.xlsx,BigBangTheory,440,Snitch v. Deadbeat,Series,2025-05-01 00:00:00,Snitch v. Deadbeat,tv,,tv,,,0.0,no_match
BIGBANGTHEORY.xlsx,BigBangTheory,441,Ladies Love Brunch,Series,2025-05-08 00:00:00,Ladies Love Brunch,tv,,tv,,,0.0,no_match
BIGBANGTHEORY.xlsx,BigBangTheory,442,Guilt Boots,Series,2025-05-15 00:00:00,Guilt Boots,tv,,tv,,,0.0,no_match
BIGBANGTHEORY.xlsx,BigBangTheory,443,Big Decisions,Series,2025-05-15 00:00:00,Big Decisions,tv,,tv,,,0.0,no_match
BIGBANGTHEORY.xlsx,BigBangTheory,444,A Tie Breaker and a Huge Mistake,Series,2025-10-16 00:00:00,A Tie Breaker and a Huge Mistake,tv,,tv,,,0.0,no_match
BIGBANGTHEORY.xlsx,BigBangTheory,445,Fan Mail and Old-Timey Organ Music,Series,2025-10-23 00:00:00,Fan Mail and Old-Timey Organ Music,tv,,tv,,,0.0,no_match
BIGBANGTHEORY.xlsx,BigBangTheory,446,A Will and a Dead Man's Wife,Series,2025-10-30 00:00:00,A Will and a Dead Man's Wife,tv,,tv,,,0.0,no_match
BIGBANGTHEORY.xlsx,BigBangTheory,447,Dirty Hands and a Barbed-Wire Fence,Series,2025-11-06 00:00:00,Dirty Hands and a Barbed-Wire Fence,tv,,tv,,,0.0,no_match
BIGBANGTHEORY.xlsx,BigBangTheory,448,A Pregnancy Test and an Old Man's Prostate,Series,2025-11-13 00:00:00,A Pregnancy Test and an Old Man's Prostate,tv,,tv,,,0.0,no_match
BIGBANGTHEORY.xlsx,BigBangTheory,449,Heartbreak and the Refuge of the Downtrodden,Series,2025-11-20 00:00:00,Heartbreak and the Refuge of the Downtrodden,tv,,tv,,,0.0,no_match
ZELDA.xlsx,ZELDA,2,The Legend of Zelda,Video Game,,The Legend of Zelda,movie,1177369,movie,The Legend of Zelda,2027-04-30,0.8359,matched
ZELDA.xlsx,ZELDA,3,Zelda II: The Adventure of Link,Video Game,,Zelda II: The Adventure of Link,movie,,movie,,,0.0,no_match
ZELDA.xlsx,ZELDA,4,The Legend of Zelda: A Link to the Past,Video Game,,The Legend of Zelda: A Link to the Past,movie,1102706,movie,The Legend of Zelda: A Link to the Past,2020-11-09,0.8353,matched
ZELDA.xlsx,ZELDA,5,The Legend of Zelda: Link's Awakening,Video Game,,The Legend of Zelda: Link's Awakening,movie,,movie,,,0.0,no_match
ZELDA.xlsx,ZELDA,6,The Legend of Zelda: Ocarina of Time,Video Game,,The Legend of Zelda: Ocarina of Time,movie,,movie,,,0.0,no_match
ZELDA.xlsx,ZELDA,7,The Legend of Zelda: Link's Awakening DX,Video Game (Remaster),,The Legend of Zelda: Link's Awakening DX,movie,,movie,,,0.0,no_match
ZELDA.xlsx,ZELDA,8,The Legend of Zelda: Majora's Mask,Video Game,,The Legend of Zelda: Majora's Mask,movie,,movie,,,0.0,no_match
ZELDA.xlsx,ZELDA,9,The Legend of Zelda: Oracle of Seasons,Video Game,,The Legend of Zelda: Oracle of Seasons,movie,,movie,,,0.0,no_match
ZELDA.xlsx,ZELDA,10,The Legend of Zelda: Oracle of Ages,Video Game,,The Legend of Zelda: Oracle of Ages,movie,,movie,,,0.0,no_match
ZELDA.xlsx,ZELDA,11,The Legend of Zelda: Four Swords,Video Game,,The Legend of Zelda: Four Swords,movie,,movie,,,0.0,no_match
ZELDA.xlsx,ZELDA,12,The Legend of Zelda: The Wind Waker,Video Game,,The Legend of Zelda: The Wind Waker,movie,,movie,,,0.0,no_match
ZELDA.xlsx,ZELDA,13,The Legend of Zelda: Four Swords Adventures,Video Game,,The Legend of Zelda: Four Swords Adventures,movie,,movie,,,0.0,no_match
ZELDA.xlsx,ZELDA,14,The Legend of Zelda: The Minish Cap,Video Game,,The Legend of Zelda: The Minish Cap,movie,,movie,,,0.0,no_match
ZELDA.xlsx,ZELDA,15,Freshly-Picked Tingle's Rosy Rupeeland,Video Game (Spinoff),,Freshly-Picked Tingle's Rosy Rupeeland,movie,,movie,,,0.0,no_match
ZELDA.xlsx,ZELDA,16,The Legend of Zelda: Twilight Princess,Video Game,,The Legend of Zelda: Twilight Princess,movie,,movie,,,0.0,no_match
ZELDA.xlsx,ZELDA,17,The Legend of Zelda: Phantom Hourglass,Video Game,,The Legend of Zelda: Phantom Hourglass,movie,,movie,,,0.0,no_match
ZELDA.xlsx,ZELDA,18,Link's Crossbow Training,Video Game (Spinoff),,Link's Crossbow Training,movie,,movie,,,0.0,no_match
ZELDA.xlsx,ZELDA,19,The Legend of Zelda: Spirit Tracks,Video Game,,The Legend of Zelda: Spirit Tracks,movie,,movie,,,0.0,no_match
ZELDA.xlsx,ZELDA,20,The Legend of Zelda: Ocarina of Time 3D,Video Game (Remaster),,The Legend of Zelda: Ocarina of Time 3D,movie,,movie,,,0.0,no_match
ZELDA.xlsx,ZELDA,21,The Legend of Zelda: Skyward Sword,Video Game,,The Legend of Zelda: Skyward Sword,movie,,movie,,,0.0,no_match
ZELDA.xlsx,ZELDA,22,The Legend of Zelda: The Wind Waker HD,Video Game (Remaster),,The Legend of Zelda: The Wind Waker HD,movie,,movie,,,0.0,no_match
ZELDA.xlsx,ZELDA,23,The Legend of Zelda: A Link Between Worlds,Video Game,,The Legend of Zelda: A Link Between Worlds,movie,,movie,,,0.0,no_match
ZELDA.xlsx,ZELDA,24,Hyrule Warriors,Video Game,,Hyrule Warriors,movie,,movie,,,0.0,no_match
ZELDA.xlsx,ZELDA,25,The Legend of Zelda: Majora's Mask 3D,Video Game (Remaster),,The Legend of Zelda: Majora's Mask 3D,movie,,movie,,,0.0,no_match
ZELDA.xlsx,ZELDA,26,The Legend of Zelda: Tri Force Heroes,Video Game,,The Legend of Zelda: Tri Force Heroes,movie,,movie,,,0.0,no_match
ZELDA.xlsx,ZELDA,27,Hyrule Warriors Legends,Video Game (Remaster),,Hyrule Warriors Legends,movie,,movie,,,0.0,no_match
ZELDA.xlsx,ZELDA,28,The Legend of Zelda: Twilight Princess HD,Video Game (Remaster),,The Legend of Zelda: Twilight Princess HD,movie,,movie,,,0.0,no_match
ZELDA.xlsx,ZELDA,29,The Legend of Zelda: Breath of the Wild,Video Game,,The Legend of Zelda: Breath of the Wild,movie,446912,movie,The Making of The Legend of Zelda: Breath of the Wild,2017-03-14,0.7256,matched
ZELDA.xlsx,ZELDA,30,Hyrule Warriors: Definitive Edition,Video Game (Remaster),,Hyrule Warriors: Definitive Edition,movie,,movie,,,0.0,no_match
ZELDA.xlsx,ZELDA,31,The Legend of Zelda: Link's Awakening (Remake),Video Game (Remaster),,The Legend of Zelda: Link's Awakening (Remake),movie,,movie,,,0.0,no_match
ZELDA.xlsx,ZELDA,32,Hyrule Warriors: Age of Calamity,Video Game,,Hyrule Warriors: Age of Calamity,movie,,movie,,,0.0,no_match
ZELDA.xlsx,ZELDA,33,The Legend of Zelda: Skyward Sword HD,Video Game (Remaster),,The Legend of Zelda: Skyward Sword HD,movie,,movie,,,0.0,no_match
ZELDA.xlsx,ZELDA,34,The Legend of Zelda: Tears of the Kingdom,Video Game,,The Legend of Zelda: Tears of the Kingdom,movie,,movie,,,0.0,no_match
ZELDA.xlsx,ZELDA,35,The Legend of Zelda: Echoes of Wisdom,Video Game,,The Legend of Zelda: Echoes of Wisdom,movie,,movie,,,0.0,no_match
ZELDA.xlsx,ZELDA,36,Hyrule Warriors: Age of Imprisonment,Video Game,,Hyrule Warriors: Age of Imprisonment,movie,,movie,,,0.0,no_match
